# portID	slaveID	chipID	channelID	tacID	p0	p1	p2	p3	p4	p5	p6	p7	p8
0	0	4	0	0	3.6048342e+03	-3.9151566e+02	1.7650450e+01	-4.3592149e-01	6.5525128e-03	-6.1568673e-05	3.5399401e-07	-1.1409492e-09	1.5804870e-12	0.0000000e+00
0	0	4	0	1	3.5311047e+03	-3.8338489e+02	1.7271433e+01	-4.2619160e-01	6.4017638e-03	-6.0121769e-05	3.4556959e-07	-1.1136727e-09	1.5427964e-12	0.0000000e+00
0	0	4	0	2	3.3915266e+03	-3.6808783e+02	1.6557837e+01	-4.0772036e-01	6.1112293e-03	-5.7274588e-05	3.2856849e-07	-1.0570291e-09	1.4620452e-12	0.0000000e+00
0	0	4	0	3	4.2108071e+03	-4.5175146e+02	2.0175531e+01	-4.9439615e-01	7.3704808e-03	-6.8644382e-05	3.9092129e-07	-1.2470369e-09	1.7084874e-12	0.0000000e+00
0	0	4	1	0	2.0026525e+03	-2.4803983e+02	1.2575758e+01	-3.4635258e-01	5.8109169e-03	-6.1015133e-05	3.9254832e-07	-1.4177630e-09	2.2034228e-12	0.0000000e+00
0	0	4	1	1	2.0902351e+03	-2.5847040e+02	1.3100936e+01	-3.6100206e-01	6.0587176e-03	-6.3621257e-05	4.0921765e-07	-1.4771581e-09	2.2938530e-12	0.0000000e+00
0	0	4	1	2	2.0821165e+03	-2.5568658e+02	1.2859070e+01	-3.5116136e-01	5.8351653e-03	-6.0615650e-05	3.8542467e-07	-1.3745796e-09	2.1079928e-12	0.0000000e+00
0	0	4	1	3	2.2628799e+03	-2.7604074e+02	1.3830775e+01	-3.7704724e-01	6.2563694e-03	-6.4909022e-05	4.1222870e-07	-1.4683722e-09	2.2489736e-12	0.0000000e+00
0	0	4	2	0	4.0900254e+03	-5.1794073e+02	2.7329498e+01	-7.9116571e-01	1.3921211e-02	-1.5284262e-04	1.0246549e-06	-3.8422363e-09	6.1792403e-12	0.0000000e+00
0	0	4	2	1	3.5996833e+03	-4.5170767e+02	2.3562490e+01	-6.7328763e-01	1.1698862e-02	-1.2695519e-04	8.4230777e-07	-3.1302838e-09	4.9963375e-12	0.0000000e+00
0	0	4	2	2	3.7086924e+03	-4.6800241e+02	2.4577356e+01	-7.0774895e-01	1.2396687e-02	-1.3560335e-04	9.0658136e-07	-3.3931919e-09	5.4512289e-12	0.0000000e+00
0	0	4	2	3	3.4489456e+03	-4.2942654e+02	2.2208710e+01	-6.2890428e-01	1.0831103e-02	-1.1652314e-04	7.6659705e-07	-2.8256995e-09	4.4745418e-12	0.0000000e+00
0	0	4	3	0	3.1357820e+03	-3.3321002e+02	1.4617460e+01	-3.4954646e-01	5.0796103e-03	-4.6124882e-05	2.5643504e-07	-8.0035045e-10	1.0756859e-12	0.0000000e+00
0	0	4	3	1	3.8606335e+03	-4.1820755e+02	1.8823769e+01	-4.6428141e-01	6.9677834e-03	-6.5356609e-05	3.7509002e-07	-1.2067551e-09	1.6687491e-12	0.0000000e+00
0	0	4	3	2	3.9288787e+03	-4.2493613e+02	1.9101702e+01	-4.7059551e-01	7.0540952e-03	-6.6083645e-05	3.7876987e-07	-1.2169460e-09	1.6804790e-12	0.0000000e+00
0	0	4	3	3	3.4512163e+03	-3.6964282e+02	1.6401287e+01	-3.9789724e-01	5.8704657e-03	-5.4116936e-05	3.0521292e-07	-9.6501007e-10	1.3115740e-12	0.0000000e+00
0	0	4	4	0	4.1348877e+03	-4.3587314e+02	1.9145496e+01	-4.6170330e-01	6.7781718e-03	-6.2231789e-05	3.4984711e-07	-1.1033627e-09	1.4969266e-12	0.0000000e+00
0	0	4	4	1	4.2177520e+03	-4.4467365e+02	1.9542768e+01	-4.7167215e-01	6.9302493e-03	-6.3677049e-05	3.5821373e-07	-1.1303850e-09	1.5342820e-12	0.0000000e+00
0	0	4	4	2	4.3508438e+03	-4.5849213e+02	2.0154955e+01	-4.8684159e-01	7.1604159e-03	-6.5869186e-05	3.7102120e-07	-1.1723709e-09	1.5934351e-12	0.0000000e+00
0	0	4	4	3	3.5441401e+03	-3.6684473e+02	1.5754991e+01	-3.7021893e-01	5.2903360e-03	-4.7256919e-05	2.5851514e-07	-7.9394857e-10	1.0500493e-12	0.0000000e+00
0	0	4	5	0	3.2302720e+03	-3.6149115e+02	1.6788834e+01	-4.2713067e-01	6.6135214e-03	-6.4006264e-05	3.7899585e-07	-1.2577215e-09	1.7933233e-12	0.0000000e+00
0	0	4	5	1	3.2538408e+03	-3.6342670e+02	1.6847895e+01	-4.2788032e-01	6.6135456e-03	-6.3895670e-05	3.7769678e-07	-1.2513294e-09	1.7813440e-12	0.0000000e+00
0	0	4	5	2	3.4164463e+03	-3.8149777e+02	1.7701195e+01	-4.5029363e-01	6.9720452e-03	-6.7476285e-05	3.9953699e-07	-1.3258213e-09	1.8902813e-12	0.0000000e+00
0	0	4	5	3	3.9638162e+03	-4.4771259e+02	2.1115450e+01	-5.4821783e-01	8.6787539e-03	-8.5980770e-05	5.2144571e-07	-1.7722999e-09	2.5869814e-12	0.0000000e+00
0	0	4	6	0	2.0191310e+03	-2.2448445e+02	1.0246943e+01	-2.5425243e-01	3.8389768e-03	-3.6243233e-05	2.0952075e-07	-6.7978811e-10	9.4920003e-13	0.0000000e+00
0	0	4	6	1	1.9968569e+03	-2.2183372e+02	1.0113280e+01	-2.5053322e-01	3.7764078e-03	-3.5591169e-05	2.0540423e-07	-6.6536837e-10	9.2769705e-13	0.0000000e+00
0	0	4	6	2	2.0305387e+03	-2.2639058e+02	1.0376307e+01	-2.5896072e-01	3.9390028e-03	-3.7520200e-05	2.1914784e-07	-7.1920575e-10	1.0166723e-12	0.0000000e+00
0	0	4	6	3	1.8188373e+03	-2.0037320e+02	9.0360641e+00	-2.2111437e-01	3.2947443e-03	-3.0721880e-05	1.7557400e-07	-5.6369276e-10	7.7958533e-13	0.0000000e+00
0	0	4	7	0	2.6225774e+03	-2.8931555e+02	1.3182395e+01	-3.2785746e-01	4.9599055e-03	-4.6870860e-05	2.7081657e-07	-8.7645063e-10	1.2180090e-12	0.0000000e+00
0	0	4	7	1	2.6362122e+03	-2.8936542e+02	1.3114617e+01	-3.2426679e-01	4.8743384e-03	-4.5746790e-05	2.6240289e-07	-8.4277446e-10	1.1620095e-12	0.0000000e+00
0	0	4	7	2	2.7302341e+03	-2.9936609e+02	1.3566419e+01	-3.3563405e-01	5.0487122e-03	-4.7418776e-05	2.7220003e-07	-8.7488455e-10	1.2071304e-12	0.0000000e+00
0	0	4	7	3	2.1610610e+03	-2.3680109e+02	1.0652512e+01	-2.6054326e-01	3.8751310e-03	-3.6005233e-05	2.0460662e-07	-6.5156242e-10	8.9138695e-13	0.0000000e+00
0	0	4	8	0	2.0297443e+03	-2.4827060e+02	1.2452398e+01	-3.3971921e-01	5.6419866e-03	-5.8567162e-05	3.7187826e-07	-1.3229218e-09	2.0208761e-12	0.0000000e+00
0	0	4	8	1	1.9870056e+03	-2.4318219e+02	1.2194444e+01	-3.3246681e-01	5.5180425e-03	-5.7246820e-05	3.6330272e-07	-1.2918195e-09	1.9725688e-12	0.0000000e+00
0	0	4	8	2	2.0176627e+03	-2.4683549e+02	1.2379005e+01	-3.3769313e-01	5.6085130e-03	-5.8225782e-05	3.6976400e-07	-1.3156011e-09	2.0099714e-12	0.0000000e+00
0	0	4	8	3	2.4069871e+03	-2.9196588e+02	1.4595976e+01	-3.9820173e-01	6.6136084e-03	-6.8649322e-05	4.3577941e-07	-1.5493792e-09	2.3648774e-12	0.0000000e+00
0	0	4	9	0	3.0044419e+03	-3.3205939e+02	1.5151363e+01	-3.7755138e-01	5.7225837e-03	-5.4189146e-05	3.1380526e-07	-1.0180469e-09	1.4184422e-12	0.0000000e+00
0	0	4	9	1	2.9950444e+03	-3.3037228e+02	1.5040706e+01	-3.7385836e-01	5.6515723e-03	-5.3369204e-05	3.0819106e-07	-9.9704478e-10	1.3853915e-12	0.0000000e+00
0	0	4	9	2	3.1127236e+03	-3.4276727e+02	1.5595627e+01	-3.8771302e-01	5.8627576e-03	-5.5384156e-05	3.1995444e-07	-1.0354942e-09	1.4393056e-12	0.0000000e+00
0	0	4	9	3	3.1630813e+03	-3.4610651e+02	1.5654923e+01	-3.8700008e-01	5.8192518e-03	-5.4665848e-05	3.1403334e-07	-1.0105921e-09	1.3966892e-12	0.0000000e+00
0	0	4	10	0	3.0427874e+03	-3.1749423e+02	1.3689787e+01	-3.2192793e-01	4.6022143e-03	-4.1120707e-05	2.2495539e-07	-6.9067935e-10	9.1272899e-13	0.0000000e+00
0	0	4	10	1	3.0235305e+03	-3.1586417e+02	1.3632692e+01	-3.2087213e-01	4.5912908e-03	-4.1061303e-05	2.2484313e-07	-6.9099027e-10	9.1399880e-13	0.0000000e+00
0	0	4	10	2	2.9352559e+03	-3.0640750e+02	1.3204468e+01	-3.1017068e-01	4.4291592e-03	-3.9531256e-05	2.1603422e-07	-6.6262990e-10	8.7482484e-13	0.0000000e+00
0	0	4	10	3	2.1941604e+03	-2.2263892e+02	9.2125711e+00	-2.0532215e-01	2.7646248e-03	-2.3133818e-05	1.1790243e-07	-3.3564787e-10	4.0935351e-13	0.0000000e+00
0	0	4	11	0	3.4400261e+03	-3.4477698e+02	1.4330484e+01	-3.2607287e-01	4.5162421e-03	-3.9101651e-05	2.0713270e-07	-6.1496053e-10	7.8445253e-13	0.0000000e+00
0	0	4	11	1	3.4562542e+03	-3.4621964e+02	1.4386077e+01	-3.2730049e-01	4.5331707e-03	-3.9250659e-05	2.0794728e-07	-6.1747868e-10	7.8781345e-13	0.0000000e+00
0	0	4	11	2	3.5347051e+03	-3.5364929e+02	1.4685482e+01	-3.3405429e-01	4.6265200e-03	-4.0060848e-05	2.1226198e-07	-6.3037603e-10	8.0439073e-13	0.0000000e+00
0	0	4	11	3	3.3645593e+03	-3.4039722e+02	1.4321712e+01	-3.3107081e-01	4.6738544e-03	-4.1345116e-05	2.2407551e-07	-6.8085820e-10	8.8847045e-13	0.0000000e+00
0	0	4	12	0	3.5677896e+03	-3.6399536e+02	1.5439099e+01	-3.5884902e-01	5.0759106e-03	-4.4881850e-05	2.4284535e-07	-7.3662354e-10	9.6035777e-13	0.0000000e+00
0	0	4	12	1	3.7242297e+03	-3.8017670e+02	1.6148968e+01	-3.7613985e-01	5.3319652e-03	-4.7246078e-05	2.5615799e-07	-7.7848539e-10	1.0167301e-12	0.0000000e+00
0	0	4	12	2	3.7475405e+03	-3.8184335e+02	1.6191780e+01	-3.7654644e-01	5.3299423e-03	-4.7164431e-05	2.5539813e-07	-7.7529455e-10	1.0115109e-12	0.0000000e+00
0	0	4	12	3	3.2042551e+03	-3.2366266e+02	1.3565906e+01	-3.1123382e-01	4.3477505e-03	-3.7994763e-05	2.0336107e-07	-6.1076882e-10	7.8912945e-13	0.0000000e+00
0	0	4	13	0	2.3723384e+03	-2.4871617e+02	1.0706520e+01	-2.5081253e-01	3.5737650e-03	-3.1815842e-05	1.7325267e-07	-5.2873811e-10	6.9331108e-13	0.0000000e+00
0	0	4	13	1	2.3888813e+03	-2.5016347e+02	1.0757856e+01	-2.5175387e-01	3.5830289e-03	-3.1858457e-05	1.7325578e-07	-5.2802407e-10	6.9140982e-13	0.0000000e+00
0	0	4	13	2	2.3701985e+03	-2.4812939e+02	1.0664883e+01	-2.4945544e-01	3.5490964e-03	-3.1550167e-05	1.7156364e-07	-5.2286925e-10	6.8471059e-13	0.0000000e+00
0	0	4	13	3	2.5308193e+03	-2.6336264e+02	1.1275364e+01	-2.6306149e-01	3.7335749e-03	-3.3109947e-05	1.7959982e-07	-5.4594151e-10	7.1298295e-13	0.0000000e+00
0	0	4	14	0	2.6232747e+03	-2.7422397e+02	1.1825845e+01	-2.7828386e-01	3.9837295e-03	-3.5638684e-05	1.9507689e-07	-5.9868643e-10	7.8990503e-13	0.0000000e+00
0	0	4	14	1	3.0724131e+03	-3.2034525e+02	1.3839025e+01	-3.2713678e-01	4.7054128e-03	-4.2293741e-05	2.3254320e-07	-7.1659351e-10	9.4894427e-13	0.0000000e+00
0	0	4	14	2	3.1596382e+03	-3.2573660e+02	1.3904593e+01	-3.2408425e-01	4.5822482e-03	-4.0349321e-05	2.1659929e-07	-6.4956973e-10	8.3472210e-13	0.0000000e+00
0	0	4	14	3	3.4246692e+03	-3.5398676e+02	1.5197750e+01	-3.5762414e-01	5.1214648e-03	-4.5834273e-05	2.5090563e-07	-7.6967499e-10	1.0144315e-12	0.0000000e+00
0	0	4	15	0	1.3291149e+03	-1.4679515e+02	6.5736217e+00	-1.5914248e-01	2.3553551e-03	-2.1900674e-05	1.2520522e-07	-4.0290338e-10	5.5879466e-13	0.0000000e+00
0	0	4	15	1	1.8495068e+03	-2.0225229e+02	9.0543852e+00	-2.2000065e-01	3.2513333e-03	-3.0017614e-05	1.6946674e-07	-5.3595611e-10	7.2786249e-13	0.0000000e+00
0	0	4	15	2	1.8463027e+03	-2.0098311e+02	8.9533710e+00	-2.1637449e-01	3.1793958e-03	-2.9175628e-05	1.6366954e-07	-5.1422383e-10	6.9362842e-13	0.0000000e+00
0	0	4	15	3	1.7704993e+03	-1.9208434e+02	8.5167370e+00	-2.0472096e-01	2.9928752e-03	-2.7333257e-05	1.5265421e-07	-4.7763715e-10	6.4178946e-13	0.0000000e+00
0	0	4	16	0	2.6104001e+03	-3.2348193e+02	1.6538448e+01	-4.6125832e-01	7.8265779e-03	-8.2965846e-05	5.3779570e-07	-1.9528767e-09	3.0455807e-12	0.0000000e+00
0	0	4	16	1	2.6941948e+03	-3.3381744e+02	1.7079628e+01	-4.7701469e-01	8.1058610e-03	-8.6056061e-05	5.5866565e-07	-2.0316258e-09	3.1728533e-12	0.0000000e+00
0	0	4	16	2	2.6988130e+03	-3.3389075e+02	1.7062389e+01	-4.7605714e-01	8.0829542e-03	-8.5754706e-05	5.5639589e-07	-2.0224236e-09	3.1572505e-12	0.0000000e+00
0	0	4	16	3	2.2622690e+03	-2.7904404e+02	1.4145889e+01	-3.9035878e-01	6.5569351e-03	-6.8854562e-05	4.4246798e-07	-1.5940734e-09	2.4681884e-12	0.0000000e+00
0	0	4	17	0	1.4305328e+03	-1.7639003e+02	8.8139038e+00	-2.3748100e-01	3.8947694e-03	-3.9955354e-05	2.5110745e-07	-8.8614216e-10	1.3461905e-12	0.0000000e+00
0	0	4	17	1	1.4486173e+03	-1.7845129e+02	8.9128313e+00	-2.4013321e-01	3.9381552e-03	-4.0398918e-05	2.5387584e-07	-8.9579127e-10	1.3605896e-12	0.0000000e+00
0	0	4	17	2	1.4808142e+03	-1.8221504e+02	9.1000700e+00	-2.4534541e-01	4.0268144e-03	-4.1342275e-05	2.6000498e-07	-9.1801072e-10	1.3949978e-12	0.0000000e+00
0	0	4	17	3	1.3330088e+03	-1.6280405e+02	8.0283546e+00	-2.1290711e-01	3.4352632e-03	-3.4663561e-05	2.1427040e-07	-7.4383305e-10	1.1118413e-12	0.0000000e+00
0	0	4	18	0	2.2621978e+03	-2.3784276e+02	1.0291738e+01	-2.4248360e-01	3.4767094e-03	-3.1170908e-05	1.7113865e-07	-5.2735621e-10	6.9938201e-13	0.0000000e+00
0	0	4	18	1	2.2767288e+03	-2.3923775e+02	1.0349475e+01	-2.4384263e-01	3.4965458e-03	-3.1354539e-05	1.7218844e-07	-5.3073562e-10	7.0406680e-13	0.0000000e+00
0	0	4	18	2	2.3589712e+03	-2.4727718e+02	1.0681282e+01	-2.5144532e-01	3.6026021e-03	-3.2279393e-05	1.7712325e-07	-5.4549087e-10	7.2302011e-13	0.0000000e+00
0	0	4	18	3	2.2892588e+03	-2.3861914e+02	1.0236614e+01	-2.3909284e-01	3.3973809e-03	-3.0177885e-05	1.6410482e-07	-5.0070681e-10	6.5732359e-13	0.0000000e+00
0	0	4	19	0	3.0411394e+03	-3.2358228e+02	1.4285106e+01	-3.4551245e-01	5.0894134e-03	-4.6874156e-05	2.6415728e-07	-8.3426804e-10	1.1318832e-12	0.0000000e+00
0	0	4	19	1	3.0423887e+03	-3.2338086e+02	1.4261794e+01	-3.4461412e-01	5.0715408e-03	-4.6670175e-05	2.6280807e-07	-8.2945506e-10	1.1247189e-12	0.0000000e+00
0	0	4	19	2	3.1750776e+03	-3.3672241e+02	1.4833573e+01	-3.5832343e-01	5.2728178e-03	-4.8524322e-05	2.7327926e-07	-8.6261565e-10	1.1698290e-12	0.0000000e+00
0	0	4	19	3	3.0870952e+03	-3.2499683e+02	1.4197586e+01	-3.3980921e-01	4.9525234e-03	-4.5127090e-05	2.5158283e-07	-7.8599344e-10	1.0548682e-12	0.0000000e+00
0	0	4	20	0	3.1619067e+03	-3.7408173e+02	1.8410124e+01	-4.9665618e-01	8.1531573e-03	-8.3629115e-05	5.2457733e-07	-1.8432468e-09	2.7815408e-12	0.0000000e+00
0	0	4	20	1	3.0450442e+03	-3.5911966e+02	1.7597717e+01	-4.7221556e-01	7.7072126e-03	-7.8570512e-05	4.8969247e-07	-1.7093320e-09	2.5621115e-12	0.0000000e+00
0	0	4	20	2	2.9951499e+03	-3.5342728e+02	1.7323195e+01	-4.6491084e-01	7.5896191e-03	-7.7395875e-05	4.8257090e-07	-1.6853322e-09	2.5276419e-12	0.0000000e+00
0	0	4	20	3	2.9074526e+03	-3.3926306e+02	1.6428858e+01	-4.3521285e-01	7.0101260e-03	-7.0508941e-05	4.3349294e-07	-1.4924671e-09	2.2062545e-12	0.0000000e+00
0	0	4	21	0	1.9216625e+03	-2.3322429e+02	1.1542233e+01	-3.0958825e-01	5.0461981e-03	-5.1352323e-05	3.1945254e-07	-1.1131494e-09	1.6657822e-12	0.0000000e+00
0	0	4	21	1	2.0903582e+03	-2.5282816e+02	1.2509023e+01	-3.3610520e-01	5.4891175e-03	-5.5971854e-05	3.4887009e-07	-1.2178680e-09	1.8255486e-12	0.0000000e+00
0	0	4	21	2	1.9203340e+03	-2.3262991e+02	1.1491828e+01	-3.0777079e-01	5.0104805e-03	-5.0939434e-05	3.1663913e-07	-1.1026642e-09	1.6492793e-12	0.0000000e+00
0	0	4	21	3	1.8501625e+03	-2.2282570e+02	1.0921182e+01	-2.8972977e-01	4.6693278e-03	-4.6971028e-05	2.8879279e-07	-9.9448838e-10	1.4706016e-12	0.0000000e+00
0	0	4	22	0	3.2000466e+03	-3.6433807e+02	1.7190485e+01	-4.4376022e-01	6.9657397e-03	-6.8293200e-05	4.0939094e-07	-1.3747216e-09	1.9825901e-12	0.0000000e+00
0	0	4	22	1	2.8584585e+03	-3.2586896e+02	1.5356977e+01	-3.9537734e-01	6.1907531e-03	-6.0560276e-05	3.6235255e-07	-1.2149295e-09	1.7500760e-12	0.0000000e+00
0	0	4	22	2	2.8498215e+03	-3.2458292e+02	1.5282253e+01	-3.9311492e-01	6.1506187e-03	-6.0126258e-05	3.5952999e-07	-1.2047697e-09	1.7345146e-12	0.0000000e+00
0	0	4	22	3	2.8292771e+03	-3.2127850e+02	1.5084367e+01	-3.8708761e-01	6.0442239e-03	-5.8991132e-05	3.5229459e-07	-1.1793521e-09	1.6966068e-12	0.0000000e+00
0	0	4	23	0	3.0162671e+03	-3.1178473e+02	1.3362087e+01	-3.1352881e-01	4.4804951e-03	-4.0043771e-05	2.1905150e-07	-6.7176692e-10	8.8527531e-13	0.0000000e+00
0	0	4	23	1	2.1001829e+03	-2.1622733e+02	9.1305857e+00	-2.0953105e-01	2.9266682e-03	-2.5569318e-05	1.3682381e-07	-4.1089609e-10	5.3086073e-13	0.0000000e+00
0	0	4	23	2	2.0789263e+03	-2.1413516e+02	9.0513296e+00	-2.0810254e-01	2.9152944e-03	-2.5571824e-05	1.3751843e-07	-4.1539652e-10	5.4021186e-13	0.0000000e+00
0	0	4	23	3	2.8432146e+03	-2.9023895e+02	1.2260678e+01	-2.8317285e-01	3.9820522e-03	-3.5016801e-05	1.8847945e-07	-5.6882193e-10	7.3783265e-13	0.0000000e+00
0	0	4	24	0	2.7419995e+03	-3.1740741e+02	1.5179454e+01	-3.9668053e-01	6.3080378e-03	-6.2684987e-05	3.8102363e-07	-1.2977824e-09	1.8989261e-12	0.0000000e+00
0	0	4	24	1	2.7443494e+03	-3.1785486e+02	1.5211117e+01	-3.9782959e-01	6.3319886e-03	-6.2984203e-05	3.8323552e-07	-1.3066961e-09	1.9140137e-12	0.0000000e+00
0	0	4	24	2	2.8098552e+03	-3.2431387e+02	1.5476103e+01	-4.0377441e-01	6.4114826e-03	-6.3629072e-05	3.8629773e-07	-1.3142811e-09	1.9210581e-12	0.0000000e+00
0	0	4	24	3	2.7401274e+03	-3.1575162e+02	1.5039476e+01	-3.9171034e-01	6.2121330e-03	-6.1599931e-05	3.7380943e-07	-1.2716018e-09	1.8588295e-12	0.0000000e+00
0	0	4	25	0	3.6164265e+03	-4.1295432e+02	1.9547375e+01	-5.0617766e-01	7.9666181e-03	-7.8295321e-05	4.7045683e-07	-1.5836263e-09	2.2898916e-12	0.0000000e+00
0	0	4	25	1	4.4109155e+03	-5.0537427e+02	2.4100603e+01	-6.3041735e-01	1.0023531e-02	-9.9492776e-05	6.0349930e-07	-2.0494688e-09	2.9878628e-12	0.0000000e+00
0	0	4	25	2	3.7291375e+03	-4.2561560e+02	2.0151125e+01	-5.2220017e-01	8.2256738e-03	-8.0911865e-05	4.8659973e-07	-1.6393161e-09	2.3722506e-12	0.0000000e+00
0	0	4	25	3	3.7301304e+03	-4.2324887e+02	1.9923986e+01	-5.1333052e-01	8.0388514e-03	-7.8612109e-05	4.7001180e-07	-1.5742445e-09	2.2649497e-12	0.0000000e+00
0	0	4	26	0	4.0886414e+03	-4.3650247e+02	1.9407711e+01	-4.7394100e-01	7.0457584e-03	-6.5473352e-05	3.7219141e-07	-1.1855038e-09	1.6220357e-12	0.0000000e+00
0	0	4	26	1	4.1135522e+03	-4.3850610e+02	1.9470449e+01	-4.7487113e-01	7.0507927e-03	-6.5439926e-05	3.7155613e-07	-1.1821063e-09	1.6155854e-12	0.0000000e+00
0	0	4	26	2	4.3984976e+03	-4.6858411e+02	2.0820778e+01	-5.0861901e-01	7.5648492e-03	-7.0332491e-05	4.0000410e-07	-1.2746115e-09	1.7445403e-12	0.0000000e+00
0	0	4	26	3	4.2361558e+03	-4.4766724e+02	1.9718298e+01	-4.7727299e-01	7.0334431e-03	-6.4793356e-05	3.6515064e-07	-1.1530605e-09	1.5640521e-12	0.0000000e+00
0	0	4	27	0	1.4041100e+03	-1.6589792e+02	7.9131589e+00	-2.0341566e-01	3.1878673e-03	-3.1298950e-05	1.8851669e-07	-6.3830297e-10	9.3116010e-13	0.0000000e+00
0	0	4	27	1	1.3163289e+03	-1.5572818e+02	7.4119134e+00	-1.8971571e-01	2.9603734e-03	-2.8945176e-05	1.7367304e-07	-5.8604471e-10	8.5239010e-13	0.0000000e+00
0	0	4	27	2	1.3453925e+03	-1.5906149e+02	7.5750093e+00	-1.9418004e-01	3.0350569e-03	-2.9727662e-05	1.7868902e-07	-6.0403332e-10	8.8003541e-13	0.0000000e+00
0	0	4	27	3	1.5448066e+03	-1.8088696e+02	8.5919456e+00	-2.2070488e-01	3.4585125e-03	-3.3965895e-05	2.0466490e-07	-6.9318928e-10	1.0113146e-12	0.0000000e+00
0	0	4	28	0	2.5306570e+03	-2.3679492e+02	9.1523991e+00	-1.9319005e-01	2.4822021e-03	-1.9933099e-05	9.7913770e-08	-2.6948857e-10	3.1857955e-13	0.0000000e+00
0	0	4	28	1	2.5233423e+03	-2.3599767e+02	9.1166925e+00	-1.9232874e-01	2.4698062e-03	-1.9823445e-05	9.7328140e-08	-2.6775399e-10	3.1639144e-13	0.0000000e+00
0	0	4	28	2	2.4596282e+03	-2.3005740e+02	8.8811865e+00	-1.8715562e-01	2.4008229e-03	-1.9250745e-05	9.4432600e-08	-2.5958802e-10	3.0653927e-13	0.0000000e+00
0	0	4	28	3	2.5185728e+03	-2.3480197e+02	9.0443211e+00	-1.9035530e-01	2.4399757e-03	-1.9556950e-05	9.5923767e-08	-2.6370525e-10	3.1145748e-13	0.0000000e+00
0	0	4	29	0	1.2001926e+03	-1.2118483e+02	4.8719368e+00	-1.0486619e-01	1.3745979e-03	-1.1279900e-05	5.6739680e-08	-1.6027742e-10	1.9479932e-13	0.0000000e+00
0	0	4	29	1	2.3289312e+03	-2.2399127e+02	8.8386955e+00	-1.8981047e-01	2.4808948e-03	-2.0271062e-05	1.0136189e-07	-2.8416211e-10	3.4238145e-13	0.0000000e+00
0	0	4	29	2	2.7058621e+03	-2.5822583e+02	1.0164590e+01	-2.1830562e-01	2.8523293e-03	-2.3278642e-05	1.1614154e-07	-3.2448491e-10	3.8917318e-13	0.0000000e+00
0	0	4	29	3	2.4820754e+03	-2.3901018e+02	9.4663591e+00	-2.0423260e-01	2.6783894e-03	-2.1918888e-05	1.0954949e-07	-3.0633746e-10	3.6746057e-13	0.0000000e+00
0	0	4	30	0	2.0607642e+03	-2.2593082e+02	1.0198709e+01	-2.5060624e-01	3.7448974e-03	-3.4953297e-05	1.9947242e-07	-6.3769928e-10	8.7558791e-13	0.0000000e+00
0	0	4	30	1	2.0218131e+03	-2.2165178e+02	1.0000715e+01	-2.4555327e-01	3.6668079e-03	-3.4202902e-05	1.9508251e-07	-6.2337158e-10	8.5557570e-13	0.0000000e+00
0	0	4	30	2	2.1841462e+03	-2.3895117e+02	1.0783607e+01	-2.6525936e-01	3.9688498e-03	-3.7092912e-05	2.1196112e-07	-6.7845546e-10	9.3258875e-13	0.0000000e+00
0	0	4	30	3	2.6061270e+03	-2.8376657e+02	1.2799977e+01	-3.1561303e-01	4.7329324e-03	-4.4317658e-05	2.5358989e-07	-8.1227775e-10	1.1166031e-12	0.0000000e+00
0	0	4	31	0	3.0200762e+03	-3.4405750e+02	1.6225882e+01	-4.1855672e-01	6.5700389e-03	-6.4444284e-05	3.8662444e-07	-1.2995856e-09	1.8763855e-12	0.0000000e+00
0	0	4	31	1	3.0435247e+03	-3.4658597e+02	1.6341412e+01	-4.2147413e-01	6.6145058e-03	-6.4863460e-05	3.8901294e-07	-1.3071172e-09	1.8864673e-12	0.0000000e+00
0	0	4	31	2	2.7490850e+03	-3.1262964e+02	1.4682502e+01	-3.7659445e-01	5.8771460e-03	-5.7311721e-05	3.4182889e-07	-1.1423534e-09	1.6398536e-12	0.0000000e+00
0	0	4	31	3	2.6853806e+03	-3.0421527e+02	1.4225943e+01	-3.6326507e-01	5.6454125e-03	-5.4837768e-05	3.2589983e-07	-1.0855328e-09	1.5535712e-12	0.0000000e+00
0	0	4	32	0	8.3267682e+02	-9.7565323e+01	4.5162573e+00	-1.1140583e-01	1.6759852e-03	-1.5796091e-05	9.1307506e-08	-2.9660965e-10	4.1494371e-13	0.0000000e+00
0	0	4	32	1	8.3984760e+02	-9.8454056e+01	4.5617528e+00	-1.1266411e-01	1.6966525e-03	-1.6003432e-05	9.2552902e-08	-3.0071912e-10	4.2066573e-13	0.0000000e+00
0	0	4	32	2	7.6283447e+02	-8.9188522e+01	4.0925293e+00	-9.9602066e-02	1.4772334e-03	-1.3719735e-05	7.8133311e-08	-2.5008817e-10	3.4479841e-13	0.0000000e+00
0	0	4	32	3	5.5507983e+02	-6.5193687e+01	2.9190676e+00	-6.7983203e-02	9.6288760e-04	-8.5367710e-06	4.6459181e-08	-1.4247581e-10	1.8879738e-13	0.0000000e+00
0	0	4	33	0	2.5036443e+03	-2.7809802e+02	1.2750316e+01	-3.1912607e-01	4.8652063e-03	-4.6405952e-05	2.7110096e-07	-8.8864438e-10	1.2529116e-12	0.0000000e+00
0	0	4	33	1	2.4771179e+03	-2.7509579e+02	1.2605929e+01	-3.1527090e-01	4.8027039e-03	-4.5775309e-05	2.6722995e-07	-8.7541546e-10	1.2336182e-12	0.0000000e+00
0	0	4	33	2	2.3920056e+03	-2.6533539e+02	1.2133754e+01	-3.0269122e-01	4.6001878e-03	-4.3752349e-05	2.5495243e-07	-8.3391788e-10	1.1736732e-12	0.0000000e+00
0	0	4	33	3	2.5621008e+03	-2.8281717e+02	1.2898551e+01	-3.2144010e-01	4.8819329e-03	-4.6411584e-05	2.7035006e-07	-8.8392565e-10	1.2434412e-12	0.0000000e+00
0	0	4	34	0	2.5989587e+03	-3.1013818e+02	1.5314577e+01	-4.1357133e-01	6.7991847e-03	-6.9837559e-05	4.3845120e-07	-1.5407068e-09	2.3226154e-12	0.0000000e+00
0	0	4	34	1	2.8484092e+03	-3.3889548e+02	1.6706955e+01	-4.5065629e-01	7.3953220e-03	-7.5781019e-05	4.7446645e-07	-1.6623741e-09	2.4985665e-12	0.0000000e+00
0	0	4	34	2	1.4812881e+03	-1.8090910e+02	8.9583607e+00	-2.3974507e-01	3.9053713e-03	-3.9776747e-05	2.4795133e-07	-8.6653562e-10	1.3011997e-12	0.0000000e+00
0	0	4	34	3	2.4882092e+03	-2.9324768e+02	1.4288879e+01	-3.8052985e-01	6.1715888e-03	-6.2574836e-05	3.8811336e-07	-1.3486394e-09	2.0124054e-12	0.0000000e+00
0	0	4	35	0	2.0460287e+03	-2.1852536e+02	9.5671511e+00	-2.2725014e-01	3.2769677e-03	-2.9475541e-05	1.6194274e-07	-4.9804771e-10	6.5747164e-13	0.0000000e+00
0	0	4	35	1	2.1299951e+03	-2.2705849e+02	9.9382687e+00	-2.3630163e-01	3.4124046e-03	-3.0748080e-05	1.6927183e-07	-5.2170651e-10	6.9026295e-13	0.0000000e+00
0	0	4	35	2	2.5193423e+03	-2.6780551e+02	1.1737417e+01	-2.8020859e-01	4.0615695e-03	-3.6716585e-05	2.0267387e-07	-6.2596245e-10	8.2949365e-13	0.0000000e+00
0	0	4	35	3	2.1735168e+03	-2.3106357e+02	1.0082918e+01	-2.3901004e-01	3.4398737e-03	-3.0883104e-05	1.6935931e-07	-5.1983962e-10	6.8481120e-13	0.0000000e+00
0	0	4	36	0	4.3987773e+03	-4.0753177e+02	1.5731496e+01	-3.3340117e-01	4.3010800e-03	-3.4698485e-05	1.7138707e-07	-4.7487880e-10	5.6596465e-13	0.0000000e+00
0	0	4	36	1	3.6514094e+03	-3.2780231e+02	1.2170361e+01	-2.4630339e-01	3.0213436e-03	-2.3096378e-05	1.0781964e-07	-2.8189234e-10	3.1674167e-13	0.0000000e+00
0	0	4	36	2	4.1229497e+03	-3.7631882e+02	1.4273513e+01	-2.9656073e-01	3.7472958e-03	-2.9601897e-05	1.4321260e-07	-3.8898262e-10	4.5497986e-13	0.0000000e+00
0	0	4	36	3	4.2273042e+03	-3.8834628e+02	1.4852450e+01	-3.1174126e-01	3.9836611e-03	-3.1843258e-05	1.5589499e-07	-4.2828532e-10	5.0625834e-13	0.0000000e+00
0	0	4	37	0	3.3533254e+03	-3.3894940e+02	1.4193516e+01	-3.2500449e-01	4.5280075e-03	-3.9442206e-05	2.1036055e-07	-6.2955269e-10	8.1077744e-13	0.0000000e+00
0	0	4	37	1	3.7276494e+03	-3.7930447e+02	1.6022062e+01	-3.7049749e-01	5.2082469e-03	-4.5711757e-05	2.4521975e-07	-7.3671702e-10	9.5057848e-13	0.0000000e+00
0	0	4	37	2	3.4223975e+03	-3.4528503e+02	1.4423704e+01	-3.2916796e-01	4.5648990e-03	-3.9530798e-05	2.0934634e-07	-6.2140293e-10	7.9294530e-13	0.0000000e+00
0	0	4	37	3	3.4581716e+03	-3.4794617e+02	1.4507200e+01	-3.3070838e-01	4.5833490e-03	-3.9676605e-05	2.1006741e-07	-6.2335592e-10	7.9504491e-13	0.0000000e+00
0	0	4	38	0	5.2693560e+03	-6.0476117e+02	2.9038425e+01	-7.6731974e-01	1.2329307e-02	-1.2364886e-04	7.5735659e-07	-2.5949440e-09	3.8134365e-12	0.0000000e+00
0	0	4	38	1	4.6394077e+03	-5.2940308e+02	2.5283976e+01	-6.6535652e-01	1.0671319e-02	-1.0705188e-04	6.5712527e-07	-2.2601130e-09	3.3386538e-12	0.0000000e+00
0	0	4	38	2	3.6869548e+03	-4.1065518e+02	1.9028763e+01	-4.8356408e-01	7.4807480e-03	-7.2376955e-05	4.2879395e-07	-1.4253111e-09	2.0381923e-12	0.0000000e+00
0	0	4	38	3	3.2649641e+03	-3.6583069e+02	1.7008833e+01	-4.3288624e-01	6.7033647e-03	-6.4884334e-05	3.8433640e-07	-1.2764343e-09	1.8223702e-12	0.0000000e+00
0	0	4	39	0	1.8392646e+03	-2.2081612e+02	1.0835657e+01	-2.8818628e-01	4.6571763e-03	-4.6987956e-05	2.8982046e-07	-1.0014354e-09	1.4862989e-12	0.0000000e+00
0	0	4	39	1	1.9983868e+03	-2.4075757e+02	1.1893888e+01	-3.1927589e-01	5.2105682e-03	-5.3107477e-05	3.3094497e-07	-1.1552661e-09	1.7319568e-12	0.0000000e+00
0	0	4	39	2	2.8043867e+03	-3.3544077e+02	1.6585096e+01	-4.4760442e-01	7.3351990e-03	-7.4959411e-05	4.6760778e-07	-1.6314903e-09	2.4413759e-12	0.0000000e+00
0	0	4	39	3	3.2944490e+03	-3.8700800e+02	1.8856272e+01	-5.0242674e-01	8.1269313e-03	-8.1945611e-05	5.0422142e-07	-1.7348013e-09	2.5595264e-12	0.0000000e+00
0	0	4	40	0	2.9483494e+03	-3.7931097e+02	2.0242823e+01	-5.9140486e-01	1.0520664e-02	-1.1700444e-04	7.9605815e-07	-3.0345628e-09	4.9680550e-12	0.0000000e+00
0	0	4	40	1	3.0883792e+03	-3.9412042e+02	2.0858353e+01	-6.0383451e-01	1.0631382e-02	-1.1691425e-04	7.8608747e-07	-2.9604641e-09	4.7882635e-12	0.0000000e+00
0	0	4	40	2	3.1105117e+03	-3.9610980e+02	2.0922922e+01	-6.0462838e-01	1.0628172e-02	-1.1671503e-04	7.8384164e-07	-2.9493759e-09	4.7673194e-12	0.0000000e+00
0	0	4	40	3	3.7845334e+03	-4.7370404e+02	2.4628439e+01	-7.0068592e-01	1.2104170e-02	-1.3042252e-04	8.5822950e-07	-3.1603795e-09	4.9945703e-12	0.0000000e+00
0	0	4	41	0	5.0598745e+03	-5.0260516e+02	2.0876560e+01	-4.7723666e-01	6.6418047e-03	-5.7791269e-05	3.0771255e-07	-9.1842223e-10	1.1781140e-12	0.0000000e+00
0	0	4	41	1	4.7860664e+03	-4.7456311e+02	1.9650015e+01	-4.4723582e-01	6.1925589e-03	-5.3574695e-05	2.8349663e-07	-8.4062496e-10	1.0710285e-12	0.0000000e+00
0	0	4	41	2	4.6862324e+03	-4.6363626e+02	1.9155109e+01	-4.3509525e-01	6.0151839e-03	-5.1988201e-05	2.7498970e-07	-8.1557677e-10	1.0399949e-12	0.0000000e+00
0	0	4	41	3	4.7236113e+03	-4.6738403e+02	1.9325087e+01	-4.3966985e-01	6.0926955e-03	-5.2816715e-05	2.8037275e-07	-8.3489299e-10	1.0692659e-12	0.0000000e+00
0	0	4	42	0	1.1336842e+03	-1.3603604e+02	6.5456924e+00	-1.6871041e-01	2.6488525e-03	-2.6025551e-05	1.5665414e-07	-5.2930488e-10	7.6929609e-13	0.0000000e+00
0	0	4	42	1	1.2624979e+03	-1.5110667e+02	7.2829633e+00	-1.8853752e-01	2.9724005e-03	-2.9329454e-05	1.7737359e-07	-6.0249017e-10	8.8094148e-13	0.0000000e+00
0	0	4	42	2	1.5382792e+03	-1.8126437e+02	8.6577206e+00	-2.2280857e-01	3.4860908e-03	-3.4096207e-05	2.0425719e-07	-6.8717054e-10	9.9556214e-13	0.0000000e+00
0	0	4	42	3	1.4519893e+03	-1.7423000e+02	8.4476213e+00	-2.2052877e-01	3.4997126e-03	-3.4703018e-05	2.1059337e-07	-7.1681022e-10	1.0491090e-12	0.0000000e+00
0	0	4	43	0	2.4166860e+03	-2.6112683e+02	1.1653674e+01	-2.8417164e-01	4.2191949e-03	-3.9158364e-05	2.2229051e-07	-7.0683892e-10	9.6496183e-13	0.0000000e+00
0	0	4	43	1	2.8581936e+03	-3.0405344e+02	1.3416931e+01	-3.2431853e-01	4.7741928e-03	-4.3935343e-05	2.4732205e-07	-7.7992179e-10	1.0560559e-12	0.0000000e+00
0	0	4	43	2	2.3103848e+03	-2.4695761e+02	1.0890427e+01	-2.6211867e-01	3.8409182e-03	-3.5185654e-05	1.9721588e-07	-6.1951583e-10	8.3604862e-13	0.0000000e+00
0	0	4	43	3	2.0589385e+03	-2.2142725e+02	9.7740622e+00	-2.3479706e-01	3.4320035e-03	-3.1356380e-05	1.7530283e-07	-5.4939775e-10	7.3989073e-13	0.0000000e+00
0	0	4	44	0	4.5264238e+03	-5.3405884e+02	2.6242624e+01	-7.0780635e-01	1.1612887e-02	-1.1905152e-04	7.4655884e-07	-2.6235807e-09	3.9616721e-12	0.0000000e+00
0	0	4	44	1	3.6545391e+03	-4.2531577e+02	2.0525928e+01	-5.4191637e-01	8.6965207e-03	-8.7155000e-05	5.3411827e-07	-1.8342355e-09	2.7067979e-12	0.0000000e+00
0	0	4	44	2	3.2383325e+03	-3.8025336e+02	1.8480745e+01	-4.9094093e-01	7.9331258e-03	-8.0125770e-05	4.9532480e-07	-1.7173389e-09	2.5605657e-12	0.0000000e+00
0	0	4	44	3	3.9381746e+03	-4.5680737e+02	2.1995508e+01	-5.7982796e-01	9.2898104e-03	-9.2941329e-05	5.6853310e-07	-1.9484472e-09	2.8687439e-12	0.0000000e+00
0	0	4	45	0	1.4509203e+03	-1.6653587e+02	7.6660175e+00	-1.8770885e-01	2.7711124e-03	-2.5387157e-05	1.4161884e-07	-4.4191265e-10	5.9249909e-13	0.0000000e+00
0	0	4	45	1	2.1930947e+03	-2.6159662e+02	1.2803397e+01	-3.4065950e-01	5.5175144e-03	-5.5897188e-05	3.4684393e-07	-1.2079147e-09	1.8100425e-12	0.0000000e+00
0	0	4	45	2	2.7598413e+03	-3.3071652e+02	1.6371105e+01	-4.4246861e-01	7.2784093e-03	-7.4846408e-05	4.7101653e-07	-1.6618276e-09	2.5199595e-12	0.0000000e+00
0	0	4	45	3	2.2550530e+03	-2.6773148e+02	1.3057055e+01	-3.4656584e-01	5.6023216e-03	-5.6668738e-05	3.5118845e-07	-1.2217136e-09	1.8289036e-12	0.0000000e+00
0	0	4	46	0	2.8775393e+03	-3.0984650e+02	1.3814948e+01	-3.3715326e-01	5.0063143e-03	-4.6407073e-05	2.6269106e-07	-8.3148410e-10	1.1280756e-12	0.0000000e+00
0	0	4	46	1	1.5079335e+03	-1.6343405e+02	7.1918206e+00	-1.7137089e-01	2.4906495e-03	-2.2665734e-05	1.2634565e-07	-3.9497750e-10	5.3049752e-13	0.0000000e+00
0	0	4	46	2	2.2801421e+03	-2.4214160e+02	1.0576658e+01	-2.5167930e-01	3.6429514e-03	-3.2932050e-05	1.8196425e-07	-5.6295529e-10	7.4759215e-13	0.0000000e+00
0	0	4	46	3	1.8389368e+03	-1.9525906e+02	8.4511843e+00	-1.9807634e-01	2.8200666e-03	-2.5056150e-05	1.3604705e-07	-4.1374967e-10	5.4048937e-13	0.0000000e+00
0	0	4	47	0	3.1687859e+03	-3.8003207e+02	1.8850273e+01	-5.1049858e-01	8.4054703e-03	-8.6477230e-05	5.4447617e-07	-1.9228290e-09	2.9209306e-12	0.0000000e+00
0	0	4	47	1	3.8562400e+03	-4.7191833e+02	2.4011276e+01	-6.6959864e-01	1.1354638e-02	-1.2022828e-04	7.7806163e-07	-2.8193536e-09	4.3860670e-12	0.0000000e+00
0	0	4	47	2	3.6900405e+03	-4.5170563e+02	2.2955341e+01	-6.3867044e-01	1.0798417e-02	-1.1393611e-04	7.3433830e-07	-2.6487539e-09	4.0999786e-12	0.0000000e+00
0	0	4	47	3	2.5780889e+03	-3.1672751e+02	1.6025015e+01	-4.4210088e-01	7.4240626e-03	-7.7968085e-05	5.0136833e-07	-1.8086468e-09	2.8060646e-12	0.0000000e+00
0	0	4	48	0	3.6970300e+03	-4.1044922e+02	1.8912539e+01	-4.7738057e-01	7.3356349e-03	-7.0520793e-05	4.1532306e-07	-1.3730065e-09	1.9535079e-12	0.0000000e+00
0	0	4	48	1	2.6638298e+03	-2.9066266e+02	1.3060603e+01	-3.1986791e-01	4.7739935e-03	-4.4672423e-05	2.5685222e-07	-8.3193230e-10	1.1639590e-12	0.0000000e+00
0	0	4	48	2	3.6162500e+03	-3.9889270e+02	1.8229351e+01	-4.5542902e-01	6.9128848e-03	-6.5508364e-05	3.7953066e-07	-1.2320396e-09	1.7186080e-12	0.0000000e+00
0	0	4	48	3	2.7531670e+03	-3.0426340e+02	1.3838769e+01	-3.4265810e-01	5.1550963e-03	-4.8444297e-05	2.7856154e-07	-8.9840868e-10	1.2463795e-12	0.0000000e+00
0	0	4	49	0	3.4238364e+03	-4.0063574e+02	1.9438635e+01	-5.1555294e-01	8.2980730e-03	-8.3220322e-05	5.0901644e-07	-1.7397216e-09	2.5480054e-12	0.0000000e+00
0	0	4	49	1	2.2508318e+03	-2.6348877e+02	1.2716043e+01	-3.3486986e-01	5.3784736e-03	-5.4089829e-05	3.3320933e-07	-1.1511966e-09	1.7090424e-12	0.0000000e+00
0	0	4	49	2	2.6465144e+03	-3.0558423e+02	1.4564137e+01	-3.7842074e-01	5.9761861e-03	-5.8919213e-05	3.5503550e-07	-1.1981288e-09	1.7362845e-12	0.0000000e+00
0	0	4	49	3	1.7985377e+03	-2.0577005e+02	9.6292372e+00	-2.4437168e-01	3.7809927e-03	-3.6650559e-05	2.1791428e-07	-7.2806322e-10	1.0474990e-12	0.0000000e+00
0	0	4	50	0	3.4385305e+03	-3.6346878e+02	1.5927008e+01	-3.8230270e-01	5.5858972e-03	-5.1010556e-05	2.8494412e-07	-8.9186458e-10	1.1991401e-12	0.0000000e+00
0	0	4	50	1	9.9323901e+02	-9.9252380e+01	3.8326831e+00	-7.5819507e-02	8.7795884e-04	-6.0459097e-06	2.3694007e-08	-4.5961911e-11	2.8273358e-14	0.0000000e+00
0	0	4	50	2	3.8510967e+03	-4.0566794e+02	1.7744917e+01	-4.2545328e-01	6.2043136e-03	-5.6504825e-05	3.1458811e-07	-9.8096498e-10	1.3137314e-12	0.0000000e+00
0	0	4	50	3	1.9078298e+03	-2.0081841e+02	8.5917473e+00	-1.9878796e-01	2.7957975e-03	-2.4569232e-05	1.3214554e-07	-3.9874651e-10	5.1761183e-13	0.0000000e+00
0	0	4	51	0	1.2366649e+03	-1.2388046e+02	4.9901366e+00	-1.0802808e-01	1.4227481e-03	-1.1711493e-05	5.8988597e-08	-1.6656175e-10	2.0205736e-13	0.0000000e+00
0	0	4	51	1	1.3233398e+03	-1.3236815e+02	5.3460827e+00	-1.1637699e-01	1.5423930e-03	-1.2783883e-05	6.4860032e-08	-1.8452473e-10	2.2558851e-13	0.0000000e+00
0	0	4	51	2	1.5683538e+03	-1.5400548e+02	6.1505675e+00	-1.3289791e-01	1.7477993e-03	-1.4370442e-05	7.2308715e-08	-2.0399026e-10	2.4729711e-13	0.0000000e+00
0	0	4	51	3	1.6056794e+03	-1.6093480e+02	6.5734777e+00	-1.4571364e-01	1.9684525e-03	-1.6633518e-05	8.6000284e-08	-2.4907909e-10	3.0960193e-13	0.0000000e+00
0	0	4	52	0	8.4507263e+02	-8.7783287e+01	3.5804939e+00	-7.6517247e-02	9.8793989e-04	-7.9321535e-06	3.8843108e-08	-1.0649995e-10	1.2539090e-13	0.0000000e+00
0	0	4	52	1	1.0792325e+03	-1.1269379e+02	4.6982632e+00	-1.0415271e-01	1.4003949e-03	-1.1744803e-05	6.0207014e-08	-1.7300376e-10	2.1364994e-13	0.0000000e+00
0	0	4	52	2	1.2086481e+03	-1.2279042e+02	5.0013971e+00	-1.0835705e-01	1.4196488e-03	-1.1566549e-05	5.7432480e-08	-1.5941554e-10	1.8968102e-13	0.0000000e+00
0	0	4	52	3	1.1705988e+03	-1.2054202e+02	4.9760318e+00	-1.0955139e-01	1.4636264e-03	-1.2205251e-05	6.2261883e-08	-1.7819948e-10	2.1943188e-13	0.0000000e+00
0	0	4	53	0	3.3089805e+03	-4.0636374e+02	2.0710257e+01	-5.7883757e-01	9.8644253e-03	-1.0531976e-04	6.8980722e-07	-2.5394573e-09	4.0286689e-12	0.0000000e+00
0	0	4	53	1	4.0003743e+03	-4.9213586e+02	2.5199963e+01	-7.0833176e-01	1.2115628e-02	-1.2948847e-04	8.4640806e-07	-3.0998268e-09	4.8771334e-12	0.0000000e+00
0	0	4	53	2	3.8536924e+03	-4.7240952e+02	2.4071844e+01	-6.7259729e-01	1.1429588e-02	-1.2130610e-04	7.8711304e-07	-2.8607186e-09	4.4656080e-12	0.0000000e+00
0	0	4	53	3	3.5667480e+03	-4.3442261e+02	2.1956289e+01	-6.0783386e-01	1.0232977e-02	-1.0759852e-04	6.9176389e-07	-2.4915228e-09	3.8549459e-12	0.0000000e+00
0	0	4	54	0	2.5132297e+03	-2.5305206e+02	1.0494591e+01	-2.3720464e-01	3.2599296e-03	-2.7974142e-05	1.4672345e-07	-4.3095136e-10	5.4347553e-13	0.0000000e+00
0	0	4	54	1	2.1032834e+03	-2.1488750e+02	8.9940252e+00	-2.0458560e-01	2.8312360e-03	-2.4486279e-05	1.2956373e-07	-3.8426348e-10	4.8968571e-13	0.0000000e+00
0	0	4	54	2	2.5993259e+03	-2.6052066e+02	1.0764211e+01	-2.4249811e-01	3.3211436e-03	-2.8394677e-05	1.4834787e-07	-4.3392648e-10	5.4486889e-13	0.0000000e+00
0	0	4	54	3	2.5386335e+03	-2.5458998e+02	1.0546288e+01	-2.3879565e-01	3.2958183e-03	-2.8460765e-05	1.5043967e-07	-4.4571596e-10	5.6724336e-13	0.0000000e+00
0	0	4	55	0	2.3653879e+03	-2.8706827e+02	1.4342046e+01	-3.9032117e-01	6.4562559e-03	-6.6633031e-05	4.1985169e-07	-1.4792335e-09	2.2337882e-12	0.0000000e+00
0	0	4	55	1	4.0396472e+03	-4.9292371e+02	2.5039862e+01	-6.9734699e-01	1.1788715e-02	-1.2417097e-04	7.9749691e-07	-2.8610250e-09	4.3963860e-12	0.0000000e+00
0	0	4	55	2	2.8861682e+03	-3.4743167e+02	1.7305561e+01	-4.7112575e-01	7.7988813e-03	-8.0609097e-05	5.0918442e-07	-1.8006905e-09	2.7332986e-12	0.0000000e+00
0	0	4	55	3	2.7806851e+03	-3.3340427e+02	1.6527229e+01	-4.4757640e-01	7.3707900e-03	-7.5799115e-05	4.7643664e-07	-1.6767628e-09	2.5331913e-12	0.0000000e+00
0	0	4	56	0	2.2977356e+03	-2.8332242e+02	1.4399980e+01	-3.9854923e-01	6.7004981e-03	-7.0261194e-05	4.4978725e-07	-1.6105137e-09	2.4730916e-12	0.0000000e+00
0	0	4	56	1	2.3437815e+03	-2.8926321e+02	1.4722291e+01	-4.0817180e-01	6.8740263e-03	-7.2202711e-05	4.6298206e-07	-1.6604281e-09	2.5537239e-12	0.0000000e+00
0	0	4	56	2	2.3951865e+03	-2.9507559e+02	1.5002471e+01	-4.1574973e-01	6.9998573e-03	-7.3517083e-05	4.7141953e-07	-1.6908696e-09	2.6010045e-12	0.0000000e+00
0	0	4	56	3	1.5142225e+03	-1.8771266e+02	9.4589205e+00	-2.5731066e-01	4.2534717e-03	-4.3897366e-05	2.7694477e-07	-9.7877684e-10	1.4856303e-12	0.0000000e+00
0	0	4	57	0	2.4864749e+03	-3.0484262e+02	1.5414059e+01	-4.2515689e-01	7.1356194e-03	-7.4839452e-05	4.8008815e-07	-1.7254281e-09	2.6631412e-12	0.0000000e+00
0	0	4	57	1	2.2100737e+03	-2.6933173e+02	1.3479383e+01	-3.6678174e-01	6.0678339e-03	-6.2702820e-05	3.9627815e-07	-1.4035055e-09	2.1357818e-12	0.0000000e+00
0	0	4	57	2	2.3528762e+03	-2.8585861e+02	1.4289516e+01	-3.8883904e-01	6.4330492e-03	-6.6473527e-05	4.2001503e-07	-1.4869025e-09	2.2611385e-12	0.0000000e+00
0	0	4	57	3	2.3483782e+03	-2.8506580e+02	1.4238963e+01	-3.8733256e-01	6.4087729e-03	-6.6258632e-05	4.1905832e-07	-1.4854784e-09	2.2626766e-12	0.0000000e+00
0	0	4	58	0	2.3775356e+03	-2.9358200e+02	1.4960173e+01	-4.1594985e-01	7.0476518e-03	-7.4768177e-05	4.8617562e-07	-1.7747385e-09	2.7872277e-12	0.0000000e+00
0	0	4	58	1	2.6891282e+03	-3.3139703e+02	1.6879831e+01	-4.6924576e-01	7.9342192e-03	-8.3839805e-05	5.4210068e-07	-1.9652322e-09	3.0625062e-12	0.0000000e+00
0	0	4	58	2	2.7808442e+03	-3.4270901e+02	1.7476414e+01	-4.8681942e-01	8.2490193e-03	-8.7343789e-05	5.6574873e-07	-2.0537041e-09	3.2030643e-12	0.0000000e+00
0	0	4	58	3	2.6462646e+03	-3.2437860e+02	1.6431332e+01	-4.5427650e-01	7.6398561e-03	-8.0293044e-05	5.1627620e-07	-1.8606515e-09	2.8814236e-12	0.0000000e+00
0	0	4	59	0	1.6274739e+03	-1.7547061e+02	7.6898303e+00	-1.8210676e-01	2.6230772e-03	-2.3624796e-05	1.3031605e-07	-4.0351711e-10	5.3774704e-13	0.0000000e+00
0	0	4	59	1	1.5658312e+03	-1.6027701e+02	6.6079626e+00	-1.4524725e-01	1.9186543e-03	-1.5647243e-05	7.7114578e-08	-2.1036610e-10	2.4319620e-13	0.0000000e+00
0	0	4	59	2	1.8142040e+03	-1.9175804e+02	8.2669554e+00	-1.9284020e-01	2.7338821e-03	-2.4220535e-05	1.3139079e-07	-4.0017542e-10	5.2482048e-13	0.0000000e+00
0	0	4	59	3	2.1018142e+03	-2.2165709e+02	9.5908852e+00	-2.2553733e-01	3.2258614e-03	-2.8836186e-05	1.5775265e-07	-4.8399929e-10	6.3852629e-13	0.0000000e+00
0	0	4	60	0	3.1715171e+03	-3.9974826e+02	2.0904514e+01	-5.9843022e-01	1.0414481e-02	-1.1311498e-04	7.5040379e-07	-2.7854157e-09	4.4356480e-12	0.0000000e+00
0	0	4	60	1	3.2691179e+03	-4.1200629e+02	2.1554840e+01	-6.1752588e-01	1.0754786e-02	-1.1689270e-04	7.7597224e-07	-2.8820926e-09	4.5923083e-12	0.0000000e+00
0	0	4	60	2	2.2013162e+03	-2.8065732e+02	1.4689647e+01	-4.1822913e-01	7.2354111e-03	-7.8123514e-05	5.1539291e-07	-1.9035178e-09	3.0178338e-12	0.0000000e+00
0	0	4	60	3	2.3049863e+03	-2.9191003e+02	1.5203182e+01	-4.3127149e-01	7.4374601e-03	-8.0085571e-05	5.2708606e-07	-1.9426718e-09	3.0742910e-12	0.0000000e+00
0	0	4	61	0	2.0167867e+03	-2.0789095e+02	8.7950926e+00	-2.0244272e-01	2.8366761e-03	-2.4846015e-05	1.3312810e-07	-3.9967740e-10	5.1531126e-13	0.0000000e+00
0	0	4	61	1	1.8743837e+03	-1.9256758e+02	8.0959377e+00	-1.8477531e-01	2.5658386e-03	-2.2263439e-05	1.1814771e-07	-3.5127873e-10	4.4853344e-13	0.0000000e+00
0	0	4	61	2	1.8668140e+03	-1.9156119e+02	8.0431738e+00	-1.8332516e-01	2.5424352e-03	-2.2033379e-05	1.1679084e-07	-3.4686043e-10	4.4242301e-13	0.0000000e+00
0	0	4	61	3	1.1985378e+03	-1.2086426e+02	4.8883371e+00	-1.0576553e-01	1.3911822e-03	-1.1445374e-05	5.7733555e-08	-1.6377723e-10	2.0036254e-13	0.0000000e+00
0	0	4	62	0	1.9760781e+03	-2.4629248e+02	1.2601486e+01	-3.5108837e-01	5.9601916e-03	-6.3301930e-05	4.1156576e-07	-1.4999870e-09	2.3482876e-12	0.0000000e+00
0	0	4	62	1	1.8657659e+03	-2.3089186e+02	1.1691069e+01	-3.2139647e-01	5.3752805e-03	-5.6168086e-05	3.5889769e-07	-1.2845125e-09	1.9737599e-12	0.0000000e+00
0	0	4	62	2	1.9476826e+03	-2.4149509e+02	1.2275273e+01	-3.3929357e-01	5.7080579e-03	-6.0010825e-05	3.8580760e-07	-1.3890423e-09	2.1463571e-12	0.0000000e+00
0	0	4	62	3	2.2250754e+03	-2.7553485e+02	1.4048975e+01	-3.9065680e-01	6.6117165e-03	-6.9905502e-05	4.5169628e-07	-1.6331954e-09	2.5322218e-12	0.0000000e+00
0	0	4	63	0	3.6259346e+03	-3.5700674e+02	1.4593278e+01	-3.2685238e-01	4.4552651e-03	-3.7958955e-05	1.9788359e-07	-5.7825422e-10	7.2622014e-13	0.0000000e+00
0	0	4	63	1	3.6468525e+03	-3.5882544e+02	1.4660889e+01	-3.2826874e-01	4.4735209e-03	-3.8107210e-05	1.9862286e-07	-5.8031768e-10	7.2868274e-13	0.0000000e+00
0	0	4	63	2	3.8419929e+03	-3.7758167e+02	1.5426834e+01	-3.4568933e-01	4.7151512e-03	-4.0202925e-05	2.0973640e-07	-6.1330097e-10	7.7067546e-13	0.0000000e+00
0	0	4	63	3	3.4543049e+03	-3.3804227e+02	1.3718457e+01	-3.0488440e-01	4.1246531e-03	-3.4890683e-05	1.8066133e-07	-5.2459714e-10	6.5495878e-13	0.0000000e+00
0	0	5	0	0	1.7185166e+03	-1.7808600e+02	7.5207338e+00	-1.7181000e-01	2.3852864e-03	-2.0670283e-05	1.0943583e-07	-3.2424741e-10	4.1209158e-13	0.0000000e+00
0	0	5	0	1	1.7631252e+03	-1.8210992e+02	7.6717029e+00	-1.7489882e-01	2.4229242e-03	-2.0949454e-05	1.1066145e-07	-3.2713315e-10	4.1483120e-13	0.0000000e+00
0	0	5	0	2	1.9408693e+03	-1.9989030e+02	8.4259939e+00	-1.9267535e-01	2.6777110e-03	-2.3226252e-05	1.2306396e-07	-3.6483516e-10	4.6386576e-13	0.0000000e+00
0	0	5	0	3	1.7125017e+03	-1.7565785e+02	7.3394942e+00	-1.6580588e-01	2.2755570e-03	-1.9487648e-05	1.0193648e-07	-2.9834205e-10	3.7447351e-13	0.0000000e+00
0	0	5	1	0	2.1835115e+03	-2.5707092e+02	1.2438794e+01	-3.2710326e-01	5.2256477e-03	-5.2107349e-05	3.1751949e-07	-1.0832517e-09	1.5861643e-12	0.0000000e+00
0	0	5	1	1	2.2568582e+03	-2.6572742e+02	1.2871430e+01	-3.3906212e-01	5.4259133e-03	-5.4191838e-05	3.3071581e-07	-1.1298060e-09	1.6563803e-12	0.0000000e+00
0	0	5	1	2	2.2367488e+03	-2.6314529e+02	1.2730328e+01	-3.3485949e-01	5.3508882e-03	-5.3366592e-05	3.2523087e-07	-1.1095853e-09	1.6246182e-12	0.0000000e+00
0	0	5	1	3	2.1533479e+03	-2.5169336e+02	1.2085127e+01	-3.1526303e-01	4.9960101e-03	-4.9415532e-05	2.9867792e-07	-1.0106845e-09	1.4678024e-12	0.0000000e+00
0	0	5	2	0	1.5126652e+03	-1.6364783e+02	7.2131376e+00	-1.7154634e-01	2.4763811e-03	-2.2288426e-05	1.2244547e-07	-3.7618642e-10	4.9547351e-13	0.0000000e+00
0	0	5	2	1	1.5662759e+03	-1.6934317e+02	7.4691429e+00	-1.7793140e-01	2.5731069e-03	-2.3201128e-05	1.2769307e-07	-3.9302531e-10	5.1860518e-13	0.0000000e+00
0	0	5	2	2	1.6902471e+03	-1.8171306e+02	7.9872375e+00	-1.8987808e-01	2.7390909e-03	-2.4625113e-05	1.3506293e-07	-4.1406145e-10	5.4393870e-13	0.0000000e+00
0	0	5	2	3	1.3699333e+03	-1.4775719e+02	6.4664731e+00	-1.5230016e-01	2.1771516e-03	-1.9404935e-05	1.0557324e-07	-3.2122319e-10	4.1898345e-13	0.0000000e+00
0	0	5	3	0	1.3999980e+03	-1.7165207e+02	8.5749369e+00	-2.3114511e-01	3.7840155e-03	-3.8638660e-05	2.4085753e-07	-8.3951862e-10	1.2539813e-12	0.0000000e+00
0	0	5	3	1	1.4406416e+03	-1.7612613e+02	8.7831631e+00	-2.3653817e-01	3.8691845e-03	-3.9480678e-05	2.4595883e-07	-8.5687080e-10	1.2794050e-12	0.0000000e+00
0	0	5	3	2	1.5814171e+03	-1.9287999e+02	9.6237888e+00	-2.5983983e-01	4.2602066e-03	-4.3556200e-05	2.7177592e-07	-9.4793196e-10	1.4165970e-12	0.0000000e+00
0	0	5	3	3	1.2630692e+03	-1.5442458e+02	7.6593571e+00	-2.0447433e-01	3.3161223e-03	-3.3560849e-05	2.0746522e-07	-7.1751688e-10	1.0639277e-12	0.0000000e+00
0	0	5	4	0	3.1080134e+03	-3.5477823e+02	1.6784489e+01	-4.3409747e-01	6.8171141e-03	-6.6747540e-05	3.9878537e-07	-1.3316780e-09	1.9055473e-12	0.0000000e+00
0	0	5	4	1	3.0835688e+03	-3.5201254e+02	1.6653311e+01	-4.3068668e-01	6.7637214e-03	-6.6230597e-05	3.9575318e-07	-1.3217991e-09	1.8918313e-12	0.0000000e+00
0	0	5	4	2	2.9420383e+03	-3.3571710e+02	1.5861911e+01	-4.0948257e-01	6.4199031e-03	-6.2767052e-05	3.7453393e-07	-1.2493546e-09	1.7860907e-12	0.0000000e+00
0	0	5	4	3	2.9149209e+03	-3.3167749e+02	1.5626376e+01	-4.0232918e-01	6.2925830e-03	-6.1387531e-05	3.6556125e-07	-1.2171034e-09	1.7368200e-12	0.0000000e+00
0	0	5	5	0	2.0238208e+03	-2.5529541e+02	1.3202841e+01	-3.7064973e-01	6.3197264e-03	-6.7215180e-05	4.3649351e-07	-1.5854497e-09	2.4691501e-12	0.0000000e+00
0	0	5	5	1	2.0264543e+03	-2.5582199e+02	1.3241450e+01	-3.7208682e-01	6.3502500e-03	-6.7601235e-05	4.3936933e-07	-1.5970966e-09	2.4889320e-12	0.0000000e+00
0	0	5	5	2	2.0174100e+03	-2.5386844e+02	1.3103652e+01	-3.6731738e-01	6.2561296e-03	-6.6487395e-05	4.3153128e-07	-1.5668119e-09	2.4394104e-12	0.0000000e+00
0	0	5	5	3	1.6275552e+03	-2.0617442e+02	1.0628483e+01	-2.9619077e-01	5.0160158e-03	-5.3030974e-05	3.4262138e-07	-1.2391377e-09	1.9227512e-12	0.0000000e+00
0	0	5	6	0	7.4330096e+02	-8.9846764e+01	4.2284069e+00	-1.0492822e-01	1.5804189e-03	-1.4857691e-05	8.5398291e-08	-2.7501318e-10	3.8021544e-13	0.0000000e+00
0	0	5	6	1	7.7511584e+02	-9.2918083e+01	4.3529935e+00	-1.0772213e-01	1.6183411e-03	-1.5177398e-05	8.7034664e-08	-2.7966102e-10	3.8581947e-13	0.0000000e+00
0	0	5	6	2	9.8912988e+02	-1.1586861e+02	5.3966260e+00	-1.3406865e-01	2.0226643e-03	-1.9045248e-05	1.0959233e-07	-3.5310310e-10	4.8817406e-13	0.0000000e+00
0	0	5	6	3	9.8723138e+02	-1.1431586e+02	5.2612514e+00	-1.2902622e-01	1.9202442e-03	-1.7825514e-05	1.0107686e-07	-3.2080372e-10	4.3677914e-13	0.0000000e+00
0	0	5	7	0	2.3247729e+03	-2.7156055e+02	1.3069076e+01	-3.4234339e-01	5.4463567e-03	-5.4068005e-05	3.2793881e-07	-1.1134189e-09	1.6223740e-12	0.0000000e+00
0	0	5	7	1	2.2984783e+03	-2.6785593e+02	1.2851962e+01	-3.3543557e-01	5.3150868e-03	-5.2536034e-05	3.1717661e-07	-1.0716706e-09	1.5537056e-12	0.0000000e+00
0	0	5	7	2	2.3355803e+03	-2.7167303e+02	1.3017861e+01	-3.3946401e-01	5.3748945e-03	-5.3092008e-05	3.2033398e-07	-1.0816691e-09	1.5672009e-12	0.0000000e+00
0	0	5	7	3	2.5042146e+03	-2.8965088e+02	1.3828989e+01	-3.5984507e-01	5.6871339e-03	-5.6083529e-05	3.3786131e-07	-1.1391500e-09	1.6480891e-12	0.0000000e+00
0	0	5	8	0	2.2845581e+03	-2.5684836e+02	1.1902873e+01	-3.0043924e-01	4.6091522e-03	-4.4148361e-05	2.5845088e-07	-8.4709484e-10	1.1916093e-12	0.0000000e+00
0	0	5	8	1	2.4228359e+03	-2.7198645e+02	1.2606022e+01	-3.1858748e-01	4.8941304e-03	-4.6940251e-05	2.7514096e-07	-9.0284791e-10	1.2714176e-12	0.0000000e+00
0	0	5	8	2	2.4062527e+03	-2.6976849e+02	1.2485163e+01	-3.1506974e-01	4.8335171e-03	-4.6301506e-05	2.7109289e-07	-8.8866237e-10	1.2502821e-12	0.0000000e+00
0	0	5	8	3	2.2016877e+03	-2.4468028e+02	1.1190529e+01	-2.7838770e-01	4.2071049e-03	-3.9681003e-05	2.2868801e-07	-7.3779260e-10	1.0214991e-12	0.0000000e+00
0	0	5	9	0	1.8694231e+03	-2.0438312e+02	9.1581097e+00	-2.2247760e-01	3.2816846e-03	-3.0188272e-05	1.6951275e-07	-5.3221050e-10	7.1617365e-13	0.0000000e+00
0	0	5	9	1	1.8198195e+03	-1.9863899e+02	8.8763399e+00	-2.1482199e-01	3.1556287e-03	-2.8899576e-05	1.6151731e-07	-5.0465171e-10	6.7571074e-13	0.0000000e+00
0	0	5	9	2	1.7924207e+03	-1.9508231e+02	8.6908236e+00	-2.0968835e-01	3.0717915e-03	-2.8063554e-05	1.5650902e-07	-4.8807974e-10	6.5242283e-13	0.0000000e+00
0	0	5	9	3	1.8927998e+03	-2.0481239e+02	9.0838108e+00	-2.1838273e-01	3.1866571e-03	-2.8988696e-05	1.6091863e-07	-4.9932386e-10	6.6391169e-13	0.0000000e+00
0	0	5	10	0	1.4136624e+03	-1.6602228e+02	7.8921909e+00	-2.0218283e-01	3.1462573e-03	-3.0555202e-05	1.8129317e-07	-6.0202643e-10	8.5754846e-13	0.0000000e+00
0	0	5	10	1	1.4050979e+03	-1.6489641e+02	7.8304410e+00	-2.0034617e-01	3.1136984e-03	-3.0201581e-05	1.7898526e-07	-5.9371891e-10	8.4488243e-13	0.0000000e+00
0	0	5	10	2	1.5153541e+03	-1.7705051e+02	8.3969173e+00	-2.1498327e-01	3.3432550e-03	-3.2442767e-05	1.9230966e-07	-6.3789612e-10	9.0752574e-13	0.0000000e+00
0	0	5	10	3	1.5810320e+03	-1.8359755e+02	8.6692400e+00	-2.2125982e-01	3.4308361e-03	-3.3200882e-05	1.9628227e-07	-6.4939260e-10	9.2155678e-13	0.0000000e+00
0	0	5	11	0	1.4349108e+03	-1.4784668e+02	6.1950932e+00	-1.4015470e-01	1.9272360e-03	-1.6549011e-05	8.6875218e-08	-2.5540958e-10	3.2229620e-13	0.0000000e+00
0	0	5	11	1	1.5100226e+03	-1.5520120e+02	6.5003061e+00	-1.4718369e-01	2.0255989e-03	-1.7406983e-05	9.1438707e-08	-2.6896704e-10	3.3955160e-13	0.0000000e+00
0	0	5	11	2	1.4644211e+03	-1.5016714e+02	6.2683821e+00	-1.4136043e-01	1.9379073e-03	-1.6592145e-05	8.6858520e-08	-2.5468153e-10	3.2057104e-13	0.0000000e+00
0	0	5	11	3	1.4712108e+03	-1.5060971e+02	6.2781358e+00	-1.4145982e-01	1.9381637e-03	-1.6588405e-05	8.6819377e-08	-2.5452310e-10	3.2032078e-13	0.0000000e+00
0	0	5	12	0	1.2643712e+03	-1.3890323e+02	6.1552577e+00	-1.4661168e-01	2.1211058e-03	-1.9147168e-05	1.0556962e-07	-3.2568861e-10	4.3088390e-13	0.0000000e+00
0	0	5	12	1	1.2953063e+03	-1.4203105e+02	6.2892780e+00	-1.4980859e-01	2.1675352e-03	-1.9567993e-05	1.0789659e-07	-3.3287303e-10	4.4037812e-13	0.0000000e+00
0	0	5	12	2	1.3278347e+03	-1.4541486e+02	6.4378042e+00	-1.5344372e-01	2.2217475e-03	-2.0072674e-05	1.1076258e-07	-3.4195813e-10	4.5270176e-13	0.0000000e+00
0	0	5	12	3	1.5100505e+03	-1.6347009e+02	7.1947303e+00	-1.7107362e-01	2.4713806e-03	-2.2276055e-05	1.2261731e-07	-3.7755124e-10	4.9843018e-13	0.0000000e+00
0	0	5	13	0	1.8164202e+03	-1.8827980e+02	7.9764361e+00	-1.8321259e-01	2.5563082e-03	-2.2257889e-05	1.1839619e-07	-3.5246539e-10	4.5014052e-13	0.0000000e+00
0	0	5	13	1	1.8313298e+03	-1.8967804e+02	8.0321035e+00	-1.8443978e-01	2.5726673e-03	-2.2393149e-05	1.1907497e-07	-3.5436148e-10	4.5240802e-13	0.0000000e+00
0	0	5	13	2	1.8119510e+03	-1.8793794e+02	7.9679203e+00	-1.8320557e-01	2.5593801e-03	-2.2315617e-05	1.1887996e-07	-3.5445277e-10	4.5339570e-13	0.0000000e+00
0	0	5	13	3	2.0118817e+03	-2.0606859e+02	8.6574736e+00	-1.9762108e-01	2.7402723e-03	-2.3708324e-05	1.2528155e-07	-3.7040712e-10	4.6970408e-13	0.0000000e+00
0	0	5	14	0	1.5468881e+03	-1.5879596e+02	6.6509929e+00	-1.5064725e-01	2.0742826e-03	-1.7829705e-05	9.3629602e-08	-2.7511002e-10	3.4662781e-13	0.0000000e+00
0	0	5	14	1	1.5731078e+03	-1.6153891e+02	6.7721982e+00	-1.5360317e-01	2.1178615e-03	-1.8228609e-05	9.5849408e-08	-2.8199179e-10	3.5574733e-13	0.0000000e+00
0	0	5	14	2	1.2545604e+03	-1.2957050e+02	5.4162755e+00	-1.2182312e-01	1.6665955e-03	-1.4244213e-05	7.4440365e-08	-2.1785375e-10	2.7356811e-13	0.0000000e+00
0	0	5	14	3	1.2897714e+03	-1.3230501e+02	5.5000057e+00	-1.2311602e-01	1.6760717e-03	-1.4252826e-05	7.4092810e-08	-2.1564385e-10	2.6924898e-13	0.0000000e+00
0	0	5	15	0	2.4280786e+03	-2.3963016e+02	9.7374811e+00	-2.1504067e-01	2.8794887e-03	-2.4029008e-05	1.2239825e-07	-3.4883096e-10	4.2660911e-13	0.0000000e+00
0	0	5	15	1	3.3152180e+03	-3.2738400e+02	1.3416868e+01	-3.0055660e-01	4.0862341e-03	-3.4633689e-05	1.7917229e-07	-5.1842786e-10	6.4341268e-13	0.0000000e+00
0	0	5	15	2	3.3110159e+03	-3.2653165e+02	1.3362561e+01	-2.9889333e-01	4.0575303e-03	-3.4339035e-05	1.7738401e-07	-5.1249383e-10	6.3510666e-13	0.0000000e+00
0	0	5	15	3	3.3161343e+03	-3.2530826e+02	1.3245655e+01	-2.9488665e-01	3.9855856e-03	-3.3592514e-05	1.7286899e-07	-4.9768206e-10	6.1471146e-13	0.0000000e+00
0	0	5	16	0	1.9617332e+03	-2.3948560e+02	1.2010183e+01	-3.2706890e-01	5.4098419e-03	-5.5813034e-05	3.5153283e-07	-1.2381413e-09	1.8693465e-12	0.0000000e+00
0	0	5	16	1	1.1868248e+03	-1.4754076e+02	7.3919172e+00	-1.9868724e-01	3.2456417e-03	-3.3114015e-05	2.0659186e-07	-7.2199979e-10	1.0831179e-12	0.0000000e+00
0	0	5	16	2	1.2545502e+03	-1.5543039e+02	7.7788882e+00	-2.0916380e-01	3.4173136e-03	-3.4862634e-05	2.1743182e-07	-7.5947315e-10	1.1385356e-12	0.0000000e+00
0	0	5	16	3	1.7689314e+03	-2.1423531e+02	1.0629952e+01	-2.8594458e-01	4.6746167e-03	-4.7699436e-05	2.9734417e-07	-1.0371959e-09	1.5516900e-12	0.0000000e+00
0	0	5	17	0	2.7612961e+03	-2.9667020e+02	1.3202332e+01	-3.2093373e-01	4.7393525e-03	-4.3666918e-05	2.4573512e-07	-7.7381457e-10	1.0454664e-12	0.0000000e+00
0	0	5	17	1	1.8544362e+03	-1.9828600e+02	8.6860142e+00	-2.0620961e-01	2.9725444e-03	-2.6743232e-05	1.4708178e-07	-4.5322146e-10	5.9997683e-13	0.0000000e+00
0	0	5	17	2	1.8646001e+03	-1.9825955e+02	8.6337252e+00	-2.0363684e-01	2.9144348e-03	-2.6015307e-05	1.4186926e-07	-4.3321371e-10	5.6800658e-13	0.0000000e+00
0	0	5	17	3	2.1628008e+03	-2.2892082e+02	9.9732437e+00	-2.3620991e-01	3.3968634e-03	-3.0476445e-05	1.6705141e-07	-5.1264171e-10	6.7532861e-13	0.0000000e+00
0	0	5	18	0	1.0354100e+03	-1.2508394e+02	6.0455985e+00	-1.5616192e-01	2.4506450e-03	-2.4011537e-05	1.4382485e-07	-4.8249593e-10	6.9469685e-13	0.0000000e+00
0	0	5	18	1	1.0127120e+03	-1.2249309e+02	5.9202762e+00	-1.5281478e-01	2.3965284e-03	-2.3468216e-05	1.4050894e-07	-4.7122040e-10	6.7830539e-13	0.0000000e+00
0	0	5	18	2	1.8767401e+03	-2.1947159e+02	1.0533035e+01	-2.7444974e-01	4.3440759e-03	-4.2888718e-05	2.5849397e-07	-8.7118718e-10	1.2585448e-12	0.0000000e+00
0	0	5	18	3	1.0331731e+03	-1.2379462e+02	5.9343762e+00	-1.5206739e-01	2.3682127e-03	-2.3035278e-05	1.3701896e-07	-4.5659609e-10	6.5316020e-13	0.0000000e+00
0	0	5	19	0	1.5702302e+03	-1.6404570e+02	6.9647789e+00	-1.5953124e-01	2.2179699e-03	-1.9233548e-05	1.0185460e-07	-3.0177399e-10	3.8341170e-13	0.0000000e+00
0	0	5	19	1	1.6559227e+03	-1.7210049e+02	7.2855988e+00	-1.6664499e-01	2.3140998e-03	-2.0045050e-05	1.0603876e-07	-3.1383782e-10	3.9832623e-13	0.0000000e+00
0	0	5	19	2	1.7082137e+03	-1.7711546e+02	7.4893646e+00	-1.7124531e-01	2.3772777e-03	-2.0586538e-05	1.0887145e-07	-3.2211647e-10	4.0868676e-13	0.0000000e+00
0	0	5	19	3	1.8282966e+03	-1.8859955e+02	7.9518652e+00	-1.8158352e-01	2.5176581e-03	-2.1774218e-05	1.1499306e-07	-3.3970984e-10	4.3030203e-13	0.0000000e+00
0	0	5	20	0	1.2155314e+03	-1.3813057e+02	6.3406715e+00	-1.5668800e-01	2.3532691e-03	-2.2060678e-05	1.2633923e-07	-4.0486403e-10	5.5638718e-13	0.0000000e+00
0	0	5	20	1	1.2230043e+03	-1.3890486e+02	6.3746653e+00	-1.5751801e-01	2.3655803e-03	-2.2174310e-05	1.2697559e-07	-4.0683751e-10	5.5897951e-13	0.0000000e+00
0	0	5	20	2	1.4553629e+03	-1.6340834e+02	7.4667873e+00	-1.8449000e-01	2.7700118e-03	-2.5951664e-05	1.4847660e-07	-4.7515553e-10	6.5191841e-13	0.0000000e+00
0	0	5	20	3	1.4115378e+03	-1.5829788e+02	7.2186713e+00	-1.7797609e-01	2.6677086e-03	-2.4961255e-05	1.4267519e-07	-4.5627577e-10	6.2570131e-13	0.0000000e+00
0	0	5	21	0	1.6510560e+03	-1.9499544e+02	9.4078035e+00	-2.4541982e-01	3.8893847e-03	-3.8472754e-05	2.3255087e-07	-7.8694162e-10	1.1427528e-12	0.0000000e+00
0	0	5	21	1	1.6732806e+03	-1.9771410e+02	9.5472078e+00	-2.4936241e-01	3.9566923e-03	-3.9184353e-05	2.3710912e-07	-8.0315088e-10	1.1673146e-12	0.0000000e+00
0	0	5	21	2	1.7830837e+03	-2.1031541e+02	1.0158276e+01	-2.6579374e-01	4.2250692e-03	-4.1915555e-05	2.5404967e-07	-8.6179547e-10	1.2541978e-12	0.0000000e+00
0	0	5	21	3	2.0681487e+03	-2.4235808e+02	1.1676515e+01	-3.0560479e-01	4.8580463e-03	-4.8177713e-05	2.9176778e-07	-9.8847708e-10	1.4361652e-12	0.0000000e+00
0	0	5	22	0	2.1181775e+03	-2.0547716e+02	8.2034502e+00	-1.7837988e-01	2.3584138e-03	-1.9467643e-05	9.8197646e-08	-2.7726788e-10	3.3595221e-13	0.0000000e+00
0	0	5	22	1	2.1787532e+03	-2.1083278e+02	8.4029255e+00	-1.8248112e-01	2.4093825e-03	-1.9860425e-05	1.0003348e-07	-2.8203226e-10	3.4121493e-13	0.0000000e+00
0	0	5	22	2	2.2301982e+03	-2.1499863e+02	8.5418806e+00	-1.8496020e-01	2.4347152e-03	-2.0005325e-05	1.0042590e-07	-2.8214442e-10	3.4010024e-13	0.0000000e+00
0	0	5	22	3	1.6351292e+03	-1.5836250e+02	6.2535043e+00	-1.3369910e-01	1.7371662e-03	-1.4090887e-05	6.9858196e-08	-1.9394604e-10	2.3114963e-13	0.0000000e+00
0	0	5	23	0	2.0471735e+03	-2.0443634e+02	8.3951941e+00	-1.8743062e-01	2.5426303e-03	-2.1521864e-05	1.1124515e-07	-3.2163142e-10	3.9869990e-13	0.0000000e+00
0	0	5	23	1	1.9056046e+03	-1.8940440e+02	7.7216711e+00	-1.7078374e-01	2.2939136e-03	-1.9217354e-05	9.8288375e-08	-2.8113756e-10	3.4473750e-13	0.0000000e+00
0	0	5	23	2	2.0027944e+03	-1.9993718e+02	8.2037363e+00	-1.8297003e-01	2.4800203e-03	-2.0977443e-05	1.0837093e-07	-3.1318192e-10	3.8808339e-13	0.0000000e+00
0	0	5	23	3	1.8780692e+03	-1.8622035e+02	7.5719991e+00	-1.6707626e-01	2.2397907e-03	-1.8735229e-05	9.5707001e-08	-2.7349070e-10	3.3509789e-13	0.0000000e+00
0	0	5	24	0	1.1121565e+03	-1.2286509e+02	5.4493346e+00	-1.2949689e-01	1.8698643e-03	-1.6854703e-05	9.2839571e-08	-2.8625538e-10	3.7860172e-13	0.0000000e+00
0	0	5	24	1	1.1095341e+03	-1.2256382e+02	5.4346585e+00	-1.2911379e-01	1.8638911e-03	-1.6797254e-05	9.2504592e-08	-2.8516736e-10	3.7708977e-13	0.0000000e+00
0	0	5	24	2	1.1308661e+03	-1.2474033e+02	5.5276585e+00	-1.3130791e-01	1.8951653e-03	-1.7073589e-05	9.3986046e-08	-2.8958352e-10	3.8270938e-13	0.0000000e+00
0	0	5	24	3	1.1545245e+03	-1.2662959e+02	5.5865345e+00	-1.3226101e-01	1.9032224e-03	-1.7100057e-05	9.3899359e-08	-2.8864566e-10	3.8063002e-13	0.0000000e+00
0	0	5	25	0	3.9273254e+03	-3.6260208e+02	1.3920979e+01	-2.9287523e-01	3.7442041e-03	-2.9872072e-05	1.4558472e-07	-3.9705703e-10	4.6465490e-13	0.0000000e+00
0	0	5	25	1	3.9539023e+03	-3.6507391e+02	1.4018300e+01	-2.9500005e-01	3.7724131e-03	-3.0105724e-05	1.4676563e-07	-4.0039155e-10	4.6868819e-13	0.0000000e+00
0	0	5	25	2	3.9164814e+03	-3.6088168e+02	1.3827301e+01	-2.9032862e-01	3.7045453e-03	-2.9501507e-05	1.4352793e-07	-3.9079998e-10	4.5661630e-13	0.0000000e+00
0	0	5	25	3	3.9121326e+03	-3.5876797e+02	1.3680680e+01	-2.8589103e-01	3.6308295e-03	-2.8779748e-05	1.3936547e-07	-3.7770034e-10	4.3925063e-13	0.0000000e+00
0	0	5	26	0	1.1364469e+03	-1.1582944e+02	4.7641692e+00	-1.0529854e-01	1.4157384e-03	-1.1883073e-05	6.0899005e-08	-1.7442826e-10	2.1388155e-13	0.0000000e+00
0	0	5	26	1	1.1296405e+03	-1.1509857e+02	4.7315636e+00	-1.0450844e-01	1.4042447e-03	-1.1779663e-05	6.0334600e-08	-1.7271515e-10	2.1166414e-13	0.0000000e+00
0	0	5	26	2	1.1805409e+03	-1.1951134e+02	4.8907351e+00	-1.0765096e-01	1.4412979e-03	-1.2046075e-05	6.1468363e-08	-1.7529510e-10	2.1401107e-13	0.0000000e+00
0	0	5	26	3	1.4528961e+03	-1.4517264e+02	5.9137506e+00	-1.3026357e-01	1.7445612e-03	-1.4576631e-05	7.4319395e-08	-2.1167088e-10	2.5803226e-13	0.0000000e+00
0	0	5	27	0	2.5389524e+03	-2.4373740e+02	9.6607952e+00	-2.0877507e-01	2.7414393e-03	-2.2466409e-05	1.1248049e-07	-3.1516967e-10	3.7890006e-13	0.0000000e+00
0	0	5	27	1	2.5194417e+03	-2.4180066e+02	9.5800037e+00	-2.0692812e-01	2.7159671e-03	-2.2248454e-05	1.1134631e-07	-3.1187822e-10	3.7481259e-13	0.0000000e+00
0	0	5	27	2	2.5873220e+03	-2.4793245e+02	9.8143091e+00	-2.1190438e-01	2.7802906e-03	-2.2767377e-05	1.1390106e-07	-3.1890385e-10	3.8308576e-13	0.0000000e+00
0	0	5	27	3	2.5681377e+03	-2.4444908e+02	9.6103125e+00	-2.0606266e-01	2.6851099e-03	-2.1839245e-05	1.0852978e-07	-3.0187067e-10	3.6027599e-13	0.0000000e+00
0	0	5	28	0	3.2307969e+03	-2.7594980e+02	9.7947865e+00	-1.9050281e-01	2.2544079e-03	-1.6668790e-05	7.5362870e-08	-1.9082862e-10	2.0745214e-13	0.0000000e+00
0	0	5	28	1	3.0640991e+03	-2.6043448e+02	9.1837254e+00	-1.7719942e-01	2.0790170e-03	-1.5232623e-05	6.8217830e-08	-1.7104757e-10	1.8408029e-13	0.0000000e+00
0	0	5	28	2	3.0281992e+03	-2.5734601e+02	9.0710812e+00	-1.7493433e-01	2.0514838e-03	-1.5024950e-05	6.7266569e-08	-1.6862345e-10	1.8144436e-13	0.0000000e+00
0	0	5	28	3	2.7949600e+03	-2.3570108e+02	8.2291470e+00	-1.5699017e-01	1.8211636e-03	-1.3195172e-05	5.8451342e-08	-1.4501000e-10	1.5445235e-13	0.0000000e+00
0	0	5	29	0	2.1048740e+03	-2.6087399e+02	1.3265496e+01	-3.6661622e-01	6.1543928e-03	-6.4467669e-05	4.1252471e-07	-1.4772604e-09	2.2694750e-12	0.0000000e+00
0	0	5	29	1	2.8459802e+03	-3.4987912e+02	1.7767490e+01	-4.9217927e-01	8.2737859e-03	-8.6711843e-05	5.5470474e-07	-1.9844892e-09	3.0442684e-12	0.0000000e+00
0	0	5	29	2	2.1308169e+03	-2.6330692e+02	1.3355716e+01	-3.6830795e-01	6.1701727e-03	-6.4508327e-05	4.1203046e-07	-1.4729304e-09	2.2590940e-12	0.0000000e+00
0	0	5	29	3	2.1285737e+03	-2.6171851e+02	1.3207351e+01	-3.6232737e-01	6.0381033e-03	-6.2791376e-05	3.9889460e-07	-1.4181282e-09	2.1628652e-12	0.0000000e+00
0	0	5	30	0	2.8655532e+03	-2.9404428e+02	1.2493104e+01	-2.8982943e-01	4.0830639e-03	-3.5878078e-05	1.9249575e-07	-5.7772398e-10	7.4365064e-13	0.0000000e+00
0	0	5	30	1	2.9063059e+03	-2.9733160e+02	1.2592323e+01	-2.9109877e-01	4.0845415e-03	-3.5732235e-05	1.9079313e-07	-5.6968330e-10	7.2935202e-13	0.0000000e+00
0	0	5	30	2	2.9575320e+03	-3.0237247e+02	1.2801659e+01	-2.9593936e-01	4.1528163e-03	-3.6334572e-05	1.9404271e-07	-5.7949479e-10	7.4205919e-13	0.0000000e+00
0	0	5	30	3	2.7548901e+03	-2.8013977e+02	1.1781199e+01	-2.7030334e-01	3.7652142e-03	-3.2708886e-05	1.7348154e-07	-5.1466997e-10	6.5484770e-13	0.0000000e+00
0	0	5	31	0	1.6754675e+03	-1.8116440e+02	8.0209980e+00	-1.9226743e-01	2.8007126e-03	-2.5473049e-05	1.4162616e-07	-4.4097193e-10	5.8937572e-13	0.0000000e+00
0	0	5	31	1	1.5988920e+03	-1.7278047e+02	7.6341376e+00	-1.8243358e-01	2.6496490e-03	-2.4033176e-05	1.3328852e-07	-4.1409082e-10	5.5235027e-13	0.0000000e+00
0	0	5	31	2	1.6704231e+03	-1.8004759e+02	7.9448357e+00	-1.8976979e-01	2.7544361e-03	-2.4962255e-05	1.3829214e-07	-4.2908455e-10	5.7152693e-13	0.0000000e+00
0	0	5	31	3	1.5691461e+03	-1.6905325e+02	7.4416957e+00	-1.7714807e-01	2.5636475e-03	-2.3176197e-05	1.2814313e-07	-3.9697159e-10	5.2809081e-13	0.0000000e+00
0	0	5	32	0	1.6720507e+03	-2.0510255e+02	1.0284129e+01	-2.7906498e-01	4.5959707e-03	-4.7194859e-05	2.9582955e-07	-1.0370224e-09	1.5584688e-12	0.0000000e+00
0	0	5	32	1	1.6713972e+03	-2.0498763e+02	1.0275451e+01	-2.7872786e-01	4.5885602e-03	-4.7099107e-05	2.9510798e-07	-1.0340881e-09	1.5534991e-12	0.0000000e+00
0	0	5	32	2	1.7566921e+03	-2.1480403e+02	1.0753599e+01	-2.9168215e-01	4.8023039e-03	-4.9301296e-05	3.0896243e-07	-1.0828188e-09	1.6269803e-12	0.0000000e+00
0	0	5	32	3	2.0801594e+03	-2.5165446e+02	1.2529577e+01	-3.3914462e-01	5.5723661e-03	-5.7080630e-05	3.5681975e-07	-1.2469674e-09	1.8676720e-12	0.0000000e+00
0	0	5	33	0	2.0405385e+03	-2.0736632e+02	8.6714230e+00	-1.9703236e-01	2.7195872e-03	-2.3423636e-05	1.2323819e-07	-3.6284659e-10	4.5831009e-13	0.0000000e+00
0	0	5	33	1	2.0430497e+03	-2.0774951e+02	8.6929798e+00	-1.9765349e-01	2.7299451e-03	-2.3527491e-05	1.2385557e-07	-3.6485159e-10	4.6105101e-13	0.0000000e+00
0	0	5	33	2	2.0549912e+03	-2.0876062e+02	8.7275476e+00	-1.9829461e-01	2.7369563e-03	-2.3573621e-05	1.2403203e-07	-3.6519981e-10	4.6130114e-13	0.0000000e+00
0	0	5	33	3	2.0435343e+03	-2.0614520e+02	8.5552502e+00	-1.9290042e-01	2.6419768e-03	-2.2579421e-05	1.1788340e-07	-3.4443148e-10	4.3175557e-13	0.0000000e+00
0	0	5	34	0	1.1426536e+03	-1.2835452e+02	5.7950974e+00	-1.4036082e-01	2.0637091e-03	-1.8913699e-05	1.0574839e-07	-3.3038705e-10	4.4206907e-13	0.0000000e+00
0	0	5	34	1	9.3509631e+02	-1.0391830e+02	4.5981870e+00	-1.0850501e-01	1.5570258e-03	-1.3956727e-05	7.6490124e-08	-2.3476779e-10	3.0917903e-13	0.0000000e+00
0	0	5	34	2	9.2850519e+02	-1.0303401e+02	4.5502424e+00	-1.0716238e-01	1.5351295e-03	-1.3740478e-05	7.5214523e-08	-2.3062889e-10	3.0349432e-13	0.0000000e+00
0	0	5	34	3	8.5364594e+02	-9.5580750e+01	4.2330837e+00	-9.9609278e-02	1.4240002e-03	-1.2700059e-05	6.9149237e-08	-2.1053090e-10	2.7462120e-13	0.0000000e+00
0	0	5	35	0	1.2425579e+03	-1.3043762e+02	5.5387011e+00	-1.2658027e-01	1.7575807e-03	-1.5225327e-05	8.0518817e-08	-2.3805743e-10	3.0150714e-13	0.0000000e+00
0	0	5	35	1	1.4563732e+03	-1.5087143e+02	6.3607421e+00	-1.4485097e-01	2.0038588e-03	-1.7293347e-05	9.1109456e-08	-2.6835989e-10	3.3865800e-13	0.0000000e+00
0	0	5	35	2	1.5358226e+03	-1.5869737e+02	6.6830654e+00	-1.5215704e-01	2.1038423e-03	-1.8141964e-05	9.5485746e-08	-2.8093589e-10	3.5412317e-13	0.0000000e+00
0	0	5	35	3	6.5580530e+02	-7.1710541e+01	3.0403938e+00	-6.7710146e-02	9.1626501e-04	-7.7496834e-06	4.0126160e-08	-1.1651972e-10	1.4533401e-13	0.0000000e+00
0	0	5	36	0	2.2345381e+03	-2.2822487e+02	9.5687361e+00	-2.1795809e-01	3.0141866e-03	-2.5995298e-05	1.3686426e-07	-4.0299772e-10	5.0876312e-13	0.0000000e+00
0	0	5	36	1	1.2124142e+03	-1.2285872e+02	4.9795918e+00	-1.0768683e-01	1.4148433e-03	-1.1642065e-05	5.8896344e-08	-1.6813972e-10	2.0774632e-13	0.0000000e+00
0	0	5	36	2	2.4218760e+03	-2.4786037e+02	1.0435453e+01	-2.3895924e-01	3.3205852e-03	-2.8761850e-05	1.5201823e-07	-4.4919529e-10	5.6895330e-13	0.0000000e+00
0	0	5	36	3	1.8601558e+03	-1.9191869e+02	8.0961971e+00	-1.8539931e-01	2.5837957e-03	-2.2503114e-05	1.1983327e-07	-3.5724743e-10	4.5685211e-13	0.0000000e+00
0	0	5	37	0	1.1921298e+03	-1.3356952e+02	6.0684242e+00	-1.4860535e-01	2.2133137e-03	-2.0588461e-05	1.1704522e-07	-3.7240794e-10	5.0816930e-13	0.0000000e+00
0	0	5	37	1	1.2561970e+03	-1.3851756e+02	6.2019925e+00	-1.4945915e-01	2.1858527e-03	-1.9932844e-05	1.1096797e-07	-3.4557016e-10	4.6148708e-13	0.0000000e+00
0	0	5	37	2	1.2515579e+03	-1.4145853e+02	6.5061431e+00	-1.6182677e-01	2.4504033e-03	-2.3173181e-05	1.3381529e-07	-4.3183693e-10	5.9661076e-13	0.0000000e+00
0	0	5	37	3	1.3713899e+03	-1.4914169e+02	6.6126542e+00	-1.5836413e-01	2.3042769e-03	-2.0919271e-05	1.1596681e-07	-3.5955558e-10	4.7787750e-13	0.0000000e+00
0	0	5	38	0	1.5664540e+03	-1.6560304e+02	7.1531229e+00	-1.6756456e-01	2.3892759e-03	-2.1283793e-05	1.1586111e-07	-3.5284484e-10	4.6058903e-13	0.0000000e+00
0	0	5	38	1	1.7805980e+03	-1.8480656e+02	7.8708429e+00	-1.8207230e-01	2.5616745e-03	-2.2502361e-05	1.2074071e-07	-3.6236800e-10	4.6616508e-13	0.0000000e+00
0	0	5	38	2	1.0110712e+03	-1.0599483e+02	4.4374619e+00	-9.8983586e-02	1.3387533e-03	-1.1285229e-05	5.8086208e-08	-1.6737452e-10	2.0702831e-13	0.0000000e+00
0	0	5	38	3	1.4167308e+03	-1.4863770e+02	6.3396435e+00	-1.4605503e-01	2.0448428e-03	-1.7859209e-05	9.5200363e-08	-2.8364450e-10	3.6199177e-13	0.0000000e+00
0	0	5	39	0	2.1670088e+03	-2.1978653e+02	9.1515293e+00	-2.0690383e-01	2.8403476e-03	-2.4327042e-05	1.2727068e-07	-3.7259457e-10	4.6791976e-13	0.0000000e+00
0	0	5	39	1	2.3616606e+03	-2.3776817e+02	9.8594885e+00	-2.2247085e-01	3.0495764e-03	-2.6088044e-05	1.3634059e-07	-3.9875611e-10	5.0031734e-13	0.0000000e+00
0	0	5	39	2	2.5038457e+03	-2.5234097e+02	1.0490829e+01	-2.3757744e-01	3.2678179e-03	-2.8039627e-05	1.4691251e-07	-4.3055468e-10	5.4107982e-13	0.0000000e+00
0	0	5	39	3	2.5797971e+03	-2.5824542e+02	1.0659981e+01	-2.3956741e-01	3.2672186e-03	-2.7774915e-05	1.4407730e-07	-4.1777615e-10	5.1915845e-13	0.0000000e+00
0	0	5	40	0	1.6453973e+03	-1.8074100e+02	8.1242876e+00	-1.9753873e-01	2.9132953e-03	-2.6765758e-05	1.4995054e-07	-4.6927945e-10	6.2893690e-13	0.0000000e+00
0	0	5	40	1	1.7951902e+03	-1.9621053e+02	8.8066263e+00	-2.1433173e-01	3.1660853e-03	-2.9154817e-05	1.6381559e-07	-5.1449106e-10	6.9236836e-13	0.0000000e+00
0	0	5	40	2	1.6710616e+03	-1.8460675e+02	8.3534527e+00	-2.0467094e-01	3.0434062e-03	-2.8209119e-05	1.5954066e-07	-5.0437760e-10	6.8333154e-13	0.0000000e+00
0	0	5	40	3	1.6628483e+03	-1.8190077e+02	8.1472178e+00	-1.9753484e-01	2.9067481e-03	-2.6665361e-05	1.4927686e-07	-4.6716075e-10	6.2648530e-13	0.0000000e+00
0	0	5	41	0	1.1704240e+03	-1.4047977e+02	6.7806344e+00	-1.7555101e-01	2.7610157e-03	-2.7101984e-05	1.6253361e-07	-5.4551708e-10	7.8527652e-13	0.0000000e+00
0	0	5	41	1	2.7946490e+02	-3.4665886e+01	1.4599391e+00	-2.7599486e-02	2.7180871e-04	-1.1263431e-06	-1.9160966e-09	3.3059756e-11	-8.2535182e-14	0.0000000e+00
0	0	5	41	2	4.9617813e+02	-6.4701561e+01	3.1854131e+00	-8.1258096e-02	1.2620501e-03	-1.2278057e-05	7.3275999e-08	-2.4573052e-10	3.5444670e-13	0.0000000e+00
0	0	5	41	3	1.2007380e+03	-1.4307269e+02	6.8639174e+00	-1.7675652e-01	2.7650360e-03	-2.6994598e-05	1.6100813e-07	-5.3744059e-10	7.6941920e-13	0.0000000e+00
0	0	5	42	0	1.6435835e+03	-1.8071779e+02	8.1085997e+00	-1.9669369e-01	2.8978835e-03	-2.6652830e-05	1.4986225e-07	-4.7203075e-10	6.3846769e-13	0.0000000e+00
0	0	5	42	1	1.5895193e+03	-1.6959602e+02	7.3679976e+00	-1.7257451e-01	2.4528864e-03	-2.1748507e-05	1.1778283e-07	-3.5691075e-10	4.6366497e-13	0.0000000e+00
0	0	5	42	2	1.6559015e+03	-1.7971558e+02	7.9645081e+00	-1.9089003e-01	2.7802065e-03	-2.5288768e-05	1.4066217e-07	-4.3832396e-10	5.8649857e-13	0.0000000e+00
0	0	5	42	3	2.0518774e+03	-2.2135175e+02	9.8282080e+00	-2.3739469e-01	3.4865302e-03	-3.1969521e-05	1.7909187e-07	-5.6134170e-10	7.5452697e-13	0.0000000e+00
0	0	5	43	0	8.8713586e+02	-1.0190242e+02	4.6570911e+00	-1.1306958e-01	1.6642093e-03	-1.5261554e-05	8.5376087e-08	-2.6690331e-10	3.5727234e-13	0.0000000e+00
0	0	5	43	1	8.8389417e+02	-1.0067004e+02	4.5694585e+00	-1.1038567e-01	1.6200239e-03	-1.4840318e-05	8.3052313e-08	-2.6005870e-10	3.4903439e-13	0.0000000e+00
0	0	5	43	2	7.5207648e+02	-8.5954659e+01	3.8793998e+00	-9.2661388e-02	1.3472764e-03	-1.2262271e-05	6.8392239e-08	-2.1402166e-10	2.8764949e-13	0.0000000e+00
0	0	5	43	3	1.0280454e+03	-1.1340952e+02	5.0240226e+00	-1.1886635e-01	1.7076924e-03	-1.5315327e-05	8.3973973e-08	-2.5792171e-10	3.4006194e-13	0.0000000e+00
0	0	5	44	0	1.3432561e+03	-1.4014505e+02	5.8778143e+00	-1.3162255e-01	1.7814543e-03	-1.5006430e-05	7.7195864e-08	-2.2261776e-10	2.7621587e-13	0.0000000e+00
0	0	5	44	1	2.1883535e+03	-2.3877843e+02	1.0711940e+01	-2.6138592e-01	3.8682367e-03	-3.5621102e-05	1.9965024e-07	-6.2370342e-10	8.3257853e-13	0.0000000e+00
0	0	5	44	2	1.8303651e+03	-1.9144922e+02	8.1634703e+00	-1.8786919e-01	2.6166756e-03	-2.2669994e-05	1.1966760e-07	-3.5281567e-10	4.4559514e-13	0.0000000e+00
0	0	5	44	3	1.3157509e+03	-1.2886694e+02	5.0008006e+00	-1.0087788e-01	1.1863117e-03	-8.2196302e-06	3.1757079e-08	-5.7336507e-11	2.4132289e-14	0.0000000e+00
0	0	5	45	0	7.4524097e+02	-7.9131302e+01	3.3093085e+00	-7.3142380e-02	9.8272273e-04	-8.2481574e-06	4.2345523e-08	-1.2185361e-10	1.5058770e-13	0.0000000e+00
0	0	5	45	1	1.2283491e+03	-1.2819130e+02	5.4094534e+00	-1.2270264e-01	1.6893672e-03	-1.4497624e-05	7.5902150e-08	-2.2208156e-10	2.7831868e-13	0.0000000e+00
0	0	5	45	2	1.2854170e+03	-1.3289240e+02	5.5742021e+00	-1.2599254e-01	1.7310571e-03	-1.4844903e-05	7.7761939e-08	-2.2789758e-10	2.8637105e-13	0.0000000e+00
0	0	5	45	3	1.0857599e+03	-1.1684595e+02	5.0610175e+00	-1.1778849e-01	1.6665587e-03	-1.4708367e-05	7.9191416e-08	-2.3813637e-10	3.0644665e-13	0.0000000e+00
0	0	5	46	0	2.3658091e+03	-2.4811717e+02	1.0731536e+01	-2.5311494e-01	3.6315394e-03	-3.2540898e-05	1.7819428e-07	-5.4607341e-10	7.1771614e-13	0.0000000e+00
0	0	5	46	1	1.9482095e+03	-2.0186984e+02	8.5619287e+00	-1.9693279e-01	2.7525499e-03	-2.4018425e-05	1.2808873e-07	-3.8244535e-10	4.9005651e-13	0.0000000e+00
0	0	5	46	2	2.2414297e+03	-2.3303786e+02	9.9578152e+00	-2.3131602e-01	3.2634707e-03	-2.8722779e-05	1.5437473e-07	-4.6414933e-10	5.9847505e-13	0.0000000e+00
0	0	5	46	3	1.9988628e+03	-2.0555342e+02	8.6587772e+00	-1.9791724e-01	2.7492193e-03	-2.3841911e-05	1.2636555e-07	-3.7496678e-10	4.7747830e-13	0.0000000e+00
0	0	5	47	0	2.6677737e+03	-3.1252124e+02	1.5133660e+01	-3.9961824e-01	6.4085810e-03	-6.4103268e-05	3.9148821e-07	-1.3372831e-09	1.9589079e-12	0.0000000e+00
0	0	5	47	1	1.9268822e+03	-2.1931807e+02	1.0180773e+01	-2.5452083e-01	3.8421368e-03	-3.5994501e-05	2.0501129e-07	-6.5090106e-10	8.8362851e-13	0.0000000e+00
0	0	5	47	2	2.2238181e+03	-2.5934540e+02	1.2458145e+01	-3.2554507e-01	5.1698522e-03	-5.1248520e-05	3.1042001e-07	-1.0525206e-09	1.5314470e-12	0.0000000e+00
0	0	5	47	3	1.9716317e+03	-2.2322305e+02	1.0335694e+01	-2.5857326e-01	3.9173327e-03	-3.6928610e-05	2.1212625e-07	-6.8048878e-10	9.3482828e-13	0.0000000e+00
0	0	5	48	0	2.2314558e+03	-2.0282509e+02	7.5790701e+00	-1.5409040e-01	1.9041890e-03	-1.4688269e-05	6.9217720e-08	-1.8252318e-10	2.0644041e-13	0.0000000e+00
0	0	5	48	1	2.3838997e+03	-2.1738358e+02	8.1602135e+00	-1.6678183e-01	2.0706831e-03	-1.6037100e-05	7.5833810e-08	-2.0055421e-10	2.2741238e-13	0.0000000e+00
0	0	5	48	2	2.3457847e+03	-2.1089169e+02	7.8164082e+00	-1.5801026e-01	1.9449812e-03	-1.4968375e-05	7.0470307e-08	-1.8584344e-10	2.1037753e-13	0.0000000e+00
0	0	5	48	3	2.1965613e+03	-2.0070070e+02	7.5292473e+00	-1.5361105e-01	1.9041939e-03	-1.4728274e-05	6.9564024e-08	-1.8376471e-10	2.0811517e-13	0.0000000e+00
0	0	5	49	0	1.7493625e+03	-1.9037968e+02	8.4479990e+00	-2.0271587e-01	2.9500690e-03	-2.6754655e-05	1.4804974e-07	-4.5796533e-10	6.0708030e-13	0.0000000e+00
0	0	5	49	1	2.3376946e+03	-2.4903477e+02	1.0925703e+01	-2.6086238e-01	3.7806239e-03	-3.4159704e-05	1.8835348e-07	-5.8058336e-10	7.6697367e-13	0.0000000e+00
0	0	5	49	2	2.3784387e+03	-2.5193385e+02	1.0991354e+01	-2.6093692e-01	3.7590610e-03	-3.3752869e-05	1.8491066e-07	-5.6620797e-10	7.4295133e-13	0.0000000e+00
0	0	5	49	3	2.4738191e+03	-2.6410345e+02	1.1632365e+01	-2.7915797e-01	4.0667937e-03	-3.6936366e-05	2.0471624e-07	-6.3424610e-10	8.4211376e-13	0.0000000e+00
0	0	5	50	0	1.5240499e+03	-1.8170168e+02	8.8443737e+00	-2.3288044e-01	3.7221482e-03	-3.7073052e-05	2.2516414e-07	-7.6376122e-10	1.1090541e-12	0.0000000e+00
0	0	5	50	1	7.1168524e+02	-8.3607605e+01	3.8518441e+00	-9.3137510e-02	1.3656315e-03	-1.2503810e-05	7.0110410e-08	-2.2081953e-10	2.9936624e-13	0.0000000e+00
0	0	5	50	2	8.6426672e+02	-1.0275906e+02	4.8627148e+00	-1.2247884e-01	1.8781382e-03	-1.8027293e-05	1.0604494e-07	-3.5013409e-10	4.9693566e-13	0.0000000e+00
0	0	5	50	3	1.7045853e+03	-1.9741173e+02	9.3780994e+00	-2.4167717e-01	3.7849506e-03	-3.6992365e-05	2.2082112e-07	-7.3742190e-10	1.0559648e-12	0.0000000e+00
0	0	5	51	0	1.6447727e+03	-1.7899863e+02	7.9445605e+00	-1.9067268e-01	2.7764179e-03	-2.5197614e-05	1.3953469e-07	-4.3192591e-10	5.7292799e-13	0.0000000e+00
0	0	5	51	1	1.6528434e+03	-1.7976466e+02	7.9743485e+00	-1.9129620e-01	2.7840578e-03	-2.5253350e-05	1.3976758e-07	-4.3241885e-10	5.7329787e-13	0.0000000e+00
0	0	5	51	2	1.6765477e+03	-1.8210696e+02	8.0733652e+00	-1.9366275e-01	2.8189933e-03	-2.5578896e-05	1.4163312e-07	-4.3841647e-10	5.8156951e-13	0.0000000e+00
0	0	5	51	3	1.7893439e+03	-1.9297023e+02	8.5142241e+00	-2.0361248e-01	2.9556439e-03	-2.6750493e-05	1.4776521e-07	-4.5634990e-10	6.0403950e-13	0.0000000e+00
0	0	5	52	0	1.2926589e+03	-1.6002704e+02	8.0364437e+00	-2.1738423e-01	3.5721508e-03	-3.6634330e-05	2.2952939e-07	-8.0477741e-10	1.2101424e-12	0.0000000e+00
0	0	5	52	1	1.4003737e+03	-1.7356462e+02	8.7592134e+00	-2.3875947e-01	3.9555463e-03	-4.0910010e-05	2.5852250e-07	-9.1424379e-10	1.3866120e-12	0.0000000e+00
0	0	5	52	2	1.3294885e+03	-1.6410286e+02	8.2254047e+00	-2.2220886e-01	3.6464490e-03	-3.7341626e-05	2.3359772e-07	-8.1771662e-10	1.2275780e-12	0.0000000e+00
0	0	5	52	3	1.3486299e+03	-1.6563474e+02	8.2656918e+00	-2.2240843e-01	3.6352978e-03	-3.7080863e-05	2.3105413e-07	-8.0562579e-10	1.2046589e-12	0.0000000e+00
0	0	5	53	0	3.4422261e+03	-3.2553693e+02	1.2775355e+01	-2.7429524e-01	3.5763728e-03	-2.9088062e-05	1.4448609e-07	-4.0158007e-10	4.7889280e-13	0.0000000e+00
0	0	5	53	1	3.3175925e+03	-3.1290805e+02	1.2232557e+01	-2.6136625e-01	3.3895462e-03	-2.7409160e-05	1.3531113e-07	-3.7366105e-10	4.4261930e-13	0.0000000e+00
0	0	5	53	2	3.1993628e+03	-3.0125662e+02	1.1749262e+01	-2.5033948e-01	3.2377162e-03	-2.6113423e-05	1.2859934e-07	-3.5431807e-10	4.1881865e-13	0.0000000e+00
0	0	5	53	3	3.4583779e+03	-3.2376123e+02	1.2577688e+01	-2.6731181e-01	3.4497248e-03	-2.7770415e-05	1.3652772e-07	-3.7558848e-10	4.4335756e-13	0.0000000e+00
0	0	5	54	0	1.2950300e+03	-1.4552672e+02	6.6308084e+00	-1.6260968e-01	2.4245421e-03	-2.2572569e-05	1.2842358e-07	-4.0894987e-10	5.5854334e-13	0.0000000e+00
0	0	5	54	1	1.1558627e+03	-1.2619267e+02	5.5391779e+00	-1.2973067e-01	1.8435030e-03	-1.6364664e-05	8.9019018e-08	-2.7229444e-10	3.5925340e-13	0.0000000e+00
0	0	5	54	2	1.1821595e+03	-1.3300169e+02	6.0427990e+00	-1.4735369e-01	2.1847037e-03	-2.0228450e-05	1.1448650e-07	-3.6277645e-10	4.9316877e-13	0.0000000e+00
0	0	5	54	3	1.1712958e+03	-1.3143839e+02	5.9558573e+00	-1.4488526e-01	2.1435805e-03	-1.9808549e-05	1.1188850e-07	-3.5380571e-10	4.7989753e-13	0.0000000e+00
0	0	5	55	0	2.6617932e+03	-2.8543823e+02	1.2646450e+01	-3.0561903e-01	4.4884728e-03	-4.1156218e-05	2.3066529e-07	-7.2394318e-10	9.7542861e-13	0.0000000e+00
0	0	5	55	1	3.1311355e+03	-3.4182059e+02	1.5461843e+01	-3.8210621e-01	5.7308227e-03	-5.3572108e-05	3.0556450e-07	-9.7429043e-10	1.3315904e-12	0.0000000e+00
0	0	5	55	2	2.8035740e+03	-3.0801807e+02	1.4007497e+01	-3.4815115e-01	5.2608484e-03	-4.9626080e-05	2.8597734e-07	-9.2202218e-10	1.2748790e-12	0.0000000e+00
0	0	5	55	3	2.9636816e+03	-3.1395386e+02	1.3776654e+01	-3.3019471e-01	4.8083002e-03	-4.3704029e-05	2.4277807e-07	-7.5525219e-10	1.0088696e-12	0.0000000e+00
0	0	5	56	0	1.9731658e+03	-2.2655864e+02	1.0676044e+01	-2.7308062e-01	4.2401333e-03	-4.1047293e-05	2.4252464e-07	-8.0125051e-10	1.1348152e-12	0.0000000e+00
0	0	5	56	1	1.3987723e+03	-1.6404437e+02	7.8218255e+00	-2.0170079e-01	3.1696132e-03	-3.1166350e-05	1.8756609e-07	-6.3238975e-10	9.1486616e-13	0.0000000e+00
0	0	5	56	2	1.9050039e+03	-2.1864816e+02	1.0294546e+01	-2.6301616e-01	4.0817843e-03	-3.9527251e-05	2.3382847e-07	-7.7413559e-10	1.0995633e-12	0.0000000e+00
0	0	5	56	3	9.1445880e+02	-1.0531934e+02	4.8251324e+00	-1.1752833e-01	1.7420917e-03	-1.6164691e-05	9.1978649e-08	-2.9411806e-10	4.0491235e-13	0.0000000e+00
0	0	5	57	0	2.1659517e+03	-2.2254089e+02	9.4001675e+00	-2.1617272e-01	3.0224249e-03	-2.6384560e-05	1.4075216e-07	-4.2030021e-10	5.3851818e-13	0.0000000e+00
0	0	5	57	1	1.9922529e+03	-2.0702007e+02	8.8454733e+00	-2.0613463e-01	2.9289424e-03	-2.6043943e-05	1.4174269e-07	-4.3219434e-10	5.6562713e-13	0.0000000e+00
0	0	5	57	2	2.1755173e+03	-2.2208369e+02	9.3236465e+00	-2.1312769e-01	2.9621767e-03	-2.5706750e-05	1.3633932e-07	-4.0478501e-10	5.1569664e-13	0.0000000e+00
0	0	5	57	3	2.5924263e+03	-2.6168173e+02	1.0915893e+01	-2.4863583e-01	3.4429538e-03	-2.9759711e-05	1.5714191e-07	-4.6430143e-10	5.8846406e-13	0.0000000e+00
0	0	5	58	0	1.9123994e+03	-2.1764928e+02	1.0149481e+01	-2.5654784e-01	3.9363396e-03	-3.7678627e-05	2.2031486e-07	-7.2101197e-10	1.0124499e-12	0.0000000e+00
0	0	5	58	1	1.6975254e+03	-1.9378195e+02	9.0578976e+00	-2.2973965e-01	3.5494145e-03	-3.4316072e-05	2.0315245e-07	-6.7419575e-10	9.6078711e-13	0.0000000e+00
0	0	5	58	2	2.6249644e+03	-2.9534506e+02	1.3736120e+01	-3.4830424e-01	5.3615193e-03	-5.1464776e-05	3.0156323e-07	-9.8819353e-10	1.3884139e-12	0.0000000e+00
0	0	5	58	3	2.6353765e+03	-2.9517941e+02	1.3666506e+01	-3.4500796e-01	5.2875695e-03	-5.0535844e-05	2.9485628e-07	-9.6213182e-10	1.3461383e-12	0.0000000e+00
0	0	5	59	0	1.4514785e+03	-1.5728188e+02	6.9586310e+00	-1.6669825e-01	2.4295766e-03	-2.2117314e-05	1.2303309e-07	-3.8293171e-10	5.1098980e-13	0.0000000e+00
0	0	5	59	1	1.4236024e+03	-1.5085263e+02	6.5170612e+00	-1.5211017e-01	2.1583412e-03	-1.9125373e-05	1.0360093e-07	-3.1427422e-10	4.0919574e-13	0.0000000e+00
0	0	5	59	2	1.2269312e+03	-1.2838564e+02	5.4373336e+00	-1.2350270e-01	1.7011008e-03	-1.4605928e-05	7.6581031e-08	-2.2477913e-10	2.8322462e-13	0.0000000e+00
0	0	5	59	3	1.2243888e+03	-1.3014801e+02	5.6069808e+00	-1.2999056e-01	1.8322659e-03	-1.6132923e-05	8.6862883e-08	-2.6197711e-10	3.3917381e-13	0.0000000e+00
0	0	5	60	0	5.1604749e+02	-6.4167374e+01	3.1024859e+00	-7.8934141e-02	1.2349379e-03	-1.2190480e-05	7.4137368e-08	-2.5372146e-10	3.7330881e-13	0.0000000e+00
0	0	5	60	1	5.2506274e+02	-6.5030334e+01	3.1356766e+00	-7.9593018e-02	1.2419476e-03	-1.2224868e-05	7.4132366e-08	-2.5299421e-10	3.7125403e-13	0.0000000e+00
0	0	5	60	2	7.8106525e+02	-9.4443886e+01	4.5559692e+00	-1.1726005e-01	1.8422999e-03	-1.8122555e-05	1.0908982e-07	-3.6762868e-10	5.3096335e-13	0.0000000e+00
0	0	5	60	3	7.5712976e+02	-9.0268127e+01	4.2764235e+00	-1.0758536e-01	1.6500762e-03	-1.5853682e-05	9.3391336e-08	-3.0886316e-10	4.3911733e-13	0.0000000e+00
0	0	5	61	0	1.6862050e+03	-1.8731230e+02	8.5173874e+00	-2.1007390e-01	3.1481599e-03	-2.9438876e-05	1.6811845e-07	-5.3700666e-10	7.3533979e-13	0.0000000e+00
0	0	5	61	1	8.1066492e+02	-9.1168251e+01	4.0411205e+00	-9.4680399e-02	1.3438056e-03	-1.1885436e-05	6.4191418e-08	-1.9406812e-10	2.5168821e-13	0.0000000e+00
0	0	5	61	2	5.5396008e+02	-6.7495934e+01	3.1396542e+00	-7.6136738e-02	1.1184878e-03	-1.0231860e-05	5.7065158e-08	-1.7775652e-10	2.3688381e-13	0.0000000e+00
0	0	5	61	3	1.7067760e+03	-1.9133949e+02	8.7740955e+00	-2.1819019e-01	3.2921755e-03	-3.0937910e-05	1.7716880e-07	-5.6620819e-10	7.7406652e-13	0.0000000e+00
0	0	5	62	0	1.8669602e+03	-2.5778659e+02	1.4617901e+01	-4.5005479e-01	8.4090559e-03	-9.7895514e-05	6.9486794e-07	-2.7543354e-09	4.6737358e-12	0.0000000e+00
0	0	5	62	1	1.7367412e+03	-2.3453810e+02	1.2964791e+01	-3.8808081e-01	7.0494926e-03	-7.9833830e-05	5.5179709e-07	-2.1324882e-09	3.5323779e-12	0.0000000e+00
0	0	5	62	2	2.0355186e+03	-2.7988409e+02	1.5806657e+01	-4.8431841e-01	8.9871706e-03	-1.0372208e-04	7.2879800e-07	-2.8564073e-09	4.7884964e-12	0.0000000e+00
0	0	5	62	3	1.8810806e+03	-2.5650522e+02	1.4343826e+01	-4.3491980e-01	7.9961205e-03	-9.1553338e-05	6.3897204e-07	-2.4900408e-09	4.1536275e-12	0.0000000e+00
0	0	5	63	0	2.2169385e+03	-2.2825923e+02	9.6886978e+00	-2.2390369e-01	3.1427122e-03	-2.7509981e-05	1.4697456e-07	-4.3894460e-10	5.6173772e-13	0.0000000e+00
0	0	5	63	1	2.3862134e+03	-2.4696585e+02	1.0549829e+01	-2.4554811e-01	3.4695088e-03	-3.0560452e-05	1.6424018e-07	-4.9331589e-10	6.3488933e-13	0.0000000e+00
0	0	5	63	2	1.4508883e+03	-1.5021339e+02	6.3271070e+00	-1.4384902e-01	1.9870815e-03	-1.7133296e-05	9.0266695e-08	-2.6619346e-10	3.3677602e-13	0.0000000e+00
0	0	5	63	3	1.6012140e+03	-1.6243816e+02	6.7316351e+00	-1.5101150e-01	2.0614003e-03	-1.7593489e-05	9.1890222e-08	-2.6898139e-10	3.3812837e-13	0.0000000e+00
0	0	6	0	0	2.3335911e+03	-2.5789478e+02	1.1704324e+01	-2.8859854e-01	4.3220338e-03	-4.0384119e-05	2.3046208e-07	-7.3582218e-10	1.0075705e-12	0.0000000e+00
0	0	6	0	1	2.3330237e+03	-2.5758902e+02	1.1679146e+01	-2.8768340e-01	4.3037408e-03	-4.0169267e-05	2.2898249e-07	-7.3028916e-10	9.9889823e-13	0.0000000e+00
0	0	6	0	2	2.3775972e+03	-2.6203998e+02	1.1867511e+01	-2.9214674e-01	4.3685534e-03	-4.0760366e-05	2.3229187e-07	-7.4069811e-10	1.0129962e-12	0.0000000e+00
0	0	6	0	3	2.2332212e+03	-2.4488875e+02	1.1012299e+01	-2.6879284e-01	3.9845728e-03	-3.6853820e-05	2.0819648e-07	-6.5808181e-10	8.9215039e-13	0.0000000e+00
0	0	6	1	0	1.7584037e+03	-2.0875021e+02	1.0119947e+01	-2.6522848e-01	4.2225388e-03	-4.1962681e-05	2.5484297e-07	-8.6637725e-10	1.2635916e-12	0.0000000e+00
0	0	6	1	1	2.2035996e+03	-2.6142941e+02	1.2754322e+01	-3.3807534e-01	5.4430282e-03	-5.4674096e-05	3.3537276e-07	-1.1506688e-09	1.6925963e-12	0.0000000e+00
0	0	6	1	2	1.5558710e+03	-1.8465448e+02	8.9087915e+00	-2.3162510e-01	3.6583091e-03	-3.6078796e-05	2.1754519e-07	-7.3468992e-10	1.0649238e-12	0.0000000e+00
0	0	6	1	3	2.2666731e+03	-2.6623282e+02	1.2870189e+01	-3.3821428e-01	5.3985249e-03	-5.3759562e-05	3.2689755e-07	-1.1117430e-09	1.6208152e-12	0.0000000e+00
0	0	6	2	0	1.3525244e+03	-1.5447861e+02	7.1123366e+00	-1.7556159e-01	2.6291108e-03	-2.4560284e-05	1.4017655e-07	-4.4788073e-10	6.1395350e-13	0.0000000e+00
0	0	6	2	1	1.3175032e+03	-1.5054372e+02	6.9255457e+00	-1.7067000e-01	2.5515759e-03	-2.3796863e-05	1.3560611e-07	-4.3263754e-10	5.9223281e-13	0.0000000e+00
0	0	6	2	2	1.2610861e+03	-1.4416006e+02	6.6189904e+00	-1.6256155e-01	2.4219281e-03	-2.2510023e-05	1.2784200e-07	-4.0653800e-10	5.5472836e-13	0.0000000e+00
0	0	6	2	3	1.1699615e+03	-1.3323309e+02	6.0685768e+00	-1.4741972e-01	2.1716151e-03	-1.9953752e-05	1.1203636e-07	-3.5226905e-10	4.7531087e-13	0.0000000e+00
0	0	6	3	0	8.9580646e+02	-1.0769260e+02	5.1273665e+00	-1.2965213e-01	1.9998618e-03	-1.9329153e-05	1.1450978e-07	-3.8053816e-10	5.4294741e-13	0.0000000e+00
0	0	6	3	1	1.3805911e+03	-1.6140904e+02	7.6233940e+00	-1.9339900e-01	2.9818683e-03	-2.8709672e-05	1.6897162e-07	-5.5681748e-10	7.8718591e-13	0.0000000e+00
0	0	6	3	2	1.2606584e+03	-1.4738289e+02	6.9343014e+00	-1.7477834e-01	2.6774791e-03	-2.5612313e-05	1.4974775e-07	-4.9014365e-10	6.8812669e-13	0.0000000e+00
0	0	6	3	3	1.4303503e+03	-1.6544980e+02	7.7446661e+00	-1.9493674e-01	2.9822057e-03	-2.8488324e-05	1.6633737e-07	-5.4368937e-10	7.6224140e-13	0.0000000e+00
0	0	6	4	0	9.2353564e+02	-1.0243554e+02	4.4629464e+00	-1.0276357e-01	1.4351273e-03	-1.2505080e-05	6.6616806e-08	-1.9888374e-10	2.5500172e-13	0.0000000e+00
0	0	6	4	1	1.4266703e+03	-1.5486433e+02	6.7833185e+00	-1.5982641e-01	2.2881201e-03	-2.0448448e-05	1.1167241e-07	-3.4139785e-10	4.4775487e-13	0.0000000e+00
0	0	6	4	2	1.5145577e+03	-1.6125900e+02	6.9540706e+00	-1.6177233e-01	2.2927816e-03	-2.0348285e-05	1.1069553e-07	-3.3801417e-10	4.4376257e-13	0.0000000e+00
0	0	6	4	3	2.1115439e+03	-2.2408672e+02	9.7491369e+00	-2.3040837e-01	3.3096869e-03	-2.9669796e-05	1.6244414e-07	-4.9752513e-10	6.5336939e-13	0.0000000e+00
0	0	6	5	0	2.7169392e+03	-3.2846414e+02	1.6372738e+01	-4.4460857e-01	7.3337895e-03	-7.5489355e-05	4.7471829e-07	-1.6708438e-09	2.5233073e-12	0.0000000e+00
0	0	6	5	1	2.7096826e+03	-3.2715488e+02	1.6284271e+01	-4.4153920e-01	7.2720610e-03	-7.4739939e-05	4.6929645e-07	-1.6493145e-09	2.4871966e-12	0.0000000e+00
0	0	6	5	2	2.7331980e+03	-3.2978387e+02	1.6408569e+01	-4.4481084e-01	7.3243361e-03	-7.5259268e-05	4.7243103e-07	-1.6598298e-09	2.5022222e-12	0.0000000e+00
0	0	6	5	3	2.6449973e+03	-3.1675214e+02	1.5624687e+01	-4.1955712e-01	6.8416661e-03	-6.9610403e-05	4.3266093e-07	-1.5051085e-09	2.2466425e-12	0.0000000e+00
0	0	6	6	0	9.0589081e+02	-1.2170933e+02	6.4952688e+00	-1.8418762e-01	3.1736605e-03	-3.4145465e-05	2.2456192e-07	-8.2685492e-10	1.3057126e-12	0.0000000e+00
0	0	6	6	1	9.3506952e+02	-1.2545950e+02	6.6992331e+00	-1.9031341e-01	3.2847326e-03	-3.5392739e-05	2.3304921e-07	-8.5891838e-10	1.3573154e-12	0.0000000e+00
0	0	6	6	2	9.2123120e+02	-1.2333685e+02	6.5657797e+00	-1.8582350e-01	3.1951512e-03	-3.4298926e-05	2.2502208e-07	-8.2640289e-10	1.3014605e-12	0.0000000e+00
0	0	6	6	3	9.4599518e+02	-1.2633119e+02	6.7183332e+00	-1.9024597e-01	3.2739216e-03	-3.5177007e-05	2.3097847e-07	-8.4881863e-10	1.3372932e-12	0.0000000e+00
0	0	6	7	0	3.0741016e+03	-3.3873828e+02	1.5403975e+01	-3.8191345e-01	5.7482403e-03	-5.3952954e-05	3.0915211e-07	-9.9073583e-10	1.3613902e-12	0.0000000e+00
0	0	6	7	1	3.1289824e+03	-3.4387881e+02	1.5601857e+01	-3.8598484e-01	5.7964246e-03	-5.4277702e-05	3.1026170e-07	-9.9184028e-10	1.3595116e-12	0.0000000e+00
0	0	6	7	2	3.3011101e+03	-3.6220352e+02	1.6427706e+01	-4.0663388e-01	6.1101383e-03	-5.7247846e-05	3.2740158e-07	-1.0470453e-09	1.4356120e-12	0.0000000e+00
0	0	6	7	3	2.6935811e+03	-2.9573373e+02	1.3349503e+01	-3.2783991e-01	4.8881071e-03	-4.5464385e-05	2.5826517e-07	-8.2090112e-10	1.1192645e-12	0.0000000e+00
0	0	6	8	0	1.7154181e+03	-2.0837407e+02	1.0285183e+01	-2.7375877e-01	4.4240020e-03	-4.4632590e-05	2.7533378e-07	-9.5164643e-10	1.4124947e-12	0.0000000e+00
0	0	6	8	1	1.8147941e+03	-2.2050739e+02	1.0909594e+01	-2.9150045e-01	4.7289808e-03	-4.7887890e-05	2.9645167e-07	-1.0279417e-09	1.5302832e-12	0.0000000e+00
0	0	6	8	2	2.5900627e+03	-3.1159396e+02	1.5448005e+01	-4.1695815e-01	6.8364004e-03	-6.9949871e-05	4.3724577e-07	-1.5295440e-09	2.2953141e-12	0.0000000e+00
0	0	6	8	3	2.6651912e+03	-3.1880988e+02	1.5729950e+01	-4.2282325e-01	6.9054477e-03	-7.0390422e-05	4.3838992e-07	-1.5280459e-09	2.2849823e-12	0.0000000e+00
0	0	6	9	0	2.9446919e+03	-3.3640302e+02	1.5864152e+01	-4.0796629e-01	6.3793175e-03	-6.2329811e-05	3.7256515e-07	-1.2479900e-09	1.7956645e-12	0.0000000e+00
0	0	6	9	1	2.9371133e+03	-3.3509750e+02	1.5780784e+01	-4.0523201e-01	6.3270647e-03	-6.1723520e-05	3.6835110e-07	-1.2318447e-09	1.7694493e-12	0.0000000e+00
0	0	6	9	2	2.8508445e+03	-3.2465936e+02	1.5248381e+01	-3.9031470e-01	6.0751829e-03	-5.9091417e-05	3.5168054e-07	-1.1731771e-09	1.6814018e-12	0.0000000e+00
0	0	6	9	3	2.7618853e+03	-3.1215588e+02	1.4532697e+01	-3.6834967e-01	5.6748372e-03	-5.4619079e-05	3.2159801e-07	-1.0612683e-09	1.5045013e-12	0.0000000e+00
0	0	6	10	0	3.7506377e+03	-3.8816360e+02	1.6595871e+01	-3.8717991e-01	5.4843430e-03	-4.8480997e-05	2.6194675e-07	-7.9275730e-10	1.0304851e-12	0.0000000e+00
0	0	6	10	1	3.7819126e+03	-3.9116055e+02	1.6718153e+01	-3.8998142e-01	5.5238120e-03	-4.8831709e-05	2.6386792e-07	-7.9869217e-10	1.0384063e-12	0.0000000e+00
0	0	6	10	2	3.8577388e+03	-3.9849033e+02	1.7018061e+01	-3.9680925e-01	5.6185843e-03	-4.9654576e-05	2.6823975e-07	-8.1170615e-10	1.0550506e-12	0.0000000e+00
0	0	6	10	3	3.5547556e+03	-3.6500302e+02	1.5459209e+01	-3.5692418e-01	5.0026723e-03	-4.3757373e-05	2.3394476e-07	-7.0064515e-10	9.0135083e-13	0.0000000e+00
0	0	6	11	0	1.9959644e+03	-2.1467873e+02	9.4652643e+00	-2.2640347e-01	3.2898320e-03	-2.9835213e-05	1.6531219e-07	-5.1265570e-10	6.8206318e-13	0.0000000e+00
0	0	6	11	1	1.9997649e+03	-2.1488611e+02	9.4676390e+00	-2.2634931e-01	3.2880267e-03	-2.9814626e-05	1.6519922e-07	-5.1237198e-10	6.8184401e-13	0.0000000e+00
0	0	6	11	2	1.9653485e+03	-2.1123238e+02	9.3036137e+00	-2.2230446e-01	3.2277335e-03	-2.9255800e-05	1.6204228e-07	-5.0240312e-10	6.6834288e-13	0.0000000e+00
0	0	6	11	3	2.0435742e+03	-2.1775670e+02	9.5157022e+00	-2.2566614e-01	3.2510310e-03	-2.9230801e-05	1.6057773e-07	-4.9371884e-10	6.5126669e-13	0.0000000e+00
0	0	6	12	0	1.4452052e+03	-2.0141428e+02	1.1372162e+01	-3.4601459e-01	6.3936813e-03	-7.3697258e-05	5.1865527e-07	-2.0412487e-09	3.4430646e-12	0.0000000e+00
0	0	6	12	1	1.5002637e+03	-2.0801137e+02	1.1698481e+01	-3.5473698e-01	6.5309280e-03	-7.4989679e-05	5.2565957e-07	-2.0605404e-09	3.4618404e-12	0.0000000e+00
0	0	6	12	2	1.4223645e+03	-1.9729280e+02	1.1079732e+01	-3.3516845e-01	6.1584767e-03	-7.0605289e-05	4.9438449e-07	-1.9365693e-09	3.2522216e-12	0.0000000e+00
0	0	6	12	3	1.3506448e+03	-1.8665596e+02	1.0419029e+01	-3.1275576e-01	5.7008420e-03	-6.4820619e-05	4.5002568e-07	-1.7473916e-09	2.9080315e-12	0.0000000e+00
0	0	6	13	0	1.9850344e+03	-2.7211047e+02	1.5313832e+01	-4.6776113e-01	8.6830128e-03	-1.0062300e-04	7.1248746e-07	-2.8231517e-09	4.7974706e-12	0.0000000e+00
0	0	6	13	1	2.0508821e+03	-2.8091608e+02	1.5809452e+01	-4.8313451e-01	8.9709675e-03	-1.0396748e-04	7.3607572e-07	-2.9157590e-09	4.9527995e-12	0.0000000e+00
0	0	6	13	2	1.9150571e+03	-2.5832584e+02	1.4301566e+01	-4.2948708e-01	7.8439573e-03	-8.9525471e-05	6.2510043e-07	-2.4457774e-09	4.1093652e-12	0.0000000e+00
0	0	6	13	3	1.7632341e+03	-2.3713487e+02	1.3054170e+01	-3.8908273e-01	7.0528151e-03	-7.9903897e-05	5.5390342e-07	-2.1519062e-09	3.5902548e-12	0.0000000e+00
0	0	6	14	0	1.8763743e+03	-2.1093460e+02	9.6841631e+00	-2.4014559e-01	3.6122876e-03	-3.3896791e-05	1.9438458e-07	-6.2430683e-10	8.6084465e-13	0.0000000e+00
0	0	6	14	1	1.7334219e+03	-1.9433582e+02	8.8721447e+00	-2.1826509e-01	3.2560753e-03	-3.0299645e-05	1.7232411e-07	-5.4900517e-10	7.5107352e-13	0.0000000e+00
0	0	6	14	2	1.7878859e+03	-2.0046666e+02	9.1662521e+00	-2.2616498e-01	3.3859678e-03	-3.1637865e-05	1.8075717e-07	-5.7872179e-10	7.9592100e-13	0.0000000e+00
0	0	6	14	3	1.7846875e+03	-1.9909789e+02	9.0536547e+00	-2.2206974e-01	3.3038144e-03	-3.0665316e-05	1.7397764e-07	-5.5296295e-10	7.5477770e-13	0.0000000e+00
0	0	6	15	0	2.2419829e+03	-2.6414719e+02	1.2811842e+01	-3.3802074e-01	5.4230439e-03	-5.4349930e-05	3.3306119e-07	-1.1430736e-09	1.6838170e-12	0.0000000e+00
0	0	6	15	1	2.3100803e+03	-2.7268454e+02	1.3267848e+01	-3.5158926e-01	5.6688366e-03	-5.7126294e-05	3.5216834e-07	-1.2163804e-09	1.8039676e-12	0.0000000e+00
0	0	6	15	2	2.3272200e+03	-2.7351297e+02	1.3247054e+01	-3.4928048e-01	5.6005963e-03	-5.6100427e-05	3.4361699e-07	-1.1787316e-09	1.7355773e-12	0.0000000e+00
0	0	6	15	3	1.5113535e+03	-1.6954631e+02	7.6905551e+00	-1.8649857e-01	2.7338371e-03	-2.4930925e-05	1.3869003e-07	-4.3179402e-10	5.7706314e-13	0.0000000e+00
0	0	6	16	0	2.2253975e+03	-2.7008295e+02	1.3441580e+01	-3.6347505e-01	5.9706983e-03	-6.1214210e-05	3.8348222e-07	-1.3447702e-09	2.0235261e-12	0.0000000e+00
0	0	6	16	1	2.2717439e+03	-2.7541965e+02	1.3700682e+01	-3.7043759e-01	6.0840612e-03	-6.2361913e-05	3.9055334e-07	-1.3690636e-09	2.0592460e-12	0.0000000e+00
0	0	6	16	2	2.3020239e+03	-2.7831473e+02	1.3814131e+01	-3.7283477e-01	6.1136540e-03	-6.2576568e-05	3.9140932e-07	-1.3705679e-09	2.0595578e-12	0.0000000e+00
0	0	6	16	3	2.4628879e+03	-2.9471753e+02	1.4502391e+01	-3.8834539e-01	6.3159661e-03	-6.4095009e-05	3.9733689e-07	-1.3784808e-09	2.0517798e-12	0.0000000e+00
0	0	6	17	0	2.0764062e+03	-2.4413835e+02	1.1757927e+01	-3.0725029e-01	4.8775943e-03	-4.8320140e-05	2.9240147e-07	-9.9004804e-10	1.4376815e-12	0.0000000e+00
0	0	6	17	1	2.0970916e+03	-2.4667281e+02	1.1889641e+01	-3.1103912e-01	4.9435743e-03	-4.9033839e-05	2.9709395e-07	-1.0072267e-09	1.4645416e-12	0.0000000e+00
0	0	6	17	2	2.2562590e+03	-2.6430722e+02	1.2717533e+01	-3.3264002e-01	5.2865096e-03	-5.2429903e-05	3.1760482e-07	-1.0763933e-09	1.5643952e-12	0.0000000e+00
0	0	6	17	3	2.7323916e+03	-3.1819321e+02	1.5297291e+01	-4.0106294e-01	6.3873203e-03	-6.3448213e-05	3.8472160e-07	-1.3042523e-09	1.8950562e-12	0.0000000e+00
0	0	6	18	0	1.8403043e+03	-2.1157021e+02	9.9427071e+00	-2.5350329e-01	3.9308188e-03	-3.8065955e-05	2.2527769e-07	-7.4607887e-10	1.0595600e-12	0.0000000e+00
0	0	6	18	1	1.8991147e+03	-2.1806805e+02	1.0247438e+01	-2.6145834e-01	4.0572654e-03	-3.9320363e-05	2.3287072e-07	-7.7175211e-10	1.0967417e-12	0.0000000e+00
0	0	6	18	2	1.9567922e+03	-2.2456758e+02	1.0557396e+01	-2.6966771e-01	4.1893832e-03	-4.0644853e-05	2.4095979e-07	-7.9931251e-10	1.1369184e-12	0.0000000e+00
0	0	6	18	3	2.0955208e+03	-2.3698364e+02	1.1001069e+01	-2.7769539e-01	4.2618657e-03	-4.0834369e-05	2.3901671e-07	-7.8269730e-10	1.0989231e-12	0.0000000e+00
0	0	6	19	0	1.2957921e+03	-1.4011079e+02	6.1130142e+00	-1.4321190e-01	2.0380793e-03	-1.8108596e-05	9.8352835e-08	-2.9910374e-10	3.9026174e-13	0.0000000e+00
0	0	6	19	1	1.2490192e+03	-1.3522984e+02	5.8978009e+00	-1.3796207e-01	1.9602410e-03	-1.7388526e-05	9.4285873e-08	-2.8626143e-10	3.7288507e-13	0.0000000e+00
0	0	6	19	2	1.1888590e+03	-1.2895734e+02	5.6222196e+00	-1.3129789e-01	1.8629372e-03	-1.6507938e-05	8.9450403e-08	-2.7149546e-10	3.5364403e-13	0.0000000e+00
0	0	6	19	3	1.1607598e+03	-1.2560670e+02	5.4566922e+00	-1.2692492e-01	1.7943108e-03	-1.5847558e-05	8.5620847e-08	-2.5919847e-10	3.3684801e-13	0.0000000e+00
0	0	6	20	0	1.9439708e+03	-2.2503311e+02	1.0665754e+01	-2.7406120e-01	4.2797504e-03	-4.1720526e-05	2.4850749e-07	-8.2845208e-10	1.1847122e-12	0.0000000e+00
0	0	6	20	1	1.9443870e+03	-2.2496214e+02	1.0657281e+01	-2.7374628e-01	4.2738784e-03	-4.1659216e-05	2.4814750e-07	-8.2736312e-10	1.1834436e-12	0.0000000e+00
0	0	6	20	2	1.8665887e+03	-2.1555089e+02	1.0179769e+01	-2.6045397e-01	4.0508509e-03	-3.9341834e-05	2.3354160e-07	-7.7616757e-10	1.1068533e-12	0.0000000e+00
0	0	6	20	3	2.0935808e+03	-2.4013864e+02	1.1304216e+01	-2.8895190e-01	4.4888817e-03	-4.3528620e-05	2.5787332e-07	-8.5486906e-10	1.2154785e-12	0.0000000e+00
0	0	6	21	0	3.0026531e+03	-3.2996265e+02	1.5025650e+01	-3.7405473e-01	5.6643556e-03	-5.3597483e-05	3.1018763e-07	-1.0056604e-09	1.4000045e-12	0.0000000e+00
0	0	6	21	1	2.9588281e+03	-3.2498120e+02	1.4786177e+01	-3.6772180e-01	5.5633397e-03	-5.2599808e-05	3.0421381e-07	-9.8578412e-10	1.3718063e-12	0.0000000e+00
0	0	6	21	2	2.9263357e+03	-3.2109937e+02	1.4592545e+01	-3.6243895e-01	5.4764953e-03	-5.1714800e-05	2.9873380e-07	-9.6687680e-10	1.3439146e-12	0.0000000e+00
0	0	6	21	3	2.9608054e+03	-3.2280768e+02	1.4578742e+01	-3.5985461e-01	5.4030870e-03	-5.0691666e-05	2.9088429e-07	-9.3508801e-10	1.2907192e-12	0.0000000e+00
0	0	6	22	0	1.2408436e+03	-1.6678873e+02	9.0165892e+00	-2.6177478e-01	4.6217935e-03	-5.0971234e-05	3.4363410e-07	-1.2968995e-09	2.0992051e-12	0.0000000e+00
0	0	6	22	1	1.2387816e+03	-1.6663574e+02	9.0131073e+00	-2.6182327e-01	4.6253549e-03	-5.1039468e-05	3.4427057e-07	-1.2998541e-09	2.1046704e-12	0.0000000e+00
0	0	6	22	2	1.3358651e+03	-1.7851752e+02	9.6303377e+00	-2.7966979e-01	4.9396236e-03	-5.4492848e-05	3.6741483e-07	-1.3864404e-09	2.2433032e-12	0.0000000e+00
0	0	6	22	3	1.2352238e+03	-1.6425420e+02	8.7787933e+00	-2.5183424e-01	4.3922402e-03	-4.7842561e-05	3.1852477e-07	-1.1870384e-09	1.8970238e-12	0.0000000e+00
0	0	6	23	0	3.2850647e+03	-3.8352716e+02	1.8523949e+01	-4.8799238e-01	7.8066071e-03	-7.8000245e-05	4.7693027e-07	-1.6357887e-09	2.4133449e-12	0.0000000e+00
0	0	6	23	1	3.0527632e+03	-3.5273468e+02	1.6809019e+01	-4.3554589e-01	6.8408614e-03	-6.7009540e-05	4.0125704e-07	-1.3469070e-09	1.9441356e-12	0.0000000e+00
0	0	6	23	2	3.0048677e+03	-3.4780121e+02	1.6610413e+01	-4.3168238e-01	6.8074772e-03	-6.7019922e-05	4.0372430e-07	-1.3643529e-09	1.9837779e-12	0.0000000e+00
0	0	6	23	3	3.0696692e+03	-3.5328369e+02	1.6783535e+01	-4.3404323e-01	6.8109799e-03	-6.6716435e-05	3.9979753e-07	-1.3437159e-09	1.9426351e-12	0.0000000e+00
0	0	6	24	0	2.4064214e+03	-2.4081140e+02	9.9516096e+00	-2.2430788e-01	3.0750332e-03	-2.6333406e-05	1.3787908e-07	-4.0428122e-10	5.0882361e-13	0.0000000e+00
0	0	6	24	1	2.4412749e+03	-2.4407185e+02	1.0080889e+01	-2.2716287e-01	3.1134475e-03	-2.6656426e-05	1.3953945e-07	-4.0905859e-10	5.1472552e-13	0.0000000e+00
0	0	6	24	2	2.2669619e+03	-2.2580188e+02	9.2691660e+00	-2.0720211e-01	2.8157514e-03	-2.3894179e-05	1.2394023e-07	-3.5995512e-10	4.4865674e-13	0.0000000e+00
0	0	6	24	3	2.2950376e+03	-2.2752977e+02	9.3005466e+00	-2.0710593e-01	2.8041005e-03	-2.3710925e-05	1.2256608e-07	-3.5476702e-10	4.4073596e-13	0.0000000e+00
0	0	6	25	0	3.1243948e+03	-3.6243542e+02	1.7388344e+01	-4.5573053e-01	7.2601191e-03	-7.2211034e-05	4.3894892e-07	-1.4937813e-09	2.1817062e-12	0.0000000e+00
0	0	6	25	1	3.2798274e+03	-3.8023279e+02	1.8249987e+01	-4.7882441e-01	7.6355166e-03	-7.6007949e-05	4.6233009e-07	-1.5740885e-09	2.2997361e-12	0.0000000e+00
0	0	6	25	2	3.0890530e+03	-3.5672791e+02	1.7028654e+01	-4.4384786e-01	7.0300349e-03	-6.9503141e-05	4.1987153e-07	-1.4197803e-09	2.0601658e-12	0.0000000e+00
0	0	6	25	3	2.9229263e+03	-3.3561169e+02	1.5904331e+01	-4.1108966e-01	6.4557311e-03	-6.3275860e-05	3.7895350e-07	-1.2703961e-09	1.8276223e-12	0.0000000e+00
0	0	6	26	0	2.2492466e+03	-2.5620905e+02	1.1962727e+01	-3.0310938e-01	4.6592774e-03	-4.4643592e-05	2.6106943e-07	-8.5370827e-10	1.1967946e-12	0.0000000e+00
0	0	6	26	1	2.3235542e+03	-2.6452109e+02	1.2357926e+01	-3.1356564e-01	4.8276437e-03	-4.6334069e-05	2.7141240e-07	-8.8899765e-10	1.2482651e-12	0.0000000e+00
0	0	6	26	2	2.3679048e+03	-2.6855307e+02	1.2500954e+01	-3.1602743e-01	4.8460257e-03	-4.6309891e-05	2.7003176e-07	-8.8025603e-10	1.2299005e-12	0.0000000e+00
0	0	6	26	3	2.4320959e+03	-2.7477298e+02	1.2755281e+01	-3.2187250e-01	4.9285437e-03	-4.7043548e-05	2.7404323e-07	-8.9257957e-10	1.2461939e-12	0.0000000e+00
0	0	6	27	0	3.4938030e+03	-3.9091772e+02	1.8133938e+01	-4.5980692e-01	7.0812558e-03	-6.8044916e-05	3.9940298e-07	-1.3119333e-09	1.8489268e-12	0.0000000e+00
0	0	6	27	1	3.4313413e+03	-3.8256177e+02	1.7668680e+01	-4.4568345e-01	6.8242834e-03	-6.5163826e-05	3.7989801e-07	-1.2388146e-09	1.7324205e-12	0.0000000e+00
0	0	6	27	2	3.5153425e+03	-3.9125592e+02	1.8052105e+01	-4.5517817e-01	6.9689080e-03	-6.6553250e-05	3.8812635e-07	-1.2662924e-09	1.7720557e-12	0.0000000e+00
0	0	6	27	3	3.4537729e+03	-3.8328320e+02	1.7626335e+01	-4.4292644e-01	6.7587900e-03	-6.4338790e-05	3.7404254e-07	-1.2166527e-09	1.6975775e-12	0.0000000e+00
0	0	6	28	0	1.7723156e+03	-2.0550801e+02	9.7291231e+00	-2.4844977e-01	3.8466291e-03	-3.7138940e-05	2.1909271e-07	-7.2390738e-10	1.0271666e-12	0.0000000e+00
0	0	6	28	1	1.8139368e+03	-2.1022006e+02	9.9529505e+00	-2.5431240e-01	3.9395709e-03	-3.8055590e-05	2.2460249e-07	-7.4241246e-10	1.0538253e-12	0.0000000e+00
0	0	6	28	2	1.8296685e+03	-2.1240952e+02	1.0073126e+01	-2.5784698e-01	4.0011178e-03	-3.8710343e-05	2.2878167e-07	-7.5710793e-10	1.0757003e-12	0.0000000e+00
0	0	6	28	3	2.0216255e+03	-2.3239212e+02	1.0955785e+01	-2.7961802e-01	4.3294732e-03	-4.1816042e-05	2.4679181e-07	-8.1570811e-10	1.1577001e-12	0.0000000e+00
0	0	6	29	0	1.9162791e+03	-2.0602606e+02	9.0426521e+00	-2.1465953e-01	3.0932084e-03	-2.7806800e-05	1.5270035e-07	-4.6933729e-10	6.1894402e-13	0.0000000e+00
0	0	6	29	1	1.9416670e+03	-2.0885016e+02	9.1747532e+00	-2.1806090e-01	3.1461038e-03	-2.8316739e-05	1.5568305e-07	-4.7903720e-10	6.3240233e-13	0.0000000e+00
0	0	6	29	2	1.7818481e+03	-1.9132564e+02	8.3640633e+00	-1.9739248e-01	2.8276665e-03	-2.5273457e-05	1.3802267e-07	-4.2200982e-10	5.5378255e-13	0.0000000e+00
0	0	6	29	3	2.5507856e+03	-2.7073627e+02	1.1838324e+01	-2.8169340e-01	4.0699691e-03	-3.6676516e-05	2.0179193e-07	-6.2097760e-10	8.1940477e-13	0.0000000e+00
0	0	6	30	0	2.8958442e+03	-3.1072830e+02	1.3816831e+01	-3.3595175e-01	4.9677147e-03	-4.5872890e-05	2.5888011e-07	-8.1774360e-10	1.1082435e-12	0.0000000e+00
0	0	6	30	1	2.7146311e+03	-2.9072046e+02	1.2880562e+01	-3.1166276e-01	4.5848796e-03	-4.2112493e-05	2.3636480e-07	-7.4249440e-10	1.0006086e-12	0.0000000e+00
0	0	6	30	2	2.6738730e+03	-2.8565131e+02	1.2624223e+01	-3.0471489e-01	4.4731251e-03	-4.1011317e-05	2.2983397e-07	-7.2107770e-10	9.7076568e-13	0.0000000e+00
0	0	6	30	3	2.6696104e+03	-2.8434906e+02	1.2529896e+01	-3.0161071e-01	4.4162604e-03	-4.0393374e-05	2.2586141e-07	-7.0708989e-10	9.4995734e-13	0.0000000e+00
0	0	6	31	0	1.7499247e+03	-2.0339053e+02	9.6458607e+00	-2.4710086e-01	3.8472372e-03	-3.7444141e-05	2.2319030e-07	-7.4672485e-10	1.0749045e-12	0.0000000e+00
0	0	6	31	1	1.7213302e+03	-2.0047786e+02	9.5251293e+00	-2.4447797e-01	3.8154731e-03	-3.7240414e-05	2.2269766e-07	-7.4775885e-10	1.0805715e-12	0.0000000e+00
0	0	6	31	2	1.5380898e+03	-1.7742946e+02	8.3085852e+00	-2.0924734e-01	3.2009613e-03	-3.0608553e-05	1.7932376e-07	-5.9014754e-10	8.3634212e-13	0.0000000e+00
0	0	6	31	3	2.4472041e+03	-2.8237085e+02	1.3442522e+01	-3.4856793e-01	5.4975743e-03	-5.4193268e-05	3.2690639e-07	-1.1054765e-09	1.6063666e-12	0.0000000e+00
0	0	6	32	0	2.8354497e+03	-3.0691479e+02	1.3712231e+01	-3.3407420e-01	4.9411799e-03	-4.5572917e-05	2.5657337e-07	-8.0776663e-10	1.0903032e-12	0.0000000e+00
0	0	6	32	1	2.9016714e+03	-3.1333075e+02	1.3973783e+01	-3.3996549e-01	5.0214669e-03	-4.6251964e-05	2.6005998e-07	-8.1772039e-10	1.1024241e-12	0.0000000e+00
0	0	6	32	2	2.6515378e+03	-2.8645126e+02	1.2756424e+01	-3.0956179e-01	4.5620776e-03	-4.1939787e-05	2.3543886e-07	-7.3935286e-10	9.9573312e-13	0.0000000e+00
0	0	6	32	3	2.4955662e+03	-2.6842261e+02	1.1878083e+01	-2.8604180e-01	4.1818633e-03	-3.8129354e-05	2.1225696e-07	-6.6088285e-10	8.8235105e-13	0.0000000e+00
0	0	6	33	0	1.6745659e+03	-1.9558743e+02	9.3213654e+00	-2.4013227e-01	3.7666403e-03	-3.6997128e-05	2.2287125e-07	-7.5428602e-10	1.0988191e-12	0.0000000e+00
0	0	6	33	1	2.0194847e+03	-2.4063239e+02	1.1777815e+01	-3.1319550e-01	5.0659478e-03	-5.1188061e-05	3.1614584e-07	-1.0927300e-09	1.6194665e-12	0.0000000e+00
0	0	6	33	2	2.2249785e+03	-2.6149869e+02	1.2642182e+01	-3.3213881e-01	5.3017018e-03	-5.2822787e-05	3.2156575e-07	-1.0955772e-09	1.6011499e-12	0.0000000e+00
0	0	6	33	3	2.2901731e+03	-2.6829102e+02	1.2940620e+01	-3.3946702e-01	5.4112729e-03	-5.3842352e-05	3.2731660e-07	-1.1135005e-09	1.6247219e-12	0.0000000e+00
0	0	6	34	0	1.8586353e+03	-2.2325272e+02	1.0979144e+01	-2.9239014e-01	4.7293389e-03	-4.7724698e-05	2.9407994e-07	-1.0134760e-09	1.4971316e-12	0.0000000e+00
0	0	6	34	1	1.6747316e+03	-1.9897968e+02	9.6551361e+00	-2.5310501e-01	4.0320191e-03	-4.0110514e-05	2.4394242e-07	-8.3080737e-10	1.2143094e-12	0.0000000e+00
0	0	6	34	2	1.4163153e+03	-1.6584514e+02	7.8618951e+00	-1.9979516e-01	3.0789908e-03	-2.9597828e-05	1.7388463e-07	-5.7221622e-10	8.0846262e-13	0.0000000e+00
0	0	6	34	3	1.4424036e+03	-1.6862956e+02	8.0017433e+00	-2.0413297e-01	3.1648460e-03	-3.0665833e-05	1.8188520e-07	-6.0503075e-10	8.6495465e-13	0.0000000e+00
0	0	6	35	0	2.2892520e+03	-2.8497229e+02	1.4559012e+01	-4.0347061e-01	6.7883562e-03	-7.1250084e-05	4.5678050e-07	-1.6387777e-09	2.5223061e-12	0.0000000e+00
0	0	6	35	1	2.2424385e+03	-2.7887534e+02	1.4220408e+01	-3.9304304e-01	6.5934565e-03	-6.8985668e-05	4.4080511e-07	-1.5761685e-09	2.4178513e-12	0.0000000e+00
0	0	6	35	2	1.9808119e+03	-2.4651910e+02	1.2548193e+01	-3.4582382e-01	5.7943156e-03	-6.0659455e-05	3.8848734e-07	-1.3943716e-09	2.1496891e-12	0.0000000e+00
0	0	6	35	3	1.9453452e+03	-2.4336189e+02	1.2440146e+01	-3.4411964e-01	5.7827239e-03	-6.0651731e-05	3.8868941e-07	-1.3942177e-09	2.1454832e-12	0.0000000e+00
0	0	6	36	0	1.7786205e+03	-1.6871330e+02	6.5168815e+00	-1.3583705e-01	1.7168896e-03	-1.3521149e-05	6.4967267e-08	-1.7451582e-10	2.0092280e-13	0.0000000e+00
0	0	6	36	1	2.2109434e+03	-2.1367525e+02	8.4743662e+00	-1.8248639e-01	2.3847951e-03	-1.9424597e-05	9.6523095e-08	-2.6804520e-10	3.1891086e-13	0.0000000e+00
0	0	6	36	2	1.4004595e+03	-1.3251466e+02	5.0494461e+00	-1.0289986e-01	1.2679806e-03	-9.7081474e-06	4.5218844e-08	-1.1740658e-10	1.3023136e-13	0.0000000e+00
0	0	6	36	3	1.8445085e+03	-1.7596851e+02	6.8513684e+00	-1.4429307e-01	1.8448054e-03	-1.4709100e-05	7.1596595e-08	-1.9489245e-10	2.2741325e-13	0.0000000e+00
0	0	6	37	0	3.3018118e+03	-3.5121512e+02	1.5461411e+01	-3.7149578e-01	5.4242136e-03	-4.9473692e-05	2.7607024e-07	-8.6362212e-10	1.1611840e-12	0.0000000e+00
0	0	6	37	1	2.8130178e+03	-2.9766202e+02	1.2967474e+01	-3.0671626e-01	4.3936726e-03	-3.9161092e-05	2.1258128e-07	-6.4370981e-10	8.3319132e-13	0.0000000e+00
0	0	6	37	2	3.0889619e+03	-3.2978293e+02	1.4545049e+01	-3.4962299e-01	5.1050810e-03	-4.6556688e-05	2.5973787e-07	-8.1232204e-10	1.0918343e-12	0.0000000e+00
0	0	6	37	3	3.0111653e+03	-3.1540012e+02	1.3618558e+01	-3.1970170e-01	4.5502810e-03	-4.0366551e-05	2.1858939e-07	-6.6201383e-10	8.5950198e-13	0.0000000e+00
0	0	6	38	0	1.4965571e+03	-1.9217201e+02	1.0014712e+01	-2.8064260e-01	4.7718766e-03	-5.0622893e-05	3.2820114e-07	-1.1916785e-09	1.8574246e-12	0.0000000e+00
0	0	6	38	1	1.1306847e+03	-1.4351283e+02	7.2992902e+00	-1.9734865e-01	3.2292167e-03	-3.2889144e-05	2.0422664e-07	-7.0850764e-10	1.0519730e-12	0.0000000e+00
0	0	6	38	2	1.6825927e+03	-2.1567004e+02	1.1274668e+01	-3.1829268e-01	5.4581035e-03	-5.8440637e-05	3.8261248e-07	-1.4034384e-09	2.2106954e-12	0.0000000e+00
0	0	6	38	3	2.1875256e+03	-2.7575864e+02	1.4298006e+01	-4.0291592e-01	6.9011534e-03	-7.3811221e-05	4.8257817e-07	-1.7667234e-09	2.7761073e-12	0.0000000e+00
0	0	6	39	0	1.2020725e+03	-1.4363356e+02	6.8841023e+00	-1.7640969e-01	2.7382339e-03	-2.6461857e-05	1.5591436e-07	-5.1326027e-10	7.2368511e-13	0.0000000e+00
0	0	6	39	1	9.6221729e+02	-1.1320440e+02	5.2972512e+00	-1.3179480e-01	1.9929693e-03	-1.8840503e-05	1.0906727e-07	-3.5426767e-10	4.9466393e-13	0.0000000e+00
0	0	6	39	2	1.0559657e+03	-1.2390012e+02	5.8131104e+00	-1.4558206e-01	2.2164334e-03	-2.1092676e-05	1.2287155e-07	-4.0138878e-10	5.6336343e-13	0.0000000e+00
0	0	6	39	3	1.8843424e+03	-2.1458687e+02	1.0016255e+01	-2.5349939e-01	3.8989824e-03	-3.7441343e-05	2.1974849e-07	-7.2206358e-10	1.0181126e-12	0.0000000e+00
0	0	6	40	0	2.2838242e+03	-2.7989297e+02	1.4114024e+01	-3.8765267e-01	6.4874357e-03	-6.7977155e-05	4.3657678e-07	-1.5739450e-09	2.4407709e-12	0.0000000e+00
0	0	6	40	1	1.8241036e+03	-2.2237955e+02	1.1047228e+01	-2.9634979e-01	4.8264195e-03	-4.9071088e-05	3.0512632e-07	-1.0635482e-09	1.5932574e-12	0.0000000e+00
0	0	6	40	2	2.3676362e+03	-2.8793423e+02	1.4402883e+01	-3.9160594e-01	6.4674518e-03	-6.6661640e-05	4.1987727e-07	-1.4807686e-09	2.2417023e-12	0.0000000e+00
0	0	6	40	3	1.5221925e+03	-1.8413379e+02	9.0018444e+00	-2.3607589e-01	3.7522034e-03	-3.7184469e-05	2.2518856e-07	-7.6416429e-10	1.1142107e-12	0.0000000e+00
0	0	6	41	0	4.1404019e+03	-3.8431726e+02	1.4797548e+01	-3.1178924e-01	3.9921021e-03	-3.1928317e-05	1.5621148e-07	-4.2837361e-10	5.0479353e-13	0.0000000e+00
0	0	6	41	1	4.1858979e+03	-3.8928015e+02	1.5013113e+01	-3.1666854e-01	4.0551545e-03	-3.2402866e-05	1.5821222e-07	-4.3251197e-10	5.0757526e-13	0.0000000e+00
0	0	6	41	2	4.6282510e+03	-4.3402417e+02	1.6940163e+01	-3.6278287e-01	4.7248178e-03	-3.8443370e-05	1.9128166e-07	-5.3309829e-10	6.3793393e-13	0.0000000e+00
0	0	6	41	3	5.8783525e+03	-5.4610809e+02	2.1202215e+01	-4.5268768e-01	5.8767437e-03	-4.7637732e-05	2.3600521e-07	-6.5453643e-10	7.7913034e-13	0.0000000e+00
0	0	6	42	0	1.8588674e+03	-2.2127100e+02	1.0785339e+01	-2.8516546e-01	4.5795236e-03	-4.5859764e-05	2.8021827e-07	-9.5680719e-10	1.3992924e-12	0.0000000e+00
0	0	6	42	1	6.2318250e+02	-8.0177620e+01	3.9652622e+00	-1.0270356e-01	1.6199423e-03	-1.6004235e-05	9.6952064e-08	-3.2972247e-10	4.8182481e-13	0.0000000e+00
0	0	6	42	2	3.5009983e+03	-4.1524579e+02	2.0434277e+01	-5.4966515e-01	8.9588538e-03	-9.0811511e-05	5.6023703e-07	-1.9269486e-09	2.8337293e-12	0.0000000e+00
0	0	6	42	3	1.3577786e+03	-1.6248474e+02	7.8672318e+00	-2.0523497e-01	3.2554294e-03	-3.2249252e-05	1.9525341e-07	-6.6163064e-10	9.6142235e-13	0.0000000e+00
0	0	6	43	0	2.8228311e+03	-3.1759723e+02	1.4683092e+01	-3.6861965e-01	5.6130267e-03	-5.3317777e-05	3.0955297e-07	-1.0069457e-09	1.4074245e-12	0.0000000e+00
0	0	6	43	1	3.0854480e+03	-3.5297107e+02	1.6632893e+01	-4.2623210e-01	6.6178716e-03	-6.3989508e-05	3.7739252e-07	-1.2442692e-09	1.7588568e-12	0.0000000e+00
0	0	6	43	2	3.6008362e+03	-4.1344800e+02	1.9622885e+01	-5.0778842e-01	7.9630036e-03	-7.7756544e-05	4.6296441e-07	-1.5402487e-09	2.1959539e-12	0.0000000e+00
0	0	6	43	3	4.0484377e+03	-4.6366180e+02	2.2031559e+01	-5.7248169e-01	9.0272101e-03	-8.8738052e-05	5.3237858e-07	-1.7859573e-09	2.5688785e-12	0.0000000e+00
0	0	6	44	0	2.3829495e+03	-2.5667773e+02	1.1388823e+01	-2.7456447e-01	4.0187254e-03	-3.6704976e-05	2.0486853e-07	-6.4030298e-10	8.5914793e-13	0.0000000e+00
0	0	6	44	1	2.6749153e+03	-2.8836386e+02	1.2844604e+01	-3.1173888e-01	4.5962017e-03	-4.2295269e-05	2.3782269e-07	-7.4855805e-10	1.0110604e-12	0.0000000e+00
0	0	6	44	2	2.7124958e+03	-2.9247659e+02	1.3036524e+01	-3.1675470e-01	4.6762079e-03	-4.3091775e-05	2.4265353e-07	-7.6487960e-10	1.0345983e-12	0.0000000e+00
0	0	6	44	3	2.8851899e+03	-3.1074948e+02	1.3839004e+01	-3.3591005e-01	4.9477397e-03	-4.5433306e-05	2.5465303e-07	-7.9825907e-10	1.0730570e-12	0.0000000e+00
0	0	6	45	0	3.8915149e+03	-4.7486917e+02	2.4004610e+01	-6.6331583e-01	1.1129805e-02	-1.1651431e-04	7.4508546e-07	-2.6663585e-09	4.0936963e-12	0.0000000e+00
0	0	6	45	1	4.1468848e+03	-5.0277142e+02	2.5319107e+01	-6.9843858e-01	1.1712493e-02	-1.2265751e-04	7.8524090e-07	-2.8149865e-09	4.3319519e-12	0.0000000e+00
0	0	6	45	2	4.0359983e+03	-4.8675125e+02	2.4360344e+01	-6.6729498e-01	1.1108122e-02	-1.1544791e-04	7.3340692e-07	-2.6089426e-09	3.9842496e-12	0.0000000e+00
0	0	6	45	3	3.3496426e+03	-4.0285022e+02	2.0027485e+01	-5.4351544e-01	8.9635160e-03	-9.2320588e-05	5.8148629e-07	-2.0520381e-09	3.1104184e-12	0.0000000e+00
0	0	6	46	0	2.6600925e+03	-2.8017609e+02	1.2213003e+01	-2.9076937e-01	4.2107501e-03	-3.8089060e-05	2.1058369e-07	-6.5156280e-10	8.6460814e-13	0.0000000e+00
0	0	6	46	1	2.6176133e+03	-2.7272189e+02	1.1734015e+01	-2.7506441e-01	3.9154035e-03	-3.4775741e-05	1.8869429e-07	-5.7304406e-10	7.4672403e-13	0.0000000e+00
0	0	6	46	2	2.4066594e+03	-2.5248741e+02	1.0930823e+01	-2.5783432e-01	3.6953783e-03	-3.3045726e-05	1.8040984e-07	-5.5062438e-10	7.2006664e-13	0.0000000e+00
0	0	6	46	3	2.3450850e+03	-2.4052774e+02	1.0178327e+01	-2.3461853e-01	3.2894223e-03	-2.8818858e-05	1.5442743e-07	-4.6353293e-10	5.9728969e-13	0.0000000e+00
0	0	6	47	0	2.0343871e+03	-2.6732855e+02	1.4363381e+01	-4.1742292e-01	7.3532918e-03	-8.0742597e-05	5.4136643e-07	-2.0313562e-09	3.2706884e-12	0.0000000e+00
0	0	6	47	1	2.3749622e+03	-3.1551593e+02	1.7228498e+01	-5.1104075e-01	9.1956649e-03	-1.0316155e-04	7.0654210e-07	-2.7068230e-09	4.4474563e-12	0.0000000e+00
0	0	6	47	2	3.1258303e+03	-4.0607739e+02	2.1748682e+01	-6.3302976e-01	1.1136662e-02	-1.2169173e-04	8.0890760e-07	-2.9979847e-09	4.7518790e-12	0.0000000e+00
0	0	6	47	3	2.3467642e+03	-3.0831250e+02	1.6652767e+01	-4.8884556e-01	8.7126102e-03	-9.6899064e-05	6.5849997e-07	-2.5052391e-09	4.0906415e-12	0.0000000e+00
0	0	6	48	0	3.0147241e+03	-3.8083636e+02	1.9816080e+01	-5.5999786e-01	9.5795151e-03	-1.0193873e-04	6.6079389e-07	-2.3910027e-09	3.7031428e-12	0.0000000e+00
0	0	6	48	1	3.3177239e+03	-4.2266513e+02	2.2236994e+01	-6.3666958e-01	1.1034506e-02	-1.1894191e-04	7.8084355e-07	-2.8613578e-09	4.4892497e-12	0.0000000e+00
0	0	6	48	2	2.4909038e+03	-3.1184384e+02	1.6027115e+01	-4.4631588e-01	7.5333603e-03	-7.9242280e-05	5.0885961e-07	-1.8284069e-09	2.8188914e-12	0.0000000e+00
0	0	6	48	3	3.7901787e+03	-4.8282690e+02	2.5510044e+01	-7.3659998e-01	1.2906177e-02	-1.4092379e-04	9.3858239e-07	-3.4926191e-09	5.5671930e-12	0.0000000e+00
0	0	6	49	0	1.3695791e+03	-1.6733873e+02	8.2718754e+00	-2.1964473e-01	3.5355792e-03	-3.5448269e-05	2.1674103e-07	-7.4046491e-10	1.0835209e-12	0.0000000e+00
0	0	6	49	1	1.1203805e+03	-1.3865927e+02	6.8968267e+00	-1.8365788e-01	2.9711889e-03	-2.9998004e-05	1.8498731e-07	-6.3809941e-10	9.4331769e-13	0.0000000e+00
0	0	6	49	2	1.6428538e+03	-1.9763588e+02	9.6966028e+00	-2.5696826e-01	4.1316696e-03	-4.1389445e-05	2.5280232e-07	-8.6225926e-10	1.2587293e-12	0.0000000e+00
0	0	6	49	3	8.0288129e+02	-9.7330795e+01	4.6600504e+00	-1.1808875e-01	1.8258077e-03	-1.7718350e-05	1.0565635e-07	-3.5441142e-10	5.1170965e-13	0.0000000e+00
0	0	6	50	0	3.3806104e+03	-3.7269128e+02	1.7016577e+01	-4.2459744e-01	6.4443815e-03	-6.1134771e-05	3.5490484e-07	-1.1550517e-09	1.6155489e-12	0.0000000e+00
0	0	6	50	1	3.3372163e+03	-3.6562537e+02	1.6569258e+01	-4.0975031e-01	6.1561684e-03	-5.7745747e-05	3.3114759e-07	-1.0637399e-09	1.4675146e-12	0.0000000e+00
0	0	6	50	2	3.2854966e+03	-3.6020407e+02	1.6330795e+01	-4.0408012e-01	6.0770344e-03	-5.7089735e-05	3.2806230e-07	-1.0565989e-09	1.4622987e-12	0.0000000e+00
0	0	6	50	3	3.5354060e+03	-3.8693652e+02	1.7555395e+01	-4.3557504e-01	6.5736398e-03	-6.2000217e-05	3.5776708e-07	-1.1570432e-09	1.6076659e-12	0.0000000e+00
0	0	6	51	0	2.6351272e+03	-2.6095319e+02	1.0655725e+01	-2.3708360e-01	3.2069401e-03	-2.7092807e-05	1.3993981e-07	-4.0482406e-10	5.0275311e-13	0.0000000e+00
0	0	6	51	1	2.6981150e+03	-2.6662289e+02	1.0872619e+01	-2.4171586e-01	3.2673113e-03	-2.7584298e-05	1.4238044e-07	-4.1158457e-10	5.1075767e-13	0.0000000e+00
0	0	6	51	2	2.7182776e+03	-2.6838275e+02	1.0936987e+01	-2.4301985e-01	3.2833517e-03	-2.7707671e-05	1.4296354e-07	-4.1314260e-10	5.1257154e-13	0.0000000e+00
0	0	6	51	3	2.5257168e+03	-2.4807916e+02	1.0037749e+01	-2.2118506e-01	2.9639299e-03	-2.4814608e-05	1.2706872e-07	-3.6456740e-10	4.4919862e-13	0.0000000e+00
0	0	6	52	0	6.7970233e+02	-9.6066925e+01	5.2886939e+00	-1.5306658e-01	2.7058879e-03	-3.0051811e-05	2.0526473e-07	-7.8928136e-10	1.3071051e-12	0.0000000e+00
0	0	6	52	1	6.9242847e+02	-9.7735580e+01	5.3795881e+00	-1.5576476e-01	2.7538382e-03	-3.0575768e-05	2.0871364e-07	-8.0183027e-10	1.3264966e-12	0.0000000e+00
0	0	6	52	2	6.8987445e+02	-9.7301407e+01	5.3481812e+00	-1.5457083e-01	2.7271945e-03	-3.0215822e-05	2.0582361e-07	-7.8915929e-10	1.3031670e-12	0.0000000e+00
0	0	6	52	3	6.2207593e+02	-8.7865448e+01	4.7944922e+00	-1.3682443e-01	2.3850328e-03	-2.6135558e-05	1.7632098e-07	-6.7049122e-10	1.0993458e-12	0.0000000e+00
0	0	6	53	0	1.2729197e+03	-1.4818866e+02	6.9576960e+00	-1.7534405e-01	2.6957858e-03	-2.6001244e-05	1.5405271e-07	-5.1351018e-10	7.3751763e-13	0.0000000e+00
0	0	6	53	1	2.2002588e+03	-2.5884924e+02	1.2500916e+01	-3.2788634e-01	5.2251294e-03	-5.1962525e-05	3.1565210e-07	-1.0729114e-09	1.5642401e-12	0.0000000e+00
0	0	6	53	2	2.4337053e+03	-2.8314716e+02	1.3549188e+01	-3.5245025e-01	5.5692927e-03	-5.4932374e-05	3.3113994e-07	-1.1177202e-09	1.6195049e-12	0.0000000e+00
0	0	6	53	3	2.2999656e+03	-2.6197659e+02	1.2226611e+01	-3.0903471e-01	4.7342307e-03	-4.5186243e-05	2.6322493e-07	-8.5790741e-10	1.1998447e-12	0.0000000e+00
0	0	6	54	0	1.1020234e+03	-1.3112625e+02	6.2481246e+00	-1.5918559e-01	2.4668940e-03	-2.3894649e-05	1.4161500e-07	-4.7038351e-10	6.7083638e-13	0.0000000e+00
0	0	6	54	1	1.3255519e+03	-1.6322995e+02	8.0930634e+00	-2.1583824e-01	3.4965039e-03	-3.5336307e-05	2.1803184e-07	-7.5221807e-10	1.1119992e-12	0.0000000e+00
0	0	6	54	2	8.8538275e+02	-1.0657124e+02	5.0510597e+00	-1.2651382e-01	1.9208384e-03	-1.8177210e-05	1.0502568e-07	-3.3961187e-10	4.7102936e-13	0.0000000e+00
0	0	6	54	3	8.0539380e+02	-9.7379181e+01	4.6031718e+00	-1.1454824e-01	1.7281135e-03	-1.6254649e-05	9.3387122e-08	-3.0039832e-10	4.1459425e-13	0.0000000e+00
0	0	6	55	0	4.9029956e+03	-5.7075378e+02	2.7669403e+01	-7.3586357e-01	1.1898804e-02	-1.2021609e-04	7.4313681e-07	-2.5754539e-09	3.8370349e-12	0.0000000e+00
0	0	6	55	1	5.2088325e+03	-6.1153845e+02	2.9943466e+01	-8.0537271e-01	1.3178944e-02	-1.3481753e-04	8.4412846e-07	-2.9634757e-09	4.4721679e-12	0.0000000e+00
0	0	6	55	2	5.0908364e+03	-5.9279877e+02	2.8767231e+01	-7.6624745e-01	1.2409135e-02	-1.2553537e-04	7.7669301e-07	-2.6924867e-09	4.0097522e-12	0.0000000e+00
0	0	6	55	3	4.8632944e+03	-5.6213696e+02	2.7052498e+01	-7.1404088e-01	1.1456201e-02	-1.1480338e-04	7.0356424e-07	-2.4158642e-09	3.5637504e-12	0.0000000e+00
0	0	6	56	0	1.2753978e+03	-1.6426016e+02	8.4967794e+00	-2.3432653e-01	3.9183176e-03	-4.0886822e-05	2.6098007e-07	-9.3439412e-10	1.4384980e-12	0.0000000e+00
0	0	6	56	1	1.8565702e+03	-2.4308089e+02	1.2947867e+01	-3.7121829e-01	6.4348797e-03	-6.9327740e-05	4.5483256e-07	-1.6662034e-09	2.6147955e-12	0.0000000e+00
0	0	6	56	2	1.3342048e+03	-1.7044551e+02	8.7427082e+00	-2.3887819e-01	3.9535495e-03	-4.0831834e-05	2.5816320e-07	-9.1681790e-10	1.4023518e-12	0.0000000e+00
0	0	6	56	3	1.1903947e+03	-1.5213486e+02	7.7766109e+00	-2.1117753e-01	3.4735184e-03	-3.5623361e-05	2.2332564e-07	-7.8485241e-10	1.1852659e-12	0.0000000e+00
0	0	6	57	0	3.9636567e+03	-4.6579010e+02	2.2704933e+01	-6.0472596e-01	9.7651742e-03	-9.8212244e-05	6.0235448e-07	-2.0644613e-09	3.0323853e-12	0.0000000e+00
0	0	6	57	1	4.0255098e+03	-4.7978265e+02	2.3767492e+01	-6.4479691e-01	1.0628002e-02	-1.0932882e-04	6.8710989e-07	-2.4169355e-09	3.6481907e-12	0.0000000e+00
0	0	6	57	2	3.2340364e+03	-3.8656744e+02	1.9150675e+01	-5.1905018e-01	8.5626394e-03	-8.8326036e-05	5.5766327e-07	-1.9738742e-09	3.0021799e-12	0.0000000e+00
0	0	6	57	3	3.6858279e+03	-4.3106393e+02	2.0917870e+01	-5.5544847e-01	8.9674974e-03	-9.0449459e-05	5.5807084e-07	-1.9297686e-09	2.8672910e-12	0.0000000e+00
0	0	6	58	0	2.5644978e+03	-2.9881790e+02	1.4351360e+01	-3.7518770e-01	5.9593702e-03	-5.9103528e-05	3.5837610e-07	-1.2171558e-09	1.7749864e-12	0.0000000e+00
0	0	6	58	1	2.6021348e+03	-3.0307391e+02	1.4555650e+01	-3.8065669e-01	6.0487688e-03	-6.0018123e-05	3.6409932e-07	-1.2372010e-09	1.8051029e-12	0.0000000e+00
0	0	6	58	2	2.3718491e+03	-2.7351154e+02	1.2973823e+01	-3.3457506e-01	5.2473466e-03	-5.1470011e-05	3.0928658e-07	-1.0432611e-09	1.5141136e-12	0.0000000e+00
0	0	6	58	3	2.4020872e+03	-2.8069037e+02	1.3505633e+01	-3.5372537e-01	5.6330292e-03	-5.6033332e-05	3.4074122e-07	-1.1599859e-09	1.6941177e-12	0.0000000e+00
0	0	6	59	0	2.0252310e+03	-2.3890720e+02	1.1482714e+01	-2.9766139e-01	4.6740016e-03	-4.5747838e-05	2.7358374e-07	-9.1666735e-10	1.3197750e-12	0.0000000e+00
0	0	6	59	1	3.5528955e+03	-4.1960562e+02	2.0547556e+01	-5.4987419e-01	8.9363810e-03	-9.0616275e-05	5.6131785e-07	-1.9460120e-09	2.8950087e-12	0.0000000e+00
0	0	6	59	2	3.5144194e+03	-4.1086682e+02	1.9885422e+01	-5.2509218e-01	8.4114298e-03	-8.4014609e-05	5.1244280e-07	-1.7491488e-09	2.5620955e-12	0.0000000e+00
0	0	6	59	3	4.2057471e+03	-5.0071469e+02	2.4818348e+01	-6.7439181e-01	1.1136176e-02	-1.1475229e-04	7.2210662e-07	-2.5414166e-09	3.8348114e-12	0.0000000e+00
0	0	6	60	0	1.9387056e+03	-2.7108951e+02	1.5522871e+01	-4.8191029e-01	9.0824747e-03	-1.0669584e-04	7.6450743e-07	-3.0601188e-09	5.2448670e-12	0.0000000e+00
0	0	6	60	1	1.4339858e+03	-2.0268488e+02	1.1630043e+01	-3.5996702e-01	6.7749145e-03	-7.9600162e-05	5.7117347e-07	-2.2918032e-09	3.9399495e-12	0.0000000e+00
0	0	6	60	2	1.5096670e+03	-2.0810553e+02	1.1616516e+01	-3.4830832e-01	6.3279844e-03	-7.1621987e-05	4.9475267e-07	-1.9120643e-09	3.1700450e-12	0.0000000e+00
0	0	6	60	3	1.9512509e+03	-2.6131750e+02	1.4338410e+01	-4.2628187e-01	7.7003203e-03	-8.6845190e-05	5.9874048e-07	-2.3118520e-09	3.8321017e-12	0.0000000e+00
0	0	6	61	0	2.0237662e+03	-2.2937004e+02	1.0608757e+01	-2.6506200e-01	4.0147500e-03	-3.7891015e-05	2.1824562e-07	-7.0304923e-10	9.7111251e-13	0.0000000e+00
0	0	6	61	1	2.3398057e+03	-2.7011075e+02	1.2830663e+01	-3.3177480e-01	5.2173575e-03	-5.1212835e-05	3.0693303e-07	-1.0283068e-09	1.4757837e-12	0.0000000e+00
0	0	6	61	2	2.4829790e+03	-2.8247070e+02	1.3171212e+01	-3.3250397e-01	5.0754794e-03	-4.8132111e-05	2.7774684e-07	-8.9402374e-10	1.2313703e-12	0.0000000e+00
0	0	6	61	3	8.6762903e+02	-9.3770332e+01	3.9388227e+00	-8.5037924e-02	1.0888573e-03	-8.4765888e-06	3.9101703e-08	-9.7124371e-11	9.7622038e-14	0.0000000e+00
0	0	6	62	0	9.7969989e+02	-1.4150616e+02	8.1289673e+00	-2.4825127e-01	4.6012802e-03	-5.3265849e-05	3.7738971e-07	-1.4998698e-09	2.5623830e-12	0.0000000e+00
0	0	6	62	1	8.1026892e+02	-1.1800153e+02	6.7655940e+00	-2.0493357e-01	3.7735540e-03	-4.3488930e-05	3.0742257e-07	-1.2215495e-09	2.0897229e-12	0.0000000e+00
0	0	6	62	2	2.5025305e+03	-3.4823370e+02	2.0008493e+01	-6.2628514e-01	1.1897489e-02	-1.4086066e-04	1.0172835e-06	-4.1049817e-09	7.0956392e-12	0.0000000e+00
0	0	6	62	3	2.0532822e+03	-2.8383932e+02	1.6137226e+01	-4.9881601e-01	9.3702599e-03	-1.0982937e-04	7.8595343e-07	-3.1446832e-09	5.3917409e-12	0.0000000e+00
0	0	6	63	0	1.6690764e+02	-2.4270462e+01	1.1305702e+00	-2.2844948e-02	2.6566448e-04	-1.8635516e-06	8.1604421e-09	-2.2916950e-11	3.4296408e-14	0.0000000e+00
0	0	6	63	1	1.0756069e+03	-1.3949306e+02	7.2495284e+00	-2.0094319e-01	3.3803959e-03	-3.5484714e-05	2.2763162e-07	-8.1758522e-10	1.2598432e-12	0.0000000e+00
0	0	6	63	2	1.4570482e+03	-1.7843173e+02	8.8336535e+00	-2.3364170e-01	3.7310927e-03	-3.7020891e-05	2.2376400e-07	-7.5565482e-10	1.0934346e-12	0.0000000e+00
0	0	6	63	3	6.8219330e+02	-8.7567703e+01	4.3668418e+00	-1.1279391e-01	1.7522257e-03	-1.6844469e-05	9.8201369e-08	-3.1831632e-10	4.3929335e-13	0.0000000e+00
0	0	7	0	0	2.8964666e+03	-2.8682001e+02	1.1744295e+01	-2.6240307e-01	3.5627848e-03	-3.0197456e-05	1.5641798e-07	-4.5362314e-10	5.6467488e-13	0.0000000e+00
0	0	7	0	1	2.9703953e+03	-2.9366043e+02	1.2012111e+01	-2.6823866e-01	3.6402897e-03	-3.0841078e-05	1.5968703e-07	-4.6292306e-10	5.7603976e-13	0.0000000e+00
0	0	7	0	2	2.9420996e+03	-2.9059821e+02	1.1873985e+01	-2.6484844e-01	3.5903568e-03	-3.0386871e-05	1.5718456e-07	-4.5526063e-10	5.6602862e-13	0.0000000e+00
0	0	7	0	3	2.7924834e+03	-2.7349530e+02	1.1063666e+01	-2.4400982e-01	3.2697439e-03	-2.7348737e-05	1.3979303e-07	-4.0007569e-10	4.9149768e-13	0.0000000e+00
0	0	7	1	0	2.4269268e+03	-2.1204524e+02	7.6320581e+00	-1.4952645e-01	1.7805509e-03	-1.3239517e-05	6.0180511e-08	-1.5320147e-10	1.6744029e-13	0.0000000e+00
0	0	7	1	1	2.3812258e+03	-2.0784816e+02	7.4711413e+00	-1.4615430e-01	1.7381263e-03	-1.2910401e-05	5.8638079e-08	-1.4919585e-10	1.6301430e-13	0.0000000e+00
0	0	7	1	2	2.2477295e+03	-1.9593912e+02	7.0229311e+00	-1.3685457e-01	1.6214162e-03	-1.2000645e-05	5.4325547e-08	-1.3780356e-10	1.5014825e-13	0.0000000e+00
0	0	7	1	3	2.4659929e+03	-2.1421765e+02	7.6711302e+00	-1.4963682e-01	1.7747537e-03	-1.3147824e-05	5.9557792e-08	-1.5111738e-10	1.6463538e-13	0.0000000e+00
0	0	7	2	0	4.3576187e+03	-4.6170779e+02	2.0333443e+01	-4.9081206e-01	7.2039752e-03	-6.6054585e-05	3.7042255e-07	-1.1639057e-09	1.5710939e-12	0.0000000e+00
0	0	7	2	1	4.2794746e+03	-4.5259656e+02	1.9886864e+01	-4.7877055e-01	7.0080832e-03	-6.4080945e-05	3.5836598e-07	-1.1229797e-09	1.5118631e-12	0.0000000e+00
0	0	7	2	2	3.4235134e+03	-3.5745294e+02	1.5421714e+01	-3.6302736e-01	5.1914207e-03	-4.6361245e-05	2.5324098e-07	-7.7542062e-10	1.0206150e-12	0.0000000e+00
0	0	7	2	3	4.4843647e+03	-4.6817627e+02	2.0326458e+01	-4.8373044e-01	6.9983578e-03	-6.3233929e-05	3.4935010e-07	-1.0811965e-09	1.4372598e-12	0.0000000e+00
0	0	7	3	0	2.3640039e+03	-2.5627585e+02	1.1430466e+01	-2.7751306e-01	4.0990184e-03	-3.7832731e-05	2.1356016e-07	-6.7528994e-10	9.1673023e-13	0.0000000e+00
0	0	7	3	1	2.3314326e+03	-2.5269798e+02	1.1265867e+01	-2.7335197e-01	4.0354338e-03	-3.7229118e-05	2.1007229e-07	-6.6404326e-10	9.0120576e-13	0.0000000e+00
0	0	7	3	2	2.5538938e+03	-2.7658383e+02	1.2348164e+01	-3.0047202e-01	4.4471873e-03	-4.1115072e-05	2.3237736e-07	-7.3537171e-10	9.9868302e-13	0.0000000e+00
0	0	7	3	3	2.2632708e+03	-2.4365262e+02	1.0775831e+01	-2.5917560e-01	3.7922547e-03	-3.4674009e-05	1.9390882e-07	-6.0748062e-10	8.1707292e-13	0.0000000e+00
0	0	7	4	0	2.4542007e+03	-2.5271384e+02	1.0675287e+01	-2.4494767e-01	3.4119303e-03	-2.9639699e-05	1.5721885e-07	-4.6654697e-10	5.9381954e-13	0.0000000e+00
0	0	7	4	1	2.4016023e+03	-2.4411395e+02	1.0152784e+01	-2.2868626e-01	3.1208799e-03	-2.6523288e-05	1.3750821e-07	-3.9865675e-10	4.9567815e-13	0.0000000e+00
0	0	7	4	2	2.5713740e+03	-2.6535529e+02	1.1261738e+01	-2.6023316e-01	3.6556737e-03	-3.2065673e-05	1.7189724e-07	-5.1584698e-10	6.6419954e-13	0.0000000e+00
0	0	7	4	3	1.8659275e+03	-1.8681046e+02	7.5868669e+00	-1.6589081e-01	2.1990302e-03	-1.8176648e-05	9.1797148e-08	-2.5966673e-10	3.1541558e-13	0.0000000e+00
0	0	7	5	0	2.4091750e+03	-2.2121339e+02	8.3521090e+00	-1.7153303e-01	2.1403492e-03	-1.6664713e-05	7.9251727e-08	-2.1089523e-10	2.4075078e-13	0.0000000e+00
0	0	7	5	1	2.6575063e+03	-2.4417972e+02	9.2463522e+00	-1.9067660e-01	2.3869441e-03	-1.8624905e-05	8.8662624e-08	-2.3591015e-10	2.6901257e-13	0.0000000e+00
0	0	7	5	2	2.3078032e+03	-2.1100656e+02	7.9246092e+00	-1.6179633e-01	2.0077701e-03	-1.5554800e-05	7.3649645e-08	-1.9524897e-10	2.2217388e-13	0.0000000e+00
0	0	7	5	3	2.2205864e+03	-2.0253818e+02	7.5788760e+00	-1.5408143e-01	1.9041389e-03	-1.4693053e-05	6.9300974e-08	-1.8303314e-10	2.0751352e-13	0.0000000e+00
0	0	7	6	0	1.0954183e+03	-1.1588048e+02	4.9128599e+00	-1.1149888e-01	1.5394482e-03	-1.3282463e-05	7.0088383e-08	-2.0713482e-10	2.6264321e-13	0.0000000e+00
0	0	7	6	1	1.0374910e+03	-1.0974976e+02	4.6395435e+00	-1.0477662e-01	1.4393164e-03	-1.2355047e-05	6.4860217e-08	-1.9070011e-10	2.4055042e-13	0.0000000e+00
0	0	7	6	2	1.0380095e+03	-1.0985182e+02	4.6456122e+00	-1.0497446e-01	1.4429834e-03	-1.2394999e-05	6.5113710e-08	-1.9156662e-10	2.4178462e-13	0.0000000e+00
0	0	7	6	3	1.1451782e+03	-1.1977616e+02	5.0324440e+00	-1.1336236e-01	1.5536316e-03	-1.3305448e-05	6.9680993e-08	-2.0434610e-10	2.5707098e-13	0.0000000e+00
0	0	7	7	0	2.1817898e+03	-2.4556731e+02	1.1319260e+01	-2.8339466e-01	4.3152636e-03	-4.1052564e-05	2.3886366e-07	-7.7873630e-10	1.0904207e-12	0.0000000e+00
0	0	7	7	1	2.3275813e+03	-2.6090799e+02	1.2004890e+01	-3.0045024e-01	4.5737987e-03	-4.3501543e-05	2.5303930e-07	-8.2463630e-10	1.1541563e-12	0.0000000e+00
0	0	7	7	2	2.5145164e+03	-2.8145337e+02	1.2962953e+01	-3.2528019e-01	4.9653822e-03	-4.7354322e-05	2.7616542e-07	-9.0216912e-10	1.2654685e-12	0.0000000e+00
0	0	7	7	3	3.0588054e+03	-3.3942630e+02	1.5577785e+01	-3.9069432e-01	5.9589911e-03	-5.6751451e-05	3.3028397e-07	-1.0759411e-09	1.5040112e-12	0.0000000e+00
0	0	7	8	0	4.0085676e+03	-3.6621512e+02	1.3907744e+01	-2.8942949e-01	3.6610470e-03	-2.8909968e-05	1.3950887e-07	-3.7688486e-10	4.3702604e-13	0.0000000e+00
0	0	7	8	1	3.9376399e+03	-3.5881616e+02	1.3583977e+01	-2.8165019e-01	3.5484189e-03	-2.7901084e-05	1.3403455e-07	-3.6039532e-10	4.1587136e-13	0.0000000e+00
0	0	7	8	2	4.0274309e+03	-3.6645728e+02	1.3860396e+01	-2.8725097e-01	3.6180792e-03	-2.8446635e-05	1.3666424e-07	-3.6753103e-10	4.2421871e-13	0.0000000e+00
0	0	7	8	3	4.0528203e+03	-3.6722046e+02	1.3835756e+01	-2.8574738e-01	3.5877645e-03	-2.8127006e-05	1.3477317e-07	-3.6157255e-10	4.1642151e-13	0.0000000e+00
0	0	7	9	0	9.5431927e+02	-1.2017624e+02	6.0012956e+00	-1.5941343e-01	2.5758324e-03	-2.6017733e-05	1.6082205e-07	-5.5720722e-10	8.2891728e-13	0.0000000e+00
0	0	7	9	1	9.4173932e+02	-1.1881251e+02	5.9386897e+00	-1.5780048e-01	2.5500758e-03	-2.5755171e-05	1.5915123e-07	-5.5115740e-10	8.1942320e-13	0.0000000e+00
0	0	7	9	2	1.0733188e+03	-1.3406238e+02	6.6872735e+00	-1.7821638e-01	2.8886446e-03	-2.9255572e-05	1.8121544e-07	-6.2879313e-10	9.3634779e-13	0.0000000e+00
0	0	7	9	3	1.0949395e+03	-1.3618291e+02	6.7722449e+00	-1.8009256e-01	2.9130422e-03	-2.9442086e-05	1.8198159e-07	-6.3000360e-10	9.3582650e-13	0.0000000e+00
0	0	7	10	0	2.3742271e+03	-2.4073689e+02	1.0050838e+01	-2.2837256e-01	3.1551516e-03	-2.7228265e-05	1.4367886e-07	-4.2468692e-10	5.3900011e-13	0.0000000e+00
0	0	7	10	1	2.3801025e+03	-2.4076060e+02	1.0028560e+01	-2.2734927e-01	3.1339938e-03	-2.6986299e-05	1.4209658e-07	-4.1913750e-10	5.3089662e-13	0.0000000e+00
0	0	7	10	2	2.2102605e+03	-2.2292328e+02	9.2403259e+00	-2.0819932e-01	2.8532974e-03	-2.4436824e-05	1.2804387e-07	-3.7604161e-10	4.7445918e-13	0.0000000e+00
0	0	7	10	3	2.4074749e+03	-2.4138087e+02	9.9655361e+00	-2.2390597e-01	3.0583360e-03	-2.6089174e-05	1.3606740e-07	-3.9747552e-10	4.9851968e-13	0.0000000e+00
0	0	7	11	0	3.8724519e+03	-4.3512213e+02	2.0317276e+01	-5.1961255e-01	8.0736848e-03	-7.8285993e-05	4.6374669e-07	-1.5375435e-09	2.1876815e-12	0.0000000e+00
0	0	7	11	1	3.8986394e+03	-4.3771970e+02	2.0426161e+01	-5.2217156e-01	8.1106005e-03	-7.8620396e-05	4.6560106e-07	-1.5432925e-09	2.1953108e-12	0.0000000e+00
0	0	7	11	2	3.9423875e+03	-4.4271179e+02	2.0665686e+01	-5.2853197e-01	8.2130749e-03	-7.9648555e-05	4.7188632e-07	-1.5647281e-09	2.2265813e-12	0.0000000e+00
0	0	7	11	3	3.7551902e+03	-4.1791431e+02	1.9307182e+01	-4.8814055e-01	7.4948710e-03	-7.1786999e-05	4.1992993e-07	-1.3744987e-09	1.9302916e-12	0.0000000e+00
0	0	7	12	0	1.5769524e+03	-1.5954138e+02	6.5705295e+00	-1.4613384e-01	1.9751780e-03	-1.6667180e-05	8.5964494e-08	-2.4830177e-10	3.0788173e-13	0.0000000e+00
0	0	7	12	1	1.5777931e+03	-1.5950493e+02	6.5638485e+00	-1.4585674e-01	1.9694937e-03	-1.6601505e-05	8.5528384e-08	-2.4674479e-10	3.0556533e-13	0.0000000e+00
0	0	7	12	2	1.6952007e+03	-1.7092174e+02	7.0341153e+00	-1.5661772e-01	2.1192695e-03	-1.7901584e-05	9.2410993e-08	-2.6709224e-10	3.3132278e-13	0.0000000e+00
0	0	7	12	3	1.5925347e+03	-1.6005290e+02	6.5496688e+00	-1.4478962e-01	1.9452809e-03	-1.6317128e-05	8.3659096e-08	-2.4020602e-10	2.9607092e-13	0.0000000e+00
0	0	7	13	0	2.5133501e+03	-2.7436392e+02	1.2366138e+01	-3.0378947e-01	4.5381626e-03	-4.2346754e-05	2.4163015e-07	-7.7237189e-10	1.0602816e-12	0.0000000e+00
0	0	7	13	1	2.5232415e+03	-2.7504150e+02	1.2381322e+01	-3.0384350e-01	4.5348350e-03	-4.2282772e-05	2.4110793e-07	-7.7029277e-10	1.0569840e-12	0.0000000e+00
0	0	7	13	2	2.6410842e+03	-2.8764502e+02	1.2955340e+01	-3.1842923e-01	4.7609140e-03	-4.4472225e-05	2.5405313e-07	-8.1305196e-10	1.1174606e-12	0.0000000e+00
0	0	7	13	3	2.3677720e+03	-2.5542693e+02	1.1355068e+01	-2.7471557e-01	4.0403223e-03	-3.7112222e-05	2.0844520e-07	-6.5588834e-10	8.8636233e-13	0.0000000e+00
0	0	7	14	0	2.1897961e+03	-2.3646034e+02	1.0472923e+01	-2.5199383e-01	3.6874590e-03	-3.3709359e-05	1.8845355e-07	-5.9023592e-10	7.9385137e-13	0.0000000e+00
0	0	7	14	1	2.2591772e+03	-2.4354251e+02	1.0779378e+01	-2.5935152e-01	3.7947723e-03	-3.4684792e-05	1.9385860e-07	-6.0695532e-10	8.1599181e-13	0.0000000e+00
0	0	7	14	2	2.3440798e+03	-2.5217253e+02	1.1151768e+01	-2.6831368e-01	3.9264616e-03	-3.5896595e-05	2.0068740e-07	-6.2852273e-10	8.4524797e-13	0.0000000e+00
0	0	7	14	3	2.2116177e+03	-2.3815680e+02	1.0537601e+01	-2.5379571e-01	3.7223645e-03	-3.4135366e-05	1.9150573e-07	-6.0188843e-10	8.1211231e-13	0.0000000e+00
0	0	7	15	0	2.4366565e+03	-2.0937341e+02	7.4075208e+00	-1.4260840e-01	1.6674924e-03	-1.2165435e-05	5.4215349e-08	-1.3521231e-10	1.4467724e-13	0.0000000e+00
0	0	7	15	1	2.5475408e+03	-2.1905579e+02	7.7640567e+00	-1.4987002e-01	1.7571559e-03	-1.2854210e-05	5.7436097e-08	-1.4360931e-10	1.5403927e-13	0.0000000e+00
0	0	7	15	2	2.4130444e+03	-2.0722025e+02	7.3216085e+00	-1.4070283e-01	1.6418648e-03	-1.1951750e-05	5.3136006e-08	-1.3218875e-10	1.4107612e-13	0.0000000e+00
0	0	7	15	3	2.2288545e+03	-1.9062611e+02	6.6952944e+00	-1.2776862e-01	1.4810752e-03	-1.0714503e-05	4.7359908e-08	-1.1718235e-10	1.2442113e-13	0.0000000e+00
0	0	7	16	0	1.9538400e+03	-1.8868996e+02	7.4613719e+00	-1.6013002e-01	2.0879169e-03	-1.6981245e-05	8.4302826e-08	-2.3398478e-10	2.7830719e-13	0.0000000e+00
0	0	7	16	1	2.0272932e+03	-1.9549794e+02	7.7284760e+00	-1.6594096e-01	2.1646956e-03	-1.7613300e-05	8.7474163e-08	-2.4286703e-10	2.8895774e-13	0.0000000e+00
0	0	7	16	2	2.1437202e+03	-2.0601196e+02	8.1313286e+00	-1.7452587e-01	2.2761067e-03	-1.8516128e-05	9.1941196e-08	-2.5522021e-10	3.0359444e-13	0.0000000e+00
0	0	7	16	3	1.6754923e+03	-1.6174573e+02	6.3557401e+00	-1.3507129e-01	1.7437736e-03	-1.4042224e-05	6.9027429e-08	-1.8971733e-10	2.2344636e-13	0.0000000e+00
0	0	7	17	0	3.8509902e+03	-4.2013486e+02	1.9073893e+01	-4.7462413e-01	7.1820151e-03	-6.7886431e-05	3.9236198e-07	-1.2701720e-09	1.7656353e-12	0.0000000e+00
0	0	7	17	1	3.7655745e+03	-4.0978525e+02	1.8541584e+01	-4.5947340e-01	6.9209370e-03	-6.5094951e-05	3.7425210e-07	-1.2048910e-09	1.6653616e-12	0.0000000e+00
0	0	7	17	2	3.8254885e+03	-4.1617395e+02	1.8830606e+01	-4.6676520e-01	7.0331628e-03	-6.6174514e-05	3.8059619e-07	-1.2257357e-09	1.6947187e-12	0.0000000e+00
0	0	7	17	3	3.5822383e+03	-3.8607693e+02	1.7286528e+01	-4.2367539e-01	6.3126986e-03	-5.8745140e-05	3.3425354e-07	-1.0652795e-09	1.4579185e-12	0.0000000e+00
0	0	7	18	0	2.3522188e+03	-2.0926427e+02	7.6622882e+00	-1.5259822e-01	1.8469562e-03	-1.3956073e-05	6.4450916e-08	-1.6664542e-10	1.8493156e-13	0.0000000e+00
0	0	7	18	1	2.3043774e+03	-2.0496854e+02	7.4986095e+00	-1.4915517e-01	1.8031368e-03	-1.3609924e-05	6.2789788e-08	-1.6220768e-10	1.7986810e-13	0.0000000e+00
0	0	7	18	2	2.2275535e+03	-1.9779259e+02	7.2153196e+00	-1.4299224e-01	1.7220710e-03	-1.2947973e-05	5.9504671e-08	-1.5312698e-10	1.6914196e-13	0.0000000e+00
0	0	7	18	3	2.2604709e+03	-1.9945511e+02	7.2324071e+00	-1.4249340e-01	1.7058415e-03	-1.2748025e-05	5.8222728e-08	-1.4888117e-10	1.6339367e-13	0.0000000e+00
0	0	7	19	0	6.8961289e+03	-7.3038538e+02	3.2392536e+01	-7.9084635e-01	1.1725911e-02	-1.0838012e-04	6.1107210e-07	-1.9250939e-09	2.5984325e-12	0.0000000e+00
0	0	7	19	1	3.7188235e+03	-3.9083734e+02	1.7049944e+01	-4.0739861e-01	5.9174914e-03	-5.3664142e-05	2.9742074e-07	-9.2280406e-10	1.2288665e-12	0.0000000e+00
0	0	7	19	2	4.0421243e+03	-4.2132443e+02	1.8258097e+01	-4.3370327e-01	6.2612961e-03	-5.6421261e-05	3.1062336e-07	-9.5709973e-10	1.2654292e-12	0.0000000e+00
0	0	7	19	3	4.2728979e+03	-4.4409076e+02	1.9214590e+01	-4.5618927e-01	6.5849707e-03	-5.9344995e-05	3.2681697e-07	-1.0074048e-09	1.3325820e-12	0.0000000e+00
0	0	7	20	0	3.6623757e+03	-3.7939404e+02	1.6275526e+01	-3.8122144e-01	5.4204282e-03	-4.8090744e-05	2.6075875e-07	-7.9191820e-10	1.0330295e-12	0.0000000e+00
0	0	7	20	1	3.4285212e+03	-3.5430365e+02	1.5143530e+01	-3.5307544e-01	4.9970909e-03	-4.4134500e-05	2.3826328e-07	-7.2058992e-10	9.3626062e-13	0.0000000e+00
0	0	7	20	2	3.3031831e+03	-3.4008282e+02	1.4468926e+01	-3.3554375e-01	4.7228709e-03	-4.1481220e-05	2.2270309e-07	-6.6987116e-10	8.6572850e-13	0.0000000e+00
0	0	7	20	3	3.0062500e+03	-3.0719968e+02	1.2938750e+01	-2.9645994e-01	4.1210745e-03	-3.5741250e-05	1.8947638e-07	-5.6283250e-10	7.1843692e-13	0.0000000e+00
0	0	7	21	0	2.2600208e+03	-2.1732214e+02	8.6145411e+00	-1.8579735e-01	2.4356968e-03	-1.9934649e-05	9.9700245e-08	-2.7910788e-10	3.3523865e-13	0.0000000e+00
0	0	7	21	1	2.1707341e+03	-2.0867670e+02	8.2611370e+00	-1.7781122e-01	2.3263420e-03	-1.9003983e-05	9.4883909e-08	-2.6522379e-10	3.1813837e-13	0.0000000e+00
0	0	7	21	2	2.3836692e+03	-2.2906133e+02	9.0851793e+00	-1.9624969e-01	2.5765381e-03	-2.1115955e-05	1.0573407e-07	-2.9629699e-10	3.5618568e-13	0.0000000e+00
0	0	7	21	3	2.0768862e+03	-1.9829428e+02	7.7882781e+00	-1.6622581e-01	2.1573768e-03	-1.7490695e-05	8.6708297e-08	-2.4075053e-10	2.8695137e-13	0.0000000e+00
0	0	7	22	0	3.0219070e+03	-3.7384033e+02	1.9111460e+01	-5.3310305e-01	9.0287672e-03	-9.5328644e-05	6.1415489e-07	-2.2117519e-09	3.4138710e-12	0.0000000e+00
0	0	7	22	1	3.0444443e+03	-3.7669067e+02	1.9264702e+01	-5.3768665e-01	9.1122249e-03	-9.6276017e-05	6.2070421e-07	-2.2369837e-09	3.4554007e-12	0.0000000e+00
0	0	7	22	2	2.7175518e+03	-3.3524850e+02	1.7037924e+01	-4.7143939e-01	7.9170279e-03	-8.2866572e-05	5.2919228e-07	-1.8890782e-09	2.8903188e-12	0.0000000e+00
0	0	7	22	3	2.5008306e+03	-3.0801923e+02	1.5595195e+01	-4.2939940e-01	7.1775219e-03	-7.4801697e-05	4.7578516e-07	-1.6921925e-09	2.5802416e-12	0.0000000e+00
0	0	7	23	0	2.7881453e+03	-2.5214751e+02	9.3892641e+00	-1.9028476e-01	2.3424407e-03	-1.8005370e-05	8.4638891e-08	-2.2297747e-10	2.5241522e-13	0.0000000e+00
0	0	7	23	1	3.6340471e+03	-3.3137305e+02	1.2529110e+01	-2.5915200e-01	3.2582269e-03	-2.5579757e-05	1.2276305e-07	-3.2994732e-10	3.8075139e-13	0.0000000e+00
0	0	7	23	2	2.9631309e+03	-2.6769666e+02	9.9751282e+00	-2.0256296e-01	2.4991112e-03	-1.9253204e-05	9.0703836e-08	-2.3944310e-10	2.7155765e-13	0.0000000e+00
0	0	7	23	3	3.9608074e+03	-3.5729492e+02	1.3391817e+01	-2.7497575e-01	3.4330213e-03	-2.6768848e-05	1.2761129e-07	-3.4070771e-10	3.9058752e-13	0.0000000e+00
0	0	7	24	0	3.5374885e+03	-3.5883072e+02	1.5089620e+01	-3.4702948e-01	4.8484392e-03	-4.2264954e-05	2.2503255e-07	-6.7044276e-10	8.5700094e-13	0.0000000e+00
0	0	7	24	1	3.4573364e+03	-3.5079822e+02	1.4749949e+01	-3.3909872e-01	4.7362545e-03	-4.1277959e-05	2.1974458e-07	-6.5462913e-10	8.3674712e-13	0.0000000e+00
0	0	7	24	2	3.2556174e+03	-3.2995319e+02	1.3839806e+01	-3.1717202e-01	4.4165747e-03	-3.8382052e-05	2.0378778e-07	-6.0562266e-10	7.7238986e-13	0.0000000e+00
0	0	7	24	3	3.3027136e+03	-3.3267493e+02	1.3872577e+01	-3.1611428e-01	4.3766415e-03	-3.7815993e-05	1.9962098e-07	-5.8979760e-10	7.4783728e-13	0.0000000e+00
0	0	7	25	0	3.3688650e+03	-3.3948572e+02	1.4167940e+01	-3.2329887e-01	4.4861864e-03	-3.8884737e-05	2.0609008e-07	-6.1184913e-10	7.8005630e-13	0.0000000e+00
0	0	7	25	1	3.3653979e+03	-3.3898489e+02	1.4139832e+01	-3.2246888e-01	4.4719018e-03	-3.8736522e-05	2.0517659e-07	-6.0876987e-10	7.7568691e-13	0.0000000e+00
0	0	7	25	2	3.3969800e+03	-3.4197891e+02	1.4259885e+01	-3.2516208e-01	4.5088269e-03	-3.9053200e-05	2.0683517e-07	-6.1362099e-10	7.8175839e-13	0.0000000e+00
0	0	7	25	3	3.3367786e+03	-3.3361475e+02	1.3809557e+01	-3.1251150e-01	4.3008141e-03	-3.6974612e-05	1.9439305e-07	-5.7255739e-10	7.2427313e-13	0.0000000e+00
0	0	7	26	0	2.1827627e+03	-2.3990770e+02	1.0819676e+01	-2.6525241e-01	3.9522080e-03	-3.6753790e-05	2.0877694e-07	-6.6346717e-10	9.0407179e-13	0.0000000e+00
0	0	7	26	1	2.1363989e+03	-2.3466652e+02	1.0570562e+01	-2.5875205e-01	3.8500216e-03	-3.5760051e-05	2.0292198e-07	-6.4430516e-10	8.7733510e-13	0.0000000e+00
0	0	7	26	2	2.2091716e+03	-2.4200255e+02	1.0883791e+01	-2.6619196e-01	3.9576865e-03	-3.6733803e-05	2.0830652e-07	-6.6097711e-10	8.9950145e-13	0.0000000e+00
0	0	7	26	3	2.2874329e+03	-2.4828804e+02	1.1071915e+01	-2.6857662e-01	3.9593335e-03	-3.6428173e-05	2.0472154e-07	-6.4365363e-10	8.6777726e-13	0.0000000e+00
0	0	7	27	0	1.7294976e+03	-1.7874190e+02	7.5146403e+00	-1.7041811e-01	2.3455413e-03	-2.0135687e-05	1.0556856e-07	-3.0968594e-10	3.8961903e-13	0.0000000e+00
0	0	7	27	1	1.7899167e+03	-1.8487881e+02	7.7765527e+00	-1.7659569e-01	2.4336861e-03	-2.0915983e-05	1.0976197e-07	-3.2222280e-10	4.0562169e-13	0.0000000e+00
0	0	7	27	2	1.8527695e+03	-1.9102245e+02	8.0302877e+00	-1.8240929e-01	2.5146224e-03	-2.1618524e-05	1.1348149e-07	-3.3322123e-10	4.1954976e-13	0.0000000e+00
0	0	7	27	3	1.5898722e+03	-1.6326501e+02	6.7946658e+00	-1.5215512e-01	2.0674493e-03	-1.7521428e-05	9.0695011e-08	-2.6270816e-10	3.2638936e-13	0.0000000e+00
0	0	7	28	0	2.1229285e+03	-2.0166089e+02	7.8402939e+00	-1.6534425e-01	2.1180946e-03	-1.6928858e-05	8.2636490e-08	-2.2569674e-10	2.6439452e-13	0.0000000e+00
0	0	7	28	1	2.1961694e+03	-2.0870213e+02	8.1268110e+00	-1.7179373e-01	2.2059917e-03	-1.7672539e-05	8.6457895e-08	-2.3662219e-10	2.7772847e-13	0.0000000e+00
0	0	7	28	2	2.4416272e+03	-2.3127354e+02	9.0050650e+00	-1.9073299e-01	2.4539179e-03	-1.9693516e-05	9.6493828e-08	-2.6442948e-10	3.1069963e-13	0.0000000e+00
0	0	7	28	3	1.8350900e+03	-1.7430067e+02	6.7408624e+00	-1.4099196e-01	1.7916616e-03	-1.4209583e-05	6.8852451e-08	-1.8672940e-10	2.1726228e-13	0.0000000e+00
0	0	7	29	0	2.0064550e+03	-2.2499776e+02	1.0338221e+01	-2.5793350e-01	3.9119241e-03	-3.7035206e-05	2.1420583e-07	-6.9329564e-10	9.6247814e-13	0.0000000e+00
0	0	7	29	1	3.1081621e+03	-3.5244305e+02	1.6504814e+01	-4.2125434e-01	6.5111318e-03	-6.2591665e-05	3.6639941e-07	-1.1969160e-09	1.6735640e-12	0.0000000e+00
0	0	7	29	2	2.0656648e+03	-2.3103705e+02	1.0598404e+01	-2.6414162e-01	4.0017189e-03	-3.7842514e-05	2.1861665e-07	-7.0669781e-10	9.7983199e-13	0.0000000e+00
0	0	7	29	3	1.3339575e+03	-1.5217300e+02	6.9967656e+00	-1.7309526e-01	2.6055570e-03	-2.4518155e-05	1.4117752e-07	-4.5561313e-10	6.3146027e-13	0.0000000e+00
0	0	7	30	0	4.0293682e+03	-4.0482892e+02	1.6895109e+01	-3.8616925e-01	5.3667016e-03	-4.6590820e-05	2.4739279e-07	-7.3616296e-10	9.4127462e-13	0.0000000e+00
0	0	7	30	1	4.0415403e+03	-4.0604422e+02	1.6946966e+01	-3.8740683e-01	5.3847563e-03	-4.6755864e-05	2.4831709e-07	-7.3906747e-10	9.4520442e-13	0.0000000e+00
0	0	7	30	2	4.0813706e+03	-4.0851242e+02	1.6986895e+01	-3.8688663e-01	5.3575654e-03	-4.6348130e-05	2.4525838e-07	-7.2738165e-10	9.2707331e-13	0.0000000e+00
0	0	7	30	3	3.5388979e+03	-3.5134845e+02	1.4444500e+01	-3.2447150e-01	4.4294987e-03	-3.7766189e-05	1.9694197e-07	-5.7561683e-10	7.2304744e-13	0.0000000e+00
0	0	7	31	0	2.1984463e+03	-2.0786565e+02	8.0685043e+00	-1.7017126e-01	2.1812785e-03	-1.7452756e-05	8.5314859e-08	-2.3338248e-10	2.7384689e-13	0.0000000e+00
0	0	7	31	1	2.1778364e+03	-2.0594089e+02	7.9925199e+00	-1.6851667e-01	2.1594753e-03	-1.7274237e-05	8.4425231e-08	-2.3090818e-10	2.7089905e-13	0.0000000e+00
0	0	7	31	2	2.1795435e+03	-2.0572574e+02	7.9687405e+00	-1.6767517e-01	2.1441714e-03	-1.7114508e-05	8.3457522e-08	-2.2773959e-10	2.6655945e-13	0.0000000e+00
0	0	7	31	3	2.1311123e+03	-1.9966223e+02	7.6705761e+00	-1.5998565e-01	2.0277069e-03	-1.6040643e-05	7.7522053e-08	-2.0965218e-10	2.4319395e-13	0.0000000e+00
0	0	7	32	0	3.6836379e+03	-3.7333057e+02	1.5696272e+01	-3.6118832e-01	5.0531332e-03	-4.4148204e-05	2.3578188e-07	-7.0511491e-10	9.0519915e-13	0.0000000e+00
0	0	7	32	1	3.5468677e+03	-3.5916864e+02	1.5073792e+01	-3.4601960e-01	4.8287613e-03	-4.2082542e-05	2.2420515e-07	-6.6894645e-10	8.5689301e-13	0.0000000e+00
0	0	7	32	2	3.4888157e+03	-3.5327002e+02	1.4817565e+01	-3.3983722e-01	4.7377725e-03	-4.1244017e-05	2.1947037e-07	-6.5394601e-10	8.3645731e-13	0.0000000e+00
0	0	7	32	3	4.4583643e+03	-4.4921841e+02	1.8855890e+01	-4.3441942e-01	6.0871844e-03	-5.3266678e-05	2.8487392e-07	-8.5282026e-10	1.0955948e-12	0.0000000e+00
0	0	7	33	0	2.7958123e+03	-2.8019690e+02	1.1592146e+01	-2.6156032e-01	3.5834317e-03	-3.0607000e-05	1.5951392e-07	-4.6467019e-10	5.8006491e-13	0.0000000e+00
0	0	7	33	1	2.5836616e+03	-2.5960406e+02	1.0745668e+01	-2.4226359e-01	3.3162320e-03	-2.8302215e-05	1.4739999e-07	-4.2913867e-10	5.3546268e-13	0.0000000e+00
0	0	7	33	2	2.8964236e+03	-2.8966479e+02	1.1969778e+01	-2.6993924e-01	3.6967329e-03	-3.1564694e-05	1.6446265e-07	-4.7898147e-10	5.9782105e-13	0.0000000e+00
0	0	7	33	3	2.1993818e+03	-2.2054660e+02	9.0648890e+00	-2.0234746e-01	2.7425382e-03	-2.3180735e-05	1.1960313e-07	-3.4509073e-10	4.2685359e-13	0.0000000e+00
0	0	7	34	0	3.2066902e+03	-3.2364609e+02	1.3541160e+01	-3.0994472e-01	4.3124906e-03	-3.7451693e-05	1.9866937e-07	-5.8959859e-10	7.5044604e-13	0.0000000e+00
0	0	7	34	1	3.0213987e+03	-3.0223111e+02	1.2522555e+01	-2.8370619e-01	3.9101210e-03	-3.3672342e-05	1.7733542e-07	-5.2312993e-10	6.6257666e-13	0.0000000e+00
0	0	7	34	2	2.9360938e+03	-2.9286224e+02	1.2080380e+01	-2.7212828e-01	3.7266172e-03	-3.1872005e-05	1.6665838e-07	-4.8809740e-10	6.1380675e-13	0.0000000e+00
0	0	7	34	3	2.7405381e+03	-2.7107477e+02	1.1067920e+01	-2.4642640e-01	3.3344643e-03	-2.8174822e-05	1.4555489e-07	-4.2122530e-10	5.2351770e-13	0.0000000e+00
0	0	7	35	0	3.7364714e+03	-3.4284174e+02	1.3050451e+01	-2.7169526e-01	3.4364022e-03	-2.7130878e-05	1.3091571e-07	-3.5373909e-10	4.1038573e-13	0.0000000e+00
0	0	7	35	1	3.6410491e+03	-3.3369971e+02	1.2681943e+01	-2.6349378e-01	3.3255157e-03	-2.6194326e-05	1.2607653e-07	-3.3972994e-10	3.9297312e-13	0.0000000e+00
0	0	7	35	2	3.7769956e+03	-3.4484323e+02	1.3058122e+01	-2.7030185e-01	3.3972505e-03	-2.6639147e-05	1.2761686e-07	-3.4225170e-10	3.9404447e-13	0.0000000e+00
0	0	7	35	3	3.6013994e+03	-3.2802765e+02	1.2387261e+01	-2.5573701e-01	3.2077904e-03	-2.5119136e-05	1.2023550e-07	-3.2232567e-10	3.7106440e-13	0.0000000e+00
0	0	7	36	0	3.8266013e+03	-3.6352487e+02	1.4334424e+01	-3.0958259e-01	4.0663267e-03	-3.3364733e-05	1.6740380e-07	-4.7050003e-10	5.6790109e-13	0.0000000e+00
0	0	7	36	1	3.8844470e+03	-3.6662198e+02	1.4368058e+01	-3.0850676e-01	4.0294137e-03	-3.2880860e-05	1.6409170e-07	-4.5876133e-10	5.5085618e-13	0.0000000e+00
0	0	7	36	2	3.6765923e+03	-3.4468930e+02	1.3398119e+01	-2.8499901e-01	3.6865128e-03	-2.9788069e-05	1.4719707e-07	-4.0751913e-10	4.8462476e-13	0.0000000e+00
0	0	7	36	3	3.6173147e+03	-3.4061496e+02	1.3292603e+01	-2.8382501e-01	3.6847920e-03	-2.9880275e-05	1.4816474e-07	-4.1158119e-10	4.9106205e-13	0.0000000e+00
0	0	7	37	0	1.5517128e+03	-1.3153979e+02	4.5496988e+00	-8.4842347e-02	9.6012058e-04	-6.7772044e-06	2.9225186e-08	-7.0563069e-11	7.3136314e-14	0.0000000e+00
0	0	7	37	1	1.6349891e+03	-1.3896617e+02	4.8286605e+00	-9.0655215e-02	1.0337554e-03	-7.3583965e-06	3.2016626e-08	-7.8022623e-11	8.1632441e-14	0.0000000e+00
0	0	7	37	2	1.5712938e+03	-1.3503766e+02	4.7375488e+00	-8.9723043e-02	1.0315818e-03	-7.3988635e-06	3.2414153e-08	-7.9474122e-11	8.3598310e-14	0.0000000e+00
0	0	7	37	3	1.4500360e+03	-1.2329414e+02	4.2615728e+00	-7.9239391e-02	8.9373311e-04	-6.2868830e-06	2.7020619e-08	-6.5042589e-11	6.7239346e-14	0.0000000e+00
0	0	7	38	0	2.2490073e+03	-2.0836487e+02	7.9292769e+00	-1.6398178e-01	2.0611205e-03	-1.6174870e-05	7.7578058e-08	-2.0830671e-10	2.4002463e-13	0.0000000e+00
0	0	7	38	1	2.2605398e+03	-2.0959476e+02	7.9770761e+00	-1.6491982e-01	2.0714921e-03	-1.6241656e-05	7.7823486e-08	-2.0877880e-10	2.4039462e-13	0.0000000e+00
0	0	7	38	2	1.9901072e+03	-1.8243399e+02	6.8336229e+00	-1.3857082e-01	1.7063725e-03	-1.3114851e-05	6.1612880e-08	-1.6213444e-10	1.8322395e-13	0.0000000e+00
0	0	7	38	3	2.6190461e+03	-2.3845979e+02	8.9536667e+00	-1.8317468e-01	2.2772469e-03	-1.7669805e-05	8.3758685e-08	-2.2218245e-10	2.5283207e-13	0.0000000e+00
0	0	7	39	0	1.9404664e+03	-2.1738327e+02	9.9450769e+00	-2.4632511e-01	3.7052666e-03	-3.4787132e-05	1.9962013e-07	-6.4153372e-10	8.8520505e-13	0.0000000e+00
0	0	7	39	1	1.8956407e+03	-2.1392308e+02	9.8640537e+00	-2.4634551e-01	3.7385051e-03	-3.5427514e-05	2.0526475e-07	-6.6620442e-10	9.2845284e-13	0.0000000e+00
0	0	7	39	2	1.7371923e+03	-1.9709198e+02	9.1066504e+00	-2.2751424e-01	3.4546512e-03	-3.2761644e-05	1.8997567e-07	-6.1709093e-10	8.6062293e-13	0.0000000e+00
0	0	7	39	3	2.1951655e+03	-2.4572437e+02	1.1291012e+01	-2.8212890e-01	4.2880857e-03	-4.0729927e-05	2.3668136e-07	-7.7079149e-10	1.0783409e-12	0.0000000e+00
0	0	7	40	0	1.8824056e+03	-1.8134100e+02	7.1277428e+00	-1.5136604e-01	1.9505889e-03	-1.5682215e-05	7.7058118e-08	-2.1212894e-10	2.5085850e-13	0.0000000e+00
0	0	7	40	1	2.7561704e+03	-2.7269806e+02	1.1153503e+01	-2.4908072e-01	3.3808325e-03	-2.8628050e-05	1.4795731e-07	-4.2739554e-10	5.2893177e-13	0.0000000e+00
0	0	7	40	2	2.9162532e+03	-2.8432095e+02	1.1457642e+01	-2.5192729e-01	3.3632847e-03	-2.7994964e-05	1.4220495e-07	-4.0383996e-10	4.9159646e-13	0.0000000e+00
0	0	7	40	3	2.3672019e+03	-2.2869441e+02	9.0916653e+00	-1.9671787e-01	2.5876840e-03	-2.1255468e-05	1.0671631e-07	-2.9998878e-10	3.6194761e-13	0.0000000e+00
0	0	7	41	0	3.2372842e+03	-2.8825330e+02	1.0614693e+01	-2.1348386e-01	2.6120981e-03	-1.9984791e-05	9.3625076e-08	-2.4609029e-10	2.7823688e-13	0.0000000e+00
0	0	7	41	1	3.0665210e+03	-2.7091818e+02	9.8778801e+00	-1.9630542e-01	2.3708208e-03	-1.7888286e-05	8.2594539e-08	-2.1389360e-10	2.3823638e-13	0.0000000e+00
0	0	7	41	2	3.9186057e+03	-3.5002567e+02	1.2998603e+01	-2.6470554e-01	3.2825996e-03	-2.5464980e-05	1.2096635e-07	-3.2231282e-10	3.6926281e-13	0.0000000e+00
0	0	7	41	3	4.6413242e+03	-4.1406946e+02	1.5394724e+01	-3.1423038e-01	3.9024574e-03	-3.0289099e-05	1.4382704e-07	-3.8277712e-10	4.3776305e-13	0.0000000e+00
0	0	7	42	0	1.2058436e+03	-1.2224782e+02	4.9955435e+00	-1.0975345e-01	1.4674322e-03	-1.2259746e-05	6.2619613e-08	-1.7904671e-10	2.1955532e-13	0.0000000e+00
0	0	7	42	1	6.1456879e+02	-6.5648811e+01	2.6969726e+00	-5.7913724e-02	7.5599388e-04	-6.1673045e-06	3.0787724e-08	-8.6160405e-11	1.0351777e-13	0.0000000e+00
0	0	7	42	2	1.2570978e+03	-1.2520512e+02	5.0355163e+00	-1.0886136e-01	1.4306938e-03	-1.1737791e-05	5.8831244e-08	-1.6498483e-10	1.9836955e-13	0.0000000e+00
0	0	7	42	3	1.2459036e+03	-1.2493307e+02	5.0613470e+00	-1.1042329e-01	1.4667260e-03	-1.2175713e-05	6.1792385e-08	-1.7552367e-10	2.1378034e-13	0.0000000e+00
0	0	7	43	0	4.2407363e+03	-4.5809296e+02	2.0602932e+01	-5.0889903e-01	7.6621482e-03	-7.2233677e-05	4.1728765e-07	-1.3527057e-09	1.8857069e-12	0.0000000e+00
0	0	7	43	1	5.1141245e+03	-5.5479523e+02	2.5089796e+01	-6.2297916e-01	9.4044497e-03	-8.8644993e-05	5.1065342e-07	-1.6468289e-09	2.2795205e-12	0.0000000e+00
0	0	7	43	2	3.9164712e+03	-4.2227783e+02	1.8885412e+01	-4.6212086e-01	6.8747276e-03	-6.3897161e-05	3.6333768e-07	-1.1581245e-09	1.5865614e-12	0.0000000e+00
0	0	7	43	3	4.3412520e+03	-4.6719763e+02	2.0885992e+01	-5.1134014e-01	7.6070316e-03	-7.0657064e-05	4.0122958e-07	-1.2763166e-09	1.7439920e-12	0.0000000e+00
0	0	7	44	0	2.3804170e+03	-2.6753415e+02	1.2364945e+01	-3.1099731e-01	4.7515021e-03	-4.5285098e-05	2.6351844e-07	-8.5765561e-10	1.1968514e-12	0.0000000e+00
0	0	7	44	1	2.3208323e+03	-2.6123856e+02	1.2084048e+01	-3.0404797e-01	4.6470338e-03	-4.4306144e-05	2.5792426e-07	-8.3980511e-10	1.1724678e-12	0.0000000e+00
0	0	7	44	2	2.4538643e+03	-2.7530618e+02	1.2715859e+01	-3.1985679e-01	4.8882174e-03	-4.6605863e-05	2.7132202e-07	-8.8345137e-10	1.2334111e-12	0.0000000e+00
0	0	7	44	3	2.5030181e+03	-2.8321600e+02	1.3170207e+01	-3.3312044e-01	5.1112631e-03	-4.8866401e-05	2.8498067e-07	-9.2879399e-10	1.2970598e-12	0.0000000e+00
0	0	7	45	0	2.1177893e+03	-2.1985660e+02	9.3557768e+00	-2.1604995e-01	3.0313162e-03	-2.6541820e-05	1.4195660e-07	-4.2482851e-10	5.4530593e-13	0.0000000e+00
0	0	7	45	1	1.9706255e+03	-2.0390906e+02	8.6183500e+00	-1.9719023e-01	2.7408840e-03	-2.3786215e-05	1.2620860e-07	-3.7516940e-10	4.7899597e-13	0.0000000e+00
0	0	7	45	2	2.2753130e+03	-2.3166766e+02	9.6671810e+00	-2.1870434e-01	3.0022550e-03	-2.5705394e-05	1.3446893e-07	-3.9393769e-10	4.9563842e-13	0.0000000e+00
0	0	7	45	3	1.4348821e+03	-1.4698671e+02	6.0793233e+00	-1.3511088e-01	1.8265406e-03	-1.5444211e-05	7.9991182e-08	-2.3251846e-10	2.9066848e-13	0.0000000e+00
0	0	7	46	0	1.9261625e+03	-2.0670274e+02	9.0560236e+00	-2.1432610e-01	3.0771599e-03	-2.7566741e-05	1.5098210e-07	-4.6341553e-10	6.1111364e-13	0.0000000e+00
0	0	7	46	1	2.4568679e+03	-2.7542874e+02	1.2720841e+01	-3.1986776e-01	4.8812637e-03	-4.6408564e-05	2.6898320e-07	-8.7044721e-10	1.2056012e-12	0.0000000e+00
0	0	7	46	2	2.4292397e+03	-2.6929507e+02	1.2284355e+01	-3.0471930e-01	4.5868419e-03	-4.3045882e-05	2.4659968e-07	-7.9017765e-10	1.0858841e-12	0.0000000e+00
0	0	7	46	3	1.8351069e+03	-2.0301820e+02	9.1975222e+00	-2.2626144e-01	3.3907054e-03	-3.1787698e-05	1.8240074e-07	-5.8650107e-10	8.0961529e-13	0.0000000e+00
0	0	7	47	0	2.3748613e+03	-1.9347685e+02	6.4665442e+00	-1.1736445e-01	1.2928995e-03	-8.8812749e-06	3.7245112e-08	-8.7365788e-11	8.7885808e-14	0.0000000e+00
0	0	7	47	1	2.2517314e+03	-1.8162074e+02	5.9959435e+00	-1.0727734e-01	1.1645637e-03	-7.8841413e-06	3.2602852e-08	-7.5472656e-11	7.4996304e-14	0.0000000e+00
0	0	7	47	2	3.0610693e+03	-2.4535985e+02	8.1352549e+00	-1.4730595e-01	1.6211718e-03	-1.1135853e-05	4.6725440e-08	-1.0969445e-10	1.1045255e-13	0.0000000e+00
0	0	7	47	3	2.2966648e+03	-1.8453532e+02	6.0868492e+00	-1.0912975e-01	1.1895845e-03	-8.0988075e-06	3.3707735e-08	-7.8560249e-11	7.8586084e-14	0.0000000e+00
0	0	7	48	0	2.0100287e+03	-1.8926122e+02	7.3101215e+00	-1.5316008e-01	1.9490356e-03	-1.5473028e-05	7.5003605e-08	-2.0333282e-10	2.3629644e-13	0.0000000e+00
0	0	7	48	1	1.9232307e+03	-1.8016727e+02	6.9061213e+00	-1.4327239e-01	1.8036462e-03	-1.4158942e-05	6.7868463e-08	-1.8201256e-10	2.0938387e-13	0.0000000e+00
0	0	7	48	2	1.8809584e+03	-1.7516615e+02	6.6771832e+00	-1.3777907e-01	1.7263406e-03	-1.3497056e-05	6.4471394e-08	-1.7239335e-10	1.9781977e-13	0.0000000e+00
0	0	7	48	3	1.7885619e+03	-1.6634682e+02	6.3174849e+00	-1.2965535e-01	1.6149473e-03	-1.2546544e-05	5.9536362e-08	-1.5811923e-10	1.8018844e-13	0.0000000e+00
0	0	7	49	0	2.9565732e+03	-2.5388600e+02	9.0061646e+00	-1.7420976e-01	2.0470503e-03	-1.5009919e-05	6.7233167e-08	-1.6853582e-10	1.8125848e-13	0.0000000e+00
0	0	7	49	1	2.6018208e+03	-2.2200467e+02	7.8050547e+00	-1.4941444e-01	1.7396311e-03	-1.2659622e-05	5.6381527e-08	-1.4079279e-10	1.5111165e-13	0.0000000e+00
0	0	7	49	2	2.7758215e+03	-2.3681676e+02	8.3341875e+00	-1.5976620e-01	1.8606766e-03	-1.3525556e-05	6.0083345e-08	-1.4943831e-10	1.5954770e-13	0.0000000e+00
0	0	7	49	3	2.6796682e+03	-2.2768430e+02	7.9739199e+00	-1.5206720e-01	1.7623737e-03	-1.2753207e-05	5.6417779e-08	-1.3978660e-10	1.4871404e-13	0.0000000e+00
0	0	7	50	0	1.4683250e+03	-1.1508878e+02	3.6485035e+00	-6.2005911e-02	6.3829159e-04	-4.0937653e-06	1.6035012e-08	-3.5185421e-11	3.3178823e-14	0.0000000e+00
0	0	7	50	1	1.7097136e+03	-1.3596188e+02	4.3998899e+00	-7.6771751e-02	8.1242033e-04	-5.3609929e-06	2.1612907e-08	-4.8805019e-11	4.7342088e-14	0.0000000e+00
0	0	7	50	2	2.2827393e+03	-1.8312563e+02	6.0390964e+00	-1.0824011e-01	1.1777952e-03	-7.9927877e-06	3.3119772e-08	-7.6783399e-11	7.6365726e-14	0.0000000e+00
0	0	7	50	3	2.8176753e+03	-2.2289177e+02	7.2961187e+00	-1.3039690e-01	1.4164825e-03	-9.6055164e-06	3.9805975e-08	-9.2356615e-11	9.1986416e-14	0.0000000e+00
0	0	7	51	0	2.7169243e+03	-2.7696753e+02	1.1626819e+01	-2.6559311e-01	3.6844651e-03	-3.1906115e-05	1.6891728e-07	-5.0103544e-10	6.3843245e-13	0.0000000e+00
0	0	7	51	1	2.8110176e+03	-2.8733585e+02	1.2108495e+01	-2.7796891e-01	3.8772020e-03	-3.3772903e-05	1.7991951e-07	-5.3717525e-10	6.8917457e-13	0.0000000e+00
0	0	7	51	2	2.8970735e+03	-2.9600735e+02	1.2479351e+01	-2.8680900e-01	4.0057073e-03	-3.4939858e-05	1.8638806e-07	-5.5720384e-10	7.1572875e-13	0.0000000e+00
0	0	7	51	3	2.8725889e+03	-2.9048456e+02	1.2110239e+01	-2.7498394e-01	3.7930647e-03	-3.2676897e-05	1.7222744e-07	-5.0899968e-10	6.4679712e-13	0.0000000e+00
0	0	7	52	0	2.0383477e+03	-1.9886919e+02	7.9448042e+00	-1.7216872e-01	2.2646603e-03	-1.8569604e-05	9.2904017e-08	-2.5977945e-10	3.1122538e-13	0.0000000e+00
0	0	7	52	1	2.1354194e+03	-2.0826476e+02	8.3294649e+00	-1.8085536e-01	2.3833148e-03	-1.9576009e-05	9.8093231e-08	-2.7468730e-10	3.2953656e-13	0.0000000e+00
0	0	7	52	2	2.0560862e+03	-2.0056819e+02	8.0130653e+00	-1.7369537e-01	2.2855413e-03	-1.8749060e-05	9.3852108e-08	-2.6259769e-10	3.1483697e-13	0.0000000e+00
0	0	7	52	3	2.1307646e+03	-2.0660721e+02	8.2143679e+00	-1.7733556e-01	2.3241106e-03	-1.8989444e-05	9.4674391e-08	-2.6382579e-10	3.1501806e-13	0.0000000e+00
0	0	7	53	0	1.3057455e+03	-1.2324598e+02	4.6944194e+00	-9.5920019e-02	1.1884886e-03	-9.1780166e-06	4.3264851e-08	-1.1409873e-10	1.2906103e-13	0.0000000e+00
0	0	7	53	1	1.0139664e+03	-9.8351578e+01	3.8119614e+00	-7.8906149e-02	9.9265424e-04	-7.7949280e-06	3.7392265e-08	-1.0035694e-10	1.1547062e-13	0.0000000e+00
0	0	7	53	2	1.0945001e+03	-1.0652357e+02	4.1606774e+00	-8.7136179e-02	1.1097447e-03	-8.8224806e-06	4.2829956e-08	-1.1625365e-10	1.3517498e-13	0.0000000e+00
0	0	7	53	3	8.3490320e+02	-8.0742744e+01	3.0806665e+00	-6.2276069e-02	7.6519599e-04	-5.8731785e-06	2.7568813e-08	-7.2498736e-11	8.1825998e-14	0.0000000e+00
0	0	7	54	0	1.2521222e+03	-1.3456808e+02	5.8325319e+00	-1.3596356e-01	1.9275760e-03	-1.7071781e-05	9.2444139e-08	-2.8030780e-10	3.6468232e-13	0.0000000e+00
0	0	7	54	1	1.2623534e+03	-1.3346303e+02	5.6915298e+00	-1.3048440e-01	1.8192255e-03	-1.5847569e-05	8.4436294e-08	-2.5204422e-10	3.2299272e-13	0.0000000e+00
0	0	7	54	2	1.2782488e+03	-1.3203548e+02	5.5014806e+00	-1.2300080e-01	1.6709347e-03	-1.4184554e-05	7.3733254e-08	-2.1516451e-10	2.7023186e-13	0.0000000e+00
0	0	7	54	3	1.4844490e+03	-1.5584279e+02	6.6472964e+00	-1.5317640e-01	2.1458890e-03	-1.8762745e-05	1.0017656e-07	-2.9907343e-10	3.8259071e-13	0.0000000e+00
0	0	7	55	0	1.6816108e+03	-1.7530482e+02	7.4572177e+00	-1.7147045e-01	2.3982790e-03	-2.0965817e-05	1.1212639e-07	-3.3597258e-10	4.3217665e-13	0.0000000e+00
0	0	7	55	1	1.6795267e+03	-1.7518185e+02	7.4478908e+00	-1.7093393e-01	2.3829951e-03	-2.0744374e-05	1.1042973e-07	-3.2940187e-10	4.2204573e-13	0.0000000e+00
0	0	7	55	2	1.7302975e+03	-1.8046025e+02	7.6826105e+00	-1.7678413e-01	2.4721469e-03	-2.1593953e-05	1.1537162e-07	-3.4544628e-10	4.4431933e-13	0.0000000e+00
0	0	7	55	3	2.3271453e+03	-2.4068353e+02	1.0257385e+01	-2.3786867e-01	3.3526025e-03	-2.9500898e-05	1.5864347e-07	-4.7759430e-10	6.1702011e-13	0.0000000e+00
0	0	7	56	0	1.7612749e+03	-1.6925978e+02	6.6283298e+00	-1.4016917e-01	1.7991253e-03	-1.4408012e-05	7.0509550e-08	-1.9323365e-10	2.2735604e-13	0.0000000e+00
0	0	7	56	1	1.7639183e+03	-1.6967439e+02	6.6511149e+00	-1.4079349e-01	1.8088934e-03	-1.4499367e-05	7.1014952e-08	-1.9476003e-10	2.2929599e-13	0.0000000e+00
0	0	7	56	2	1.7165636e+03	-1.6471753e+02	6.4326043e+00	-1.3551311e-01	1.7321375e-03	-1.3810126e-05	6.7269944e-08	-1.8346920e-10	2.1479628e-13	0.0000000e+00
0	0	7	56	3	1.7336664e+03	-1.6617172e+02	6.4874902e+00	-1.3679408e-01	1.7516155e-03	-1.4001270e-05	6.8421876e-08	-1.8731224e-10	2.2020684e-13	0.0000000e+00
0	0	7	57	0	2.5974993e+03	-3.0420712e+02	1.4659211e+01	-3.8447037e-01	6.1237691e-03	-6.0856724e-05	3.6939559e-07	-1.2545494e-09	1.8274895e-12	0.0000000e+00
0	0	7	57	1	2.4436663e+03	-2.8439511e+02	1.3594300e+01	-3.5327110e-01	5.5751693e-03	-5.4900553e-05	3.3026794e-07	-1.1119634e-09	1.6063091e-12	0.0000000e+00
0	0	7	57	2	2.3506204e+03	-2.7093854e+02	1.2789995e+01	-3.2725257e-01	5.0746147e-03	-4.9014641e-05	2.8881877e-07	-9.5160924e-10	1.3445187e-12	0.0000000e+00
0	0	7	57	3	1.6030863e+03	-1.7987155e+02	8.0797234e+00	-1.9234309e-01	2.7356965e-03	-2.3876404e-05	1.2507611e-07	-3.5966247e-10	4.3349894e-13	0.0000000e+00
0	0	7	58	0	6.6683215e+02	-8.5298347e+01	4.2292819e+00	-1.1009050e-01	1.7417767e-03	-1.7205221e-05	1.0383441e-07	-3.5058947e-10	5.0722713e-13	0.0000000e+00
0	0	7	58	1	6.9444116e+02	-9.2087204e+01	4.7134376e+00	-1.2641434e-01	2.0473746e-03	-2.0570445e-05	1.2555040e-07	-4.2666271e-10	6.1901043e-13	0.0000000e+00
0	0	7	58	2	9.3815619e+02	-1.1543085e+02	5.6399407e+00	-1.4658144e-01	2.3132912e-03	-2.2766597e-05	1.3673836e-07	-4.5902226e-10	6.5990095e-13	0.0000000e+00
0	0	7	58	3	3.5972131e+02	-5.0206032e+01	2.5276191e+00	-6.4485945e-02	1.0009533e-03	-9.7209486e-06	5.7818774e-08	-1.9285010e-10	2.7599911e-13	0.0000000e+00
0	0	7	59	0	2.2079011e+03	-2.4710890e+02	1.1343619e+01	-2.8240198e-01	4.2713960e-03	-4.0341252e-05	2.3297629e-07	-7.5389961e-10	1.0479996e-12	0.0000000e+00
0	0	7	59	1	2.1894214e+03	-2.4490601e+02	1.1235329e+01	-2.7952352e-01	4.2257016e-03	-3.9894749e-05	2.3033880e-07	-7.4524731e-10	1.0358860e-12	0.0000000e+00
0	0	7	59	2	2.1988979e+03	-2.4574268e+02	1.1261168e+01	-2.7983153e-01	4.2246822e-03	-3.9826784e-05	2.2958740e-07	-7.4159767e-10	1.0290607e-12	0.0000000e+00
0	0	7	59	3	2.0118076e+03	-2.2314883e+02	1.0123697e+01	-2.4860428e-01	3.7102168e-03	-3.4594545e-05	1.9737978e-07	-6.3150501e-10	8.6860711e-13	0.0000000e+00
0	0	7	60	0	2.3396292e+03	-2.4846915e+02	1.0808951e+01	-2.5493342e-01	3.6504108e-03	-3.2623575e-05	1.7822553e-07	-5.4543786e-10	7.1693346e-13	0.0000000e+00
0	0	7	60	1	2.3782195e+03	-2.5281490e+02	1.1013588e+01	-2.6022261e-01	3.7327863e-03	-3.3417593e-05	1.8286477e-07	-5.6050142e-10	7.3779730e-13	0.0000000e+00
0	0	7	60	2	2.3136450e+03	-2.4598117e+02	1.0707030e+01	-2.5261211e-01	3.6181989e-03	-3.2344138e-05	1.7674172e-07	-5.4101662e-10	7.1126270e-13	0.0000000e+00
0	0	7	60	3	3.5968298e+03	-3.7753488e+02	1.6382000e+01	-3.8743013e-01	5.5512055e-03	-4.9514547e-05	2.6925198e-07	-8.1810680e-10	1.0653625e-12	0.0000000e+00
0	0	7	61	0	2.8088423e+03	-3.3423502e+02	1.6428658e+01	-4.4060236e-01	7.1852491e-03	-7.3180345e-05	4.5558068e-07	-1.5877861e-09	2.3745628e-12	0.0000000e+00
0	0	7	61	1	3.0751509e+03	-3.6606830e+02	1.8020138e+01	-4.8393291e-01	7.8892605e-03	-8.0184203e-05	4.9731534e-07	-1.7241261e-09	2.5615582e-12	0.0000000e+00
0	0	7	61	2	2.6794783e+03	-3.1550214e+02	1.5284122e+01	-4.0247092e-01	6.4296951e-03	-6.4050197e-05	3.8965794e-07	-1.3267525e-09	1.9388885e-12	0.0000000e+00
0	0	7	61	3	2.5407258e+03	-2.9913803e+02	1.4499703e+01	-3.8253772e-01	6.1336164e-03	-6.1406834e-05	3.7577317e-07	-1.2874997e-09	1.8932681e-12	0.0000000e+00
0	0	7	62	0	3.2544287e+03	-3.1226794e+02	1.2410078e+01	-2.6971388e-01	3.5639275e-03	-2.9405450e-05	1.4827977e-07	-4.1858472e-10	5.0711892e-13	0.0000000e+00
0	0	7	62	1	3.2780630e+03	-3.1007214e+02	1.2149831e+01	-2.6030481e-01	3.3907117e-03	-2.7583152e-05	1.3717981e-07	-3.8209563e-10	4.5696720e-13	0.0000000e+00
0	0	7	62	2	3.2071926e+03	-3.0369119e+02	1.1897919e+01	-2.5460482e-01	3.3107756e-03	-2.6878555e-05	1.3338905e-07	-3.7074196e-10	4.4247909e-13	0.0000000e+00
0	0	7	62	3	3.2341960e+03	-3.0439029e+02	1.1867788e+01	-2.5307301e-01	3.2826283e-03	-2.6603302e-05	1.3186060e-07	-3.6616316e-10	4.3669869e-13	0.0000000e+00
0	0	7	63	0	1.9656788e+03	-2.1609496e+02	9.7648888e+00	-2.3983446e-01	3.5805453e-03	-3.3378587e-05	1.9020318e-07	-6.0690125e-10	8.3118831e-13	0.0000000e+00
0	0	7	63	1	1.8711842e+03	-2.0467210e+02	9.1844692e+00	-2.2362866e-01	3.3076741e-03	-3.0533633e-05	1.7222334e-07	-5.4378557e-10	7.3677837e-13	0.0000000e+00
0	0	7	63	2	2.0218727e+03	-2.2113219e+02	9.9452686e+00	-2.4314161e-01	3.6117726e-03	-3.3486976e-05	1.8970590e-07	-6.0155014e-10	8.1847609e-13	0.0000000e+00
0	0	7	63	3	2.0964944e+03	-2.2733620e+02	1.0148225e+01	-2.4640332e-01	3.6350309e-03	-3.3468888e-05	1.8827870e-07	-5.9282679e-10	8.0091245e-13	0.0000000e+00
