# portID	slaveID	chipID	channelID	tacID	branch	t0	a0	a1	a2
0	0	4	0	0	T	4.3289840e-02	1.3431439e+02	1.6600378e+02	-9.9999998e-03
0	0	4	0	0	E	2.6547186e-02	1.2483486e+02	1.6047232e+02	-1.0000008e-02
0	0	4	0	1	T	3.8813293e-02	1.2724802e+02	1.6557574e+02	-1.0000002e-02
0	0	4	0	1	E	2.5624029e-02	1.2463609e+02	1.6022131e+02	-1.0000021e-02
0	0	4	0	2	T	4.2271316e-02	1.2537222e+02	1.6607143e+02	-1.0000024e-02
0	0	4	0	2	E	2.4601690e-02	1.2273741e+02	1.5963330e+02	-9.9999998e-03
0	0	4	0	3	T	3.2664001e-02	1.2351173e+02	1.6532407e+02	-1.0000001e-02
0	0	4	0	3	E	2.5616400e-02	1.2263551e+02	1.6019180e+02	-1.0000001e-02
0	0	4	1	0	T	4.3635070e-02	1.3247993e+02	1.6291039e+02	-1.0000002e-02
0	0	4	1	0	E	2.3800604e-02	1.2139498e+02	1.6189771e+02	-9.9999998e-03
0	0	4	1	1	T	4.2914093e-02	1.1979586e+02	1.6277003e+02	-1.0000003e-02
0	0	4	1	1	E	7.4508116e-03	1.1914645e+02	1.6236794e+02	-1.0000001e-02
0	0	4	1	2	T	4.9574554e-02	1.2217940e+02	1.6355231e+02	-1.0000001e-02
0	0	4	1	2	E	1.0281317e-02	1.1737744e+02	1.6260037e+02	-9.9999998e-03
0	0	4	1	3	T	4.9267471e-02	1.1886030e+02	1.6324464e+02	-1.0000016e-02
0	0	4	1	3	E	2.6219122e-02	1.1990256e+02	1.6291747e+02	-9.9999998e-03
0	0	4	2	0	T	3.6804855e-02	1.2341927e+02	1.5652379e+02	-1.0000006e-02
0	0	4	2	0	E	1.2982123e-02	1.1999553e+02	1.5955281e+02	-1.0000001e-02
0	0	4	2	1	T	2.7514162e-02	1.1080113e+02	1.5598904e+02	-9.9999998e-03
0	0	4	2	1	E	2.6158087e-02	1.2163084e+02	1.6162131e+02	-7.7739406e-01
0	0	4	2	2	T	5.0158203e-02	1.1440197e+02	1.5555974e+02	-1.0000008e-02
0	0	4	2	2	E	2.6379339e-02	1.2344388e+02	1.5942445e+02	-9.9999998e-03
0	0	4	2	3	T	5.4567993e-02	1.1359512e+02	1.5624879e+02	-9.9999998e-03
0	0	4	2	3	E	2.6386969e-02	1.2072159e+02	1.6018405e+02	-1.0000019e-02
0	0	4	3	0	T	4.3993652e-02	1.2900194e+02	1.6392941e+02	-1.0000001e-02
0	0	4	3	0	E	2.5700323e-02	1.2203582e+02	1.5974614e+02	-1.0000001e-02
0	0	4	3	1	T	4.2782485e-02	1.1940067e+02	1.6264137e+02	-1.0000004e-02
0	0	4	3	1	E	2.4334662e-02	1.2360139e+02	1.6029205e+02	-1.0000001e-02
0	0	4	3	2	T	4.0159881e-02	1.2169628e+02	1.6255855e+02	-1.0000004e-02
0	0	4	3	2	E	2.6463263e-02	1.2259333e+02	1.5948656e+02	-1.0000016e-02
0	0	4	3	3	T	3.6093414e-02	1.1878288e+02	1.6278642e+02	-1.0000002e-02
0	0	4	3	3	E	2.5418036e-02	1.2208199e+02	1.6052142e+02	-1.0000003e-02
0	0	4	4	0	T	4.9845397e-02	1.2800476e+02	1.6178258e+02	-9.9999998e-03
0	0	4	4	0	E	2.5524847e-02	1.2518307e+02	1.6145203e+02	-1.0000031e-02
0	0	4	4	1	T	5.5830657e-02	1.2111721e+02	1.6292738e+02	-9.9999998e-03
0	0	4	4	1	E	7.4813291e-03	1.1956959e+02	1.6172003e+02	-1.0000001e-02
0	0	4	4	2	T	5.4854095e-02	1.2163118e+02	1.6197681e+02	-9.9999998e-03
0	0	4	4	2	E	2.5883429e-02	1.2354729e+02	1.6143292e+02	-9.9999998e-03
0	0	4	4	3	T	5.4945648e-02	1.2005024e+02	1.6255943e+02	-9.9999998e-03
0	0	4	4	3	E	2.3770086e-02	1.2379498e+02	1.6151556e+02	-9.9999998e-03
0	0	4	5	0	T	4.3257415e-02	1.2672026e+02	1.5544785e+02	-1.0000015e-02
0	0	4	5	0	E	2.6142828e-02	1.1732788e+02	1.5754749e+02	-1.0000010e-02
0	0	4	5	1	T	4.9374282e-02	1.1654316e+02	1.5546318e+02	-9.9999998e-03
0	0	4	5	1	E	2.5768988e-02	1.1743940e+02	1.5748860e+02	-1.0000001e-02
0	0	4	5	2	T	4.3383300e-02	1.1695628e+02	1.5536516e+02	-1.0000002e-02
0	0	4	5	2	E	2.6150458e-02	1.1624027e+02	1.5801373e+02	-1.0000002e-02
0	0	4	5	3	T	3.7367523e-02	1.1656056e+02	1.5494460e+02	-1.0000003e-02
0	0	4	5	3	E	2.5662176e-02	1.1542065e+02	1.5810742e+02	-1.1433460e-02
0	0	4	6	0	T	4.4291198e-02	1.2709310e+02	1.6029044e+02	-9.9999998e-03
0	0	4	6	0	E	1.0372870e-02	1.1690019e+02	1.5933234e+02	-1.0000068e-02
0	0	4	6	1	T	4.3547332e-02	1.1932449e+02	1.5948326e+02	-1.0000001e-02
0	0	4	6	1	E	2.2610418e-02	1.1868862e+02	1.5878218e+02	-9.9999998e-03
0	0	4	6	2	T	4.4481933e-02	1.1786189e+02	1.5941808e+02	-1.0000001e-02
0	0	4	6	2	E	1.3996832e-02	1.1758688e+02	1.5849387e+02	-1.0000022e-02
0	0	4	6	3	T	4.4096649e-02	1.1827779e+02	1.5887735e+02	-9.9999998e-03
0	0	4	6	3	E	2.5212042e-02	1.1960452e+02	1.5902684e+02	-9.9999998e-03
0	0	4	7	0	T	4.0915191e-02	1.3216570e+02	1.6398715e+02	-1.0000001e-02
0	0	4	7	0	E	2.5006048e-02	1.2019801e+02	1.5850067e+02	-9.9999998e-03
0	0	4	7	1	T	3.5895050e-02	1.2186973e+02	1.6321262e+02	-1.0000005e-02
0	0	4	7	1	E	2.6226752e-02	1.2099207e+02	1.5919550e+02	-9.9999998e-03
0	0	4	7	2	T	4.2725265e-02	1.2067676e+02	1.6338251e+02	-9.9999998e-03
0	0	4	7	2	E	2.3960821e-02	1.2045622e+02	1.5822316e+02	-9.9999998e-03
0	0	4	7	3	T	4.4270217e-02	1.2218522e+02	1.6338484e+02	-9.9999998e-03
0	0	4	7	3	E	2.5143377e-02	1.2379298e+02	1.5802617e+02	-9.9999998e-03
0	0	4	8	0	T	4.4037521e-02	1.3708945e+02	1.6620134e+02	-1.0000002e-02
0	0	4	8	0	E	2.4342291e-02	1.2200361e+02	1.5659306e+02	-9.9999998e-03
0	0	4	8	1	T	4.2919815e-02	1.2881363e+02	1.6442001e+02	-1.0000003e-02
0	0	4	8	1	E	2.6463263e-02	1.2064632e+02	1.5706711e+02	-1.0000004e-02
0	0	4	8	2	T	4.2746246e-02	1.2632877e+02	1.6584752e+02	-1.0000008e-02
0	0	4	8	2	E	2.6097052e-02	1.1799755e+02	1.5678262e+02	-9.9999998e-03
0	0	4	8	3	T	4.5672119e-02	1.2617685e+02	1.6516660e+02	-9.9999998e-03
0	0	4	8	3	E	2.6264898e-02	1.1845232e+02	1.5686540e+02	-9.9999998e-03
0	0	4	9	0	T	5.0514877e-02	1.2465155e+02	1.5933591e+02	-1.0037789e-02
0	0	4	9	0	E	1.8246405e-02	1.2710442e+02	1.7016974e+02	-1.0000003e-02
0	0	4	9	1	T	5.0589263e-02	1.1603848e+02	1.5897600e+02	-1.0000004e-02
0	0	4	9	1	E	1.9009344e-02	1.2480928e+02	1.7055511e+02	-1.0000024e-02
0	0	4	9	2	T	5.0137222e-02	1.1615127e+02	1.5795491e+02	-9.9999998e-03
0	0	4	9	2	E	3.2261603e-02	1.2862621e+02	1.6967958e+02	-1.0000001e-02
0	0	4	9	3	T	4.9132049e-02	1.1525943e+02	1.5941885e+02	-9.9999998e-03
0	0	4	9	3	E	9.3505308e-03	1.2333681e+02	1.6997246e+02	-9.9999998e-03
0	0	4	10	0	T	4.9874008e-02	1.3806342e+02	1.6822456e+02	-9.9999998e-03
0	0	4	10	0	E	3.6823981e-02	1.2905124e+02	1.6095337e+02	-9.9999998e-03
0	0	4	10	1	T	4.6324432e-02	1.2608471e+02	1.6778671e+02	-9.9999998e-03
0	0	4	10	1	E	3.6946051e-02	1.2716392e+02	1.6180614e+02	-1.0000086e-02
0	0	4	10	2	T	5.6027114e-02	1.2910934e+02	1.6772208e+02	-9.9999998e-03
0	0	4	10	2	E	3.7297003e-02	1.2602664e+02	1.6143285e+02	-9.9999998e-03
0	0	4	10	3	T	5.4167449e-02	1.2860901e+02	1.6769022e+02	-9.9999998e-03
0	0	4	10	3	E	3.7976019e-02	1.2819231e+02	1.6154883e+02	-9.9999998e-03
0	0	4	11	0	T	5.6307495e-02	1.4755058e+02	1.7823192e+02	-1.0000002e-02
0	0	4	11	0	E	3.6633246e-02	1.2699142e+02	1.6371925e+02	-9.9999998e-03
0	0	4	11	1	T	5.1914871e-02	1.3254497e+02	1.7809956e+02	-1.0000019e-02
0	0	4	11	1	E	3.8120978e-02	1.2695103e+02	1.6336833e+02	-1.0000001e-02
0	0	4	11	2	T	5.5273712e-02	1.3411798e+02	1.7810791e+02	-1.0000002e-02
0	0	4	11	2	E	2.5791876e-02	1.2669231e+02	1.6363362e+02	-9.9999998e-03
0	0	4	11	3	T	5.5161178e-02	1.3171049e+02	1.7876685e+02	-1.0000001e-02
0	0	4	11	3	E	3.8311712e-02	1.2899850e+02	1.6396962e+02	-1.0000001e-02
0	0	4	12	0	T	5.5884063e-02	1.2770883e+02	1.6358040e+02	-1.0000003e-02
0	0	4	12	0	E	3.8822882e-02	1.1865283e+02	1.5552086e+02	-1.0000001e-02
0	0	4	12	1	T	4.7758758e-02	1.1665245e+02	1.6270360e+02	-1.0000001e-02
0	0	4	12	1	E	3.7991278e-02	1.1960572e+02	1.5471710e+02	-9.9999998e-03
0	0	4	12	2	T	4.6715438e-02	1.1873337e+02	1.6166440e+02	-1.0000016e-02
0	0	4	12	2	E	3.4405462e-02	1.1683551e+02	1.5498982e+02	-1.0000003e-02
0	0	4	12	3	T	5.5710495e-02	1.1651052e+02	1.6535402e+02	-1.6424041e+00
0	0	4	12	3	E	3.8441412e-02	1.1813815e+02	1.5510730e+02	-9.6289441e-02
0	0	4	13	0	T	5.6385696e-02	1.3901018e+02	1.6914093e+02	-1.0000014e-02
0	0	4	13	0	E	2.8889410e-02	1.1822987e+02	1.6335405e+02	-9.9999998e-03
0	0	4	13	1	T	5.5479705e-02	1.2770792e+02	1.6960205e+02	-1.0000001e-02
0	0	4	13	1	E	3.8441412e-02	1.2021898e+02	1.6338666e+02	-1.0000003e-02
0	0	4	13	2	T	4.4701278e-02	1.2763761e+02	1.6894873e+02	-9.9999998e-03
0	0	4	13	2	E	3.8479559e-02	1.2060567e+02	1.6398206e+02	-1.0000001e-02
0	0	4	13	3	T	5.6484878e-02	1.2894580e+02	1.6919601e+02	-9.9999998e-03
0	0	4	13	3	E	3.7525885e-02	1.2007946e+02	1.6387865e+02	-9.9999998e-03
0	0	4	14	0	T	6.1934173e-02	1.3655899e+02	1.5786801e+02	-1.0000001e-02
0	0	4	14	0	E	3.0026190e-02	1.2190183e+02	1.6247713e+02	-1.0000011e-02
0	0	4	14	1	T	6.7511261e-02	1.2951067e+02	1.5708276e+02	-1.0000001e-02
0	0	4	14	1	E	3.5938971e-02	1.2093824e+02	1.6188983e+02	-1.0000001e-02
0	0	4	14	2	T	5.8233917e-02	1.2518877e+02	1.5756813e+02	-1.0000001e-02
0	0	4	14	2	E	4.3850653e-02	1.2071455e+02	1.6265262e+02	-1.0000010e-02
0	0	4	14	3	T	6.7637146e-02	1.2540407e+02	1.5778291e+02	-9.9999998e-03
0	0	4	14	3	E	3.4451239e-02	1.1985431e+02	1.6204460e+02	-9.9999998e-03
0	0	4	15	0	T	4.9879730e-02	1.2466930e+02	1.5637511e+02	-9.9999998e-03
0	0	4	15	0	E	2.6745550e-02	1.1918741e+02	1.6117105e+02	-9.9999998e-03
0	0	4	15	1	T	4.9704254e-02	1.1646215e+02	1.5466132e+02	-9.9999998e-03
0	0	4	15	1	E	7.5652525e-03	1.1701219e+02	1.6016090e+02	-1.0000009e-02
0	0	4	15	2	T	4.9341857e-02	1.1519997e+02	1.5446761e+02	-9.9999998e-03
0	0	4	15	2	E	3.8014166e-02	1.2182552e+02	1.6072444e+02	-1.0000002e-02
0	0	4	15	3	T	4.9725235e-02	1.1478652e+02	1.5593201e+02	-9.9999998e-03
0	0	4	15	3	E	3.1544439e-02	1.2186504e+02	1.6125356e+02	-5.3650463e-01
0	0	4	16	0	T	6.8201721e-02	1.2392497e+02	1.6264052e+02	-1.0000005e-02
0	0	4	16	0	E	4.4140570e-02	1.2844926e+02	1.6726744e+02	-1.0000030e-02
0	0	4	16	1	T	6.8579376e-02	1.1689030e+02	1.6206996e+02	-9.9999998e-03
0	0	4	16	1	E	3.6160223e-02	1.2738709e+02	1.6777728e+02	-1.0000017e-02
0	0	4	16	2	T	6.8304718e-02	1.1707456e+02	1.6168001e+02	-1.0000001e-02
0	0	4	16	2	E	4.3156378e-02	1.2839336e+02	1.6722025e+02	-1.0000002e-02
0	0	4	16	3	T	6.8543136e-02	1.1663615e+02	1.6203584e+02	-1.0000003e-02
0	0	4	16	3	E	4.4270270e-02	1.2805272e+02	1.6745251e+02	-9.9999998e-03
0	0	4	17	0	T	6.8028152e-02	1.3092880e+02	1.6333395e+02	-1.0000003e-02
0	0	4	17	0	E	3.4466498e-02	1.2381113e+02	1.6252586e+02	-1.0000031e-02
0	0	4	17	1	T	6.3904464e-02	1.2123157e+02	1.6273685e+02	-9.9999998e-03
0	0	4	17	1	E	5.0480597e-02	1.2870474e+02	1.6255121e+02	-1.0000001e-02
0	0	4	17	2	T	6.8695724e-02	1.1954324e+02	1.6345218e+02	-9.9999998e-03
0	0	4	17	2	E	4.9732916e-02	1.2636321e+02	1.6288361e+02	-1.0000001e-02
0	0	4	17	3	T	6.8518341e-02	1.1907680e+02	1.6395860e+02	-1.0000001e-02
0	0	4	17	3	E	4.1996710e-02	1.2683591e+02	1.6291533e+02	-9.9999998e-03
0	0	4	18	0	T	5.1470459e-02	1.2503513e+02	1.6071991e+02	-9.9999998e-03
0	0	4	18	0	E	4.3461554e-02	1.2073078e+02	1.6006384e+02	-9.9999998e-03
0	0	4	18	1	T	6.8579376e-02	1.1992928e+02	1.5999261e+02	-9.9999998e-03
0	0	4	18	1	E	3.2948248e-02	1.2038227e+02	1.5952921e+02	-9.9999998e-03
0	0	4	18	2	T	6.0850799e-02	1.2038439e+02	1.5862126e+02	-1.0000001e-02
0	0	4	18	2	E	4.4461004e-02	1.2213309e+02	1.5975212e+02	-1.0000003e-02
0	0	4	18	3	T	6.2170684e-02	1.1824908e+02	1.5981361e+02	-1.0000001e-02
0	0	4	18	3	E	4.0196173e-02	1.2007956e+02	1.5996523e+02	-1.0000009e-02
0	0	4	19	0	T	6.7782104e-02	1.2513751e+02	1.6180753e+02	-1.0000013e-02
0	0	4	19	0	E	3.3253424e-02	1.1852978e+02	1.5583565e+02	-1.0000042e-02
0	0	4	19	1	T	7.4036300e-02	1.1736546e+02	1.6230096e+02	-9.9999998e-03
0	0	4	19	1	E	4.4384710e-02	1.2024129e+02	1.5481697e+02	-9.9999998e-03
0	0	4	19	2	T	6.8051040e-02	1.1791961e+02	1.6215643e+02	-1.0000002e-02
0	0	4	19	2	E	4.3751471e-02	1.2150277e+02	1.5600589e+02	-9.9999998e-03
0	0	4	19	3	T	6.2960327e-02	1.1810361e+02	1.6248746e+02	-9.9999998e-03
0	0	4	19	3	E	4.4026129e-02	1.1811475e+02	1.5651279e+02	-1.0000003e-02
0	0	4	20	0	T	6.3236892e-02	1.3292964e+02	1.6487599e+02	-1.0000013e-02
0	0	4	20	0	E	3.6480658e-02	1.1342944e+02	1.4801988e+02	-9.9999998e-03
0	0	4	20	1	T	6.8739593e-02	1.2551953e+02	1.6393422e+02	-9.9999998e-03
0	0	4	20	1	E	3.1941168e-02	1.1324353e+02	1.4737886e+02	-1.0000001e-02
0	0	4	20	2	T	5.7127655e-02	1.2200602e+02	1.6448131e+02	-9.9999998e-03
0	0	4	20	2	E	3.1773321e-02	1.1201959e+02	1.4809131e+02	-1.0000002e-02
0	0	4	20	3	T	6.7602813e-02	1.2336192e+02	1.6447928e+02	-9.9999998e-03
0	0	4	20	3	E	3.7853949e-02	1.1459299e+02	1.4780814e+02	-1.0000001e-02
0	0	4	21	0	T	6.7131698e-02	1.3113440e+02	1.6173282e+02	-9.9999998e-03
0	0	4	21	0	E	4.9679510e-02	1.1574617e+02	1.5743121e+02	-1.0000001e-02
0	0	4	21	1	T	6.7022979e-02	1.2289774e+02	1.6079924e+02	-9.9999998e-03
0	0	4	21	1	E	4.9267523e-02	1.1402411e+02	1.5832932e+02	-1.0000001e-02
0	0	4	21	2	T	6.5888107e-02	1.2057099e+02	1.6069571e+02	-9.9999998e-03
0	0	4	21	2	E	4.8611395e-02	1.1240188e+02	1.5786966e+02	-1.0000001e-02
0	0	4	21	3	T	6.8140686e-02	1.2134195e+02	1.6085835e+02	-9.9999998e-03
0	0	4	21	3	E	5.0129645e-02	1.1584837e+02	1.5781055e+02	-1.0000008e-02
0	0	4	22	0	T	6.8680465e-02	1.3333020e+02	1.7171176e+02	-1.0000001e-02
0	0	4	22	0	E	5.0068609e-02	1.2351162e+02	1.5904515e+02	-1.0000063e-02
0	0	4	22	1	T	6.7921340e-02	1.2420888e+02	1.7145828e+02	-9.9999998e-03
0	0	4	22	1	E	4.8252814e-02	1.2050268e+02	1.5971968e+02	-1.0000001e-02
0	0	4	22	2	T	4.9433410e-02	1.2353159e+02	1.7115579e+02	-1.0000001e-02
0	0	4	22	2	E	5.0694220e-02	1.2064630e+02	1.5907881e+02	-1.0000003e-02
0	0	4	22	3	T	5.3316772e-02	1.2043960e+02	1.7176451e+02	-1.0000019e-02
0	0	4	22	3	E	3.9479010e-02	1.2087569e+02	1.5929468e+02	-1.0000036e-02
0	0	4	23	0	T	6.2777221e-02	1.3147459e+02	1.6278500e+02	-1.0000001e-02
0	0	4	23	0	E	4.3774359e-02	1.2358115e+02	1.6218346e+02	-9.9999998e-03
0	0	4	23	1	T	6.1419189e-02	1.2176962e+02	1.6301227e+02	-1.0000001e-02
0	0	4	23	1	E	4.4735663e-02	1.2354112e+02	1.6179643e+02	-1.0000004e-02
0	0	4	23	2	T	5.7568252e-02	1.1763898e+02	1.6381517e+02	-9.9999998e-03
0	0	4	23	2	E	4.4010870e-02	1.2085565e+02	1.6182794e+02	-9.9999998e-03
0	0	4	23	3	T	6.2998474e-02	1.1926733e+02	1.6320276e+02	-1.0000001e-02
0	0	4	23	3	E	4.4758551e-02	1.2140826e+02	1.6127721e+02	-1.0000001e-02
0	0	4	24	0	T	6.7602813e-02	1.2678051e+02	1.6020757e+02	-9.9999998e-03
0	0	4	24	0	E	5.0198309e-02	1.1648246e+02	1.5422783e+02	-1.0000001e-02
0	0	4	24	1	T	5.7169616e-02	1.1589565e+02	1.5938190e+02	-1.0000007e-02
0	0	4	24	1	E	5.0671332e-02	1.1643468e+02	1.5410129e+02	-1.0000001e-02
0	0	4	24	2	T	6.8079650e-02	1.1700447e+02	1.5999812e+02	-9.9999998e-03
0	0	4	24	2	E	4.4453375e-02	1.1596998e+02	1.5386153e+02	-9.9999998e-03
0	0	4	24	3	T	4.8737228e-02	1.1447428e+02	1.5994061e+02	-9.9999998e-03
0	0	4	24	3	E	3.5450689e-02	1.1226598e+02	1.5455222e+02	-9.9999998e-03
0	0	4	25	0	T	3.6633193e-02	1.2463477e+02	1.6968254e+02	-9.9999998e-03
0	0	4	25	0	E	6.4895079e-03	1.1805875e+02	1.6466264e+02	-1.0000001e-02
0	0	4	25	1	T	3.4521759e-02	1.1830256e+02	1.6915921e+02	-1.0000003e-02
0	0	4	25	1	E	3.1101935e-02	1.1952747e+02	1.6377956e+02	-1.0000001e-02
0	0	4	25	2	T	4.8981369e-02	1.2132347e+02	1.6934236e+02	-9.9999998e-03
0	0	4	25	2	E	3.1368963e-02	1.2011179e+02	1.6414709e+02	-1.0000001e-02
0	0	4	25	3	T	5.6311309e-02	1.2011907e+02	1.7009061e+02	-1.0000007e-02
0	0	4	25	3	E	3.2086127e-02	1.2056007e+02	1.6426712e+02	-9.9999998e-03
0	0	4	26	0	T	5.5708587e-02	1.2690945e+02	1.5458617e+02	-9.9999998e-03
0	0	4	26	0	E	3.8227789e-02	1.1554539e+02	1.5408209e+02	-1.0000025e-02
0	0	4	26	1	T	5.5557907e-02	1.1735565e+02	1.5408653e+02	-1.0000001e-02
0	0	4	26	1	E	2.9186957e-02	1.1197443e+02	1.5352586e+02	-9.9999998e-03
0	0	4	26	2	T	5.6082428e-02	1.1924349e+02	1.5453499e+02	-1.0000002e-02
0	0	4	26	2	E	3.7976019e-02	1.1607544e+02	1.5332092e+02	-9.9999998e-03
0	0	4	26	3	T	5.1167190e-02	1.1458327e+02	1.5430562e+02	-9.9999998e-03
0	0	4	26	3	E	4.4232123e-02	1.1810387e+02	1.5369673e+02	-9.9999998e-03
0	0	4	27	0	T	5.5596054e-02	1.2979152e+02	1.6090334e+02	-9.9999998e-03
0	0	4	27	0	E	3.6106817e-02	1.2587466e+02	1.6481769e+02	-1.0000006e-02
0	0	4	27	1	T	5.5864990e-02	1.2093383e+02	1.6001466e+02	-9.9999998e-03
0	0	4	27	1	E	2.8774969e-02	1.2206876e+02	1.6513271e+02	-1.0000003e-02
0	0	4	27	2	T	4.5302093e-02	1.1868246e+02	1.6046135e+02	-9.9999998e-03
0	0	4	27	2	E	3.8746588e-02	1.2352830e+02	1.6543541e+02	-1.0000002e-02
0	0	4	27	3	T	5.5453002e-02	1.1921974e+02	1.6090453e+02	-9.9999998e-03
0	0	4	27	3	E	3.8388006e-02	1.2201243e+02	1.6594765e+02	-9.9999998e-03
0	0	4	28	0	T	5.6826293e-02	1.3123259e+02	1.6432423e+02	-1.0000003e-02
0	0	4	28	0	E	3.4275763e-02	1.2407257e+02	1.6145349e+02	-1.0000028e-02
0	0	4	28	1	T	5.2305877e-02	1.2118246e+02	1.6428766e+02	-1.0000001e-02
0	0	4	28	1	E	4.4712774e-02	1.2440678e+02	1.6091188e+02	-1.0000002e-02
0	0	4	28	2	T	5.6194961e-02	1.2068980e+02	1.6332173e+02	-1.0000004e-02
0	0	4	28	2	E	2.7577154e-02	1.2449180e+02	1.6148782e+02	-1.0000001e-02
0	0	4	28	3	T	5.6679428e-02	1.2055036e+02	1.6382259e+02	-1.0000007e-02
0	0	4	28	3	E	2.7195685e-02	1.2146006e+02	1.6185854e+02	-1.0000005e-02
0	0	4	29	0	T	5.7232559e-02	1.3023665e+02	1.6862206e+02	-1.0003484e-02
0	0	4	29	0	E	4.4644110e-02	1.2581159e+02	1.6468349e+02	-1.0000001e-02
0	0	4	29	1	T	6.1117828e-02	1.2193506e+02	1.6774126e+02	-1.0000009e-02
0	0	4	29	1	E	4.4857733e-02	1.2519238e+02	1.6551585e+02	-9.9999998e-03
0	0	4	29	2	T	6.0414016e-02	1.2043148e+02	1.6766621e+02	-9.9999998e-03
0	0	4	29	2	E	4.3614142e-02	1.2535624e+02	1.6629111e+02	-1.0000028e-02
0	0	4	29	3	T	6.0980499e-02	1.2110984e+02	1.6726555e+02	-9.9999998e-03
0	0	4	29	3	E	4.4453375e-02	1.2477464e+02	1.6558214e+02	-1.0000031e-02
0	0	4	30	0	T	5.1338851e-02	1.3198703e+02	1.6714566e+02	-1.0000004e-02
0	0	4	30	0	E	4.4117682e-02	1.1507156e+02	1.4898790e+02	-9.9999998e-03
0	0	4	30	1	T	4.9858749e-02	1.2167637e+02	1.6708098e+02	-1.0000004e-02
0	0	4	30	1	E	4.4110052e-02	1.1493958e+02	1.4860075e+02	-1.0000001e-02
0	0	4	30	2	T	6.6496551e-02	1.2228457e+02	1.6734242e+02	-9.9999998e-03
0	0	4	30	2	E	3.6030523e-02	1.1300080e+02	1.4900851e+02	-9.9999998e-03
0	0	4	30	3	T	6.7518890e-02	1.2211009e+02	1.6770506e+02	-9.9999998e-03
0	0	4	30	3	E	4.0379278e-02	1.1172288e+02	1.4924239e+02	-1.0000001e-02
0	0	4	31	0	T	6.8413436e-02	1.2306321e+02	1.5923260e+02	-9.9999998e-03
0	0	4	31	0	E	4.5277350e-02	1.2142438e+02	1.6537039e+02	-9.9999998e-03
0	0	4	31	1	T	6.7862213e-02	1.1211695e+02	1.6078807e+02	-9.9999998e-03
0	0	4	31	1	E	4.1256659e-02	1.2306169e+02	1.6447997e+02	-9.9999998e-03
0	0	4	31	2	T	6.7047775e-02	1.1221877e+02	1.5948579e+02	-9.9999998e-03
0	0	4	31	2	E	3.6495917e-02	1.2186769e+02	1.6503021e+02	-9.9999998e-03
0	0	4	31	3	T	6.7875564e-02	1.1238931e+02	1.5998946e+02	-9.9999998e-03
0	0	4	31	3	E	7.3134825e-03	1.1436407e+02	1.6471272e+02	-1.0000001e-02
0	0	4	32	0	T	6.7370117e-02	1.3566792e+02	1.7328154e+02	-9.9999998e-03
0	0	4	32	0	E	4.4178717e-02	1.1577715e+02	1.5188657e+02	-1.0000031e-02
0	0	4	32	1	T	5.2609146e-02	1.2610519e+02	1.7167830e+02	-1.0000001e-02
0	0	4	32	1	E	4.4544928e-02	1.1385093e+02	1.5243452e+02	-9.9999998e-03
0	0	4	32	2	T	6.6149414e-02	1.2546358e+02	1.7325470e+02	-9.9999998e-03
0	0	4	32	2	E	4.2393439e-02	1.1555217e+02	1.5164258e+02	-1.0000004e-02
0	0	4	32	3	T	6.6891372e-02	1.2449501e+02	1.7300301e+02	-9.9999998e-03
0	0	4	32	3	E	4.3057196e-02	1.1513205e+02	1.5164607e+02	-1.0000001e-02
0	0	4	33	0	T	7.3931396e-02	1.2539043e+02	1.5591527e+02	-9.9999998e-03
0	0	4	33	0	E	4.4026129e-02	1.2397723e+02	1.6108275e+02	-1.0000006e-02
0	0	4	33	1	T	7.3889434e-02	1.1795216e+02	1.5602267e+02	-9.9999998e-03
0	0	4	33	1	E	4.4003241e-02	1.2393383e+02	1.6050926e+02	-9.9999998e-03
0	0	4	33	2	T	7.3733032e-02	1.1559318e+02	1.5680759e+02	-1.0000002e-02
0	0	4	33	2	E	4.3835394e-02	1.2114650e+02	1.6063074e+02	-9.9999998e-03
0	0	4	33	3	T	7.2134674e-02	1.1439510e+02	1.5600056e+02	-9.9999998e-03
0	0	4	33	3	E	4.4628851e-02	1.2273730e+02	1.6065263e+02	-1.0000016e-02
0	0	4	34	0	T	-7.1408570e-02	1.3723917e+02	1.7108066e+02	-9.9999998e-03
0	0	4	34	0	E	-6.4326532e-02	1.1998898e+02	1.5854558e+02	-1.0000059e-02
0	0	4	34	1	T	-4.6792328e-02	1.3396790e+02	1.6977483e+02	-1.0000002e-02
0	0	4	34	1	E	-6.4738519e-02	1.2050607e+02	1.5844772e+02	-1.0000001e-02
0	0	4	34	2	T	-4.7259629e-02	1.3218080e+02	1.7099675e+02	-1.0000002e-02
0	0	4	34	2	E	-8.9175470e-02	1.1638424e+02	1.5925288e+02	-1.0000001e-02
0	0	4	34	3	T	-4.7044098e-02	1.3044972e+02	1.7108669e+02	-1.0000002e-02
0	0	4	34	3	E	-6.4677484e-02	1.2074481e+02	1.5938092e+02	-9.9999998e-03
0	0	4	35	0	T	-7.2257340e-02	1.3524330e+02	1.6398688e+02	-9.9999998e-03
0	0	4	35	0	E	-6.5615900e-02	1.1840913e+02	1.5940492e+02	-9.9999998e-03
0	0	4	35	1	T	-7.2055161e-02	1.2538734e+02	1.6343494e+02	-9.9999998e-03
0	0	4	35	1	E	-6.7210443e-02	1.1703500e+02	1.5882687e+02	-9.9999998e-03
0	0	4	35	2	T	-8.3430588e-02	1.2594892e+02	1.6183694e+02	-1.0000018e-02
0	0	4	35	2	E	-6.5234430e-02	1.1808602e+02	1.5961885e+02	-9.9999998e-03
0	0	4	35	3	T	-7.2509110e-02	1.2322943e+02	1.6311485e+02	-1.0000013e-02
0	0	4	35	3	E	-7.0132501e-02	1.1538893e+02	1.5936197e+02	-1.0000024e-02
0	0	4	36	0	T	-5.2846253e-02	1.2531458e+02	1.5269295e+02	-1.0000001e-02
0	0	4	36	0	E	-7.0674188e-02	1.2287287e+02	1.6122803e+02	-9.9999998e-03
0	0	4	36	1	T	-5.4425538e-02	1.1617610e+02	1.5340627e+02	-9.9999998e-03
0	0	4	36	1	E	-7.6121576e-02	1.2166412e+02	1.6155032e+02	-1.0000001e-02
0	0	4	36	2	T	-5.4816544e-02	1.1630962e+02	1.5259662e+02	-1.0000001e-02
0	0	4	36	2	E	-7.0895441e-02	1.1869762e+02	1.6120831e+02	-1.0000001e-02
0	0	4	36	3	T	-7.1267426e-02	1.1319660e+02	1.5322942e+02	-9.9999998e-03
0	0	4	36	3	E	-8.6421259e-02	1.1776003e+02	1.6069806e+02	-1.0000016e-02
0	0	4	37	0	T	-5.4980576e-02	1.3290776e+02	1.6007550e+02	-1.0000001e-02
0	0	4	37	0	E	-7.1521051e-02	1.2813316e+02	1.6740401e+02	-9.9999998e-03
0	0	4	37	1	T	-5.3538620e-02	1.2777220e+02	1.5953624e+02	-9.9999998e-03
0	0	4	37	1	E	-7.1498163e-02	1.2831656e+02	1.6611049e+02	-9.9999998e-03
0	0	4	37	2	T	-5.6096375e-02	1.2330111e+02	1.5935524e+02	-1.0000001e-02
0	0	4	37	2	E	-7.0727594e-02	1.2796102e+02	1.6685773e+02	-1.0000001e-02
0	0	4	37	3	T	-5.7828248e-02	1.2135213e+02	1.5965541e+02	-9.9999998e-03
0	0	4	37	3	E	-7.3611505e-02	1.2655922e+02	1.6643216e+02	-1.0000017e-02
0	0	4	38	0	T	-7.7903092e-02	1.3516666e+02	1.6970023e+02	-1.0000003e-02
0	0	4	38	0	E	-7.1032770e-02	1.2030475e+02	1.5450085e+02	-1.0000001e-02
0	0	4	38	1	T	-7.8040421e-02	1.2357742e+02	1.6931828e+02	-1.0000006e-02
0	0	4	38	1	E	-7.1582086e-02	1.1967116e+02	1.5475652e+02	-9.9999998e-03
0	0	4	38	2	T	-7.7821076e-02	1.2319501e+02	1.6884987e+02	-9.9999998e-03
0	0	4	38	2	E	-7.1482904e-02	1.1665787e+02	1.5451006e+02	-9.9999998e-03
0	0	4	38	3	T	-7.7655137e-02	1.2108617e+02	1.6946849e+02	-1.0000001e-02
0	0	4	38	3	E	-7.2306879e-02	1.2090684e+02	1.5438683e+02	-1.0000048e-02
0	0	4	39	0	T	-5.9258759e-02	1.3215382e+02	1.6257953e+02	-9.9999998e-03
0	0	4	39	0	E	-7.6525934e-02	1.2194543e+02	1.6031055e+02	-1.0000013e-02
0	0	4	39	1	T	-5.9878647e-02	1.2130652e+02	1.6243710e+02	-9.9999998e-03
0	0	4	39	1	E	-7.7067621e-02	1.2244156e+02	1.6097322e+02	-1.0000033e-02
0	0	4	39	2	T	-7.1902573e-02	1.2126206e+02	1.6253999e+02	-9.9999998e-03
0	0	4	39	2	E	-7.6251276e-02	1.1960383e+02	1.6052428e+02	-1.0000002e-02
0	0	4	39	3	T	-6.0591996e-02	1.2012327e+02	1.6288844e+02	-1.0000001e-02
0	0	4	39	3	E	-7.8524835e-02	1.2256863e+02	1.6095117e+02	-1.0000053e-02
0	0	4	40	0	T	-5.4236710e-02	1.4073366e+02	1.6040341e+02	-1.0000002e-02
0	0	4	40	0	E	-7.8608759e-02	1.2367331e+02	1.5929584e+02	-9.9999998e-03
0	0	4	40	1	T	-5.3746521e-02	1.2841110e+02	1.6050406e+02	-9.9999998e-03
0	0	4	40	1	E	-7.5335748e-02	1.2180524e+02	1.5972690e+02	-9.9999998e-03
0	0	4	40	2	T	-5.5075943e-02	1.2914041e+02	1.6059671e+02	-9.9999998e-03
0	0	4	40	2	E	-7.2131403e-02	1.2107516e+02	1.5920566e+02	-1.0000009e-02
0	0	4	40	3	T	-5.3012192e-02	1.2690365e+02	1.6064534e+02	-9.9999998e-03
0	0	4	40	3	E	-7.1398981e-02	1.2235945e+02	1.5904393e+02	-1.0000017e-02
0	0	4	41	0	T	-5.5215180e-02	1.2582790e+02	1.5351619e+02	-1.0000011e-02
0	0	4	41	0	E	-7.0933588e-02	1.1615820e+02	1.5231026e+02	-1.0004556e-02
0	0	4	41	1	T	-5.3223908e-02	1.1661717e+02	1.5434593e+02	-1.0000017e-02
0	0	4	41	1	E	-7.1276911e-02	1.1735887e+02	1.5294058e+02	-1.0000003e-02
0	0	4	41	2	T	-5.5283844e-02	1.1686011e+02	1.5363994e+02	-1.0000014e-02
0	0	4	41	2	E	-7.1070917e-02	1.1731605e+02	1.5260590e+02	-1.0000001e-02
0	0	4	41	3	T	-5.3204834e-02	1.1603165e+02	1.5378964e+02	-1.0000001e-02
0	0	4	41	3	E	-7.0834406e-02	1.1673137e+02	1.5280486e+02	-1.0000005e-02
0	0	4	42	0	T	-5.3336442e-02	1.3754373e+02	1.6840471e+02	-1.0000013e-02
0	0	4	42	0	E	-7.1063288e-02	1.2723090e+02	1.6216180e+02	-1.0000002e-02
0	0	4	42	1	T	-8.0474198e-02	1.2494988e+02	1.6690825e+02	-1.0000001e-02
0	0	4	42	1	E	-7.2413690e-02	1.2761881e+02	1.6212610e+02	-9.9999998e-03
0	0	4	42	2	T	-5.3349793e-02	1.2784037e+02	1.6750763e+02	-9.9999998e-03
0	0	4	42	2	E	-7.1162470e-02	1.2700203e+02	1.6191823e+02	-9.9999998e-03
0	0	4	42	3	T	-7.0508301e-02	1.2334255e+02	1.6812442e+02	-1.0000001e-02
0	0	4	42	3	E	-7.0925958e-02	1.2518217e+02	1.6279193e+02	-1.0000005e-02
0	0	4	43	0	T	-5.4871857e-02	1.3542564e+02	1.6608804e+02	-9.9999998e-03
0	0	4	43	0	E	-7.5618036e-02	1.1881651e+02	1.5901677e+02	-1.0000017e-02
0	0	4	43	1	T	-5.2951157e-02	1.2635928e+02	1.6464053e+02	-9.9999998e-03
0	0	4	43	1	E	-7.1086176e-02	1.1925074e+02	1.5922279e+02	-1.0000003e-02
0	0	4	43	2	T	-7.3958695e-02	1.2540172e+02	1.6480627e+02	-9.9999998e-03
0	0	4	43	2	E	-7.0735224e-02	1.1981349e+02	1.5914763e+02	-9.9999998e-03
0	0	4	43	3	T	-5.2769959e-02	1.2558865e+02	1.6475882e+02	-9.9999998e-03
0	0	4	43	3	E	-7.1345575e-02	1.1616501e+02	1.5918573e+02	-1.0000002e-02
0	0	4	44	0	T	-5.2892029e-02	1.2909882e+02	1.5758968e+02	-1.0000001e-02
0	0	4	44	0	E	-8.3850153e-02	1.2059162e+02	1.6076614e+02	-1.0000002e-02
0	0	4	44	1	T	-7.2406113e-02	1.1767063e+02	1.5718205e+02	-9.9999998e-03
0	0	4	44	1	E	-7.2161920e-02	1.2171114e+02	1.6082599e+02	-1.0000004e-02
0	0	4	44	2	T	-5.3925812e-02	1.1801306e+02	1.5706732e+02	-9.9999998e-03
0	0	4	44	2	E	-7.2451837e-02	1.2129255e+02	1.6023105e+02	-9.9999998e-03
0	0	4	44	3	T	-5.3246796e-02	1.1920982e+02	1.5766782e+02	-9.9999998e-03
0	0	4	44	3	E	-7.1025141e-02	1.2222187e+02	1.6041197e+02	-1.0000024e-02
0	0	4	45	0	T	-7.1311295e-02	1.2904021e+02	1.5685196e+02	-1.0000001e-02
0	0	4	45	0	E	-8.8816889e-02	1.2109074e+02	1.6416931e+02	-1.0000004e-02
0	0	4	45	1	T	-7.1700394e-02	1.2150582e+02	1.5640524e+02	-1.0000004e-02
0	0	4	45	1	E	-7.0964105e-02	1.2496276e+02	1.6389308e+02	-9.9999998e-03
0	0	4	45	2	T	-8.3705246e-02	1.1880177e+02	1.5624832e+02	-1.0000001e-02
0	0	4	45	2	E	-7.0567377e-02	1.2324016e+02	1.6281058e+02	-9.9999998e-03
0	0	4	45	3	T	-8.3731949e-02	1.1542266e+02	1.5662463e+02	-9.9999998e-03
0	0	4	45	3	E	-7.9577692e-02	1.2384378e+02	1.6406046e+02	-9.9999998e-03
0	0	4	46	0	T	-9.5231354e-02	1.2682327e+02	1.5962424e+02	-1.0000003e-02
0	0	4	46	0	E	-8.9022882e-02	1.2328905e+02	1.6836029e+02	-1.0000004e-02
0	0	4	46	1	T	-9.5473588e-02	1.1759675e+02	1.5994849e+02	-1.0000001e-02
0	0	4	46	1	E	-7.0185907e-02	1.2514816e+02	1.6772685e+02	-9.9999998e-03
0	0	4	46	2	T	-7.7855408e-02	1.1865804e+02	1.5919368e+02	-1.0000001e-02
0	0	4	46	2	E	-8.8977106e-02	1.2258878e+02	1.6754578e+02	-2.6055276e-01
0	0	4	46	3	T	-7.8547776e-02	1.2003197e+02	1.6013098e+02	-1.0000004e-02
0	0	4	46	3	E	-7.1376093e-02	1.2477592e+02	1.6779904e+02	-9.9999998e-03
0	0	4	47	0	T	-8.3966553e-02	1.2657524e+02	1.5869711e+02	-1.0000012e-02
0	0	4	47	0	E	-7.1330316e-02	1.2536552e+02	1.6084302e+02	-9.9999998e-03
0	0	4	47	1	T	-8.3987534e-02	1.1689433e+02	1.5878256e+02	-1.0000005e-02
0	0	4	47	1	E	-7.2932489e-02	1.2206779e+02	1.6072423e+02	-9.9999998e-03
0	0	4	47	2	T	-7.2066605e-02	1.1754125e+02	1.5796248e+02	-1.0000016e-02
0	0	4	47	2	E	-7.0544489e-02	1.2390613e+02	1.6068274e+02	-9.9999998e-03
0	0	4	47	3	T	-8.4298432e-02	1.1570815e+02	1.5879222e+02	-9.9999998e-03
0	0	4	47	3	E	-8.8549860e-02	1.1754026e+02	1.6167349e+02	-1.0000007e-02
0	0	4	48	0	T	-7.9873383e-02	1.3326482e+02	1.5968413e+02	-1.0000001e-02
0	0	4	48	0	E	-7.1498163e-02	1.2147097e+02	1.5839931e+02	-9.9999998e-03
0	0	4	48	1	T	-7.8206360e-02	1.2471740e+02	1.5979565e+02	-9.9999998e-03
0	0	4	48	1	E	-8.9511164e-02	1.2046128e+02	1.5850366e+02	-1.0000001e-02
0	0	4	48	2	T	-8.0382645e-02	1.2385442e+02	1.5929170e+02	-1.0000004e-02
0	0	4	48	2	E	-7.2009332e-02	1.2086845e+02	1.5778584e+02	-9.9999998e-03
0	0	4	48	3	T	-8.4119141e-02	1.2189624e+02	1.6012735e+02	-9.9999998e-03
0	0	4	48	3	E	-8.7863214e-02	1.2190010e+02	1.5761938e+02	-1.0000031e-02
0	0	4	49	0	T	-7.7290833e-02	1.2643966e+02	1.5276859e+02	-1.0000001e-02
0	0	4	49	0	E	-7.0590265e-02	1.2630923e+02	1.6742120e+02	-1.0000004e-02
0	0	4	49	1	T	-7.7508271e-02	1.1878399e+02	1.5382823e+02	-1.5478827e-01
0	0	4	49	1	E	-7.0437677e-02	1.3004707e+02	1.6681358e+02	-1.0000007e-02
0	0	4	49	2	T	-7.7018082e-02	1.1634731e+02	1.5325693e+02	-9.9999998e-03
0	0	4	49	2	E	-7.0643671e-02	1.2939301e+02	1.6668439e+02	-1.0000005e-02
0	0	4	49	3	T	-9.5858872e-02	1.1300130e+02	1.5405003e+02	-1.0000003e-02
0	0	4	49	3	E	-7.2154291e-02	1.2711982e+02	1.6758395e+02	-1.0000003e-02
0	0	4	50	0	T	-5.3685486e-02	1.3587718e+02	1.6222281e+02	-9.9999998e-03
0	0	4	50	0	E	-7.0437677e-02	1.2233742e+02	1.6662529e+02	-1.0000001e-02
0	0	4	50	1	T	-5.3168595e-02	1.2378703e+02	1.6166304e+02	-1.0000002e-02
0	0	4	50	1	E	-7.0781000e-02	1.2071680e+02	1.6674159e+02	-1.0000001e-02
0	0	4	50	2	T	-5.4076493e-02	1.2558097e+02	1.6212740e+02	-1.0000001e-02
0	0	4	50	2	E	-7.0956476e-02	1.1850821e+02	1.6603636e+02	-1.0000003e-02
0	0	4	50	3	T	-7.4303925e-02	1.2143093e+02	1.6288618e+02	-1.0000004e-02
0	0	4	50	3	E	-7.0498712e-02	1.2124267e+02	1.6681299e+02	-9.9999998e-03
0	0	4	51	0	T	-1.9246417e-01	1.3642583e+02	1.6212297e+02	-7.9279315e-01
0	0	4	51	0	E	-1.4346623e-01	1.1971780e+02	1.5993660e+02	-1.0000004e-02
0	0	4	51	1	T	-1.9270259e-01	1.2505230e+02	1.6300409e+02	-5.5163997e-01
0	0	4	51	1	E	-1.4393926e-01	1.1776335e+02	1.6023186e+02	-1.0000004e-02
0	0	4	51	2	T	-1.9905978e-01	1.2471074e+02	1.6281633e+02	-5.9607726e-01
0	0	4	51	2	E	-1.4367223e-01	1.1696367e+02	1.6091817e+02	-1.0000015e-02
0	0	4	51	3	T	-1.9239360e-01	1.2627480e+02	1.6248480e+02	-9.7096473e-01
0	0	4	51	3	E	-1.4383245e-01	1.1848771e+02	1.6086111e+02	-9.9999998e-03
0	0	4	52	0	T	-1.7401439e-01	1.3530077e+02	1.5664711e+02	-1.0000002e-02
0	0	4	52	0	E	-1.4286351e-01	1.2554245e+02	1.6251511e+02	-1.0000019e-02
0	0	4	52	1	T	-1.7385989e-01	1.2695817e+02	1.5698425e+02	-1.0000001e-02
0	0	4	52	1	E	-1.5644383e-01	1.2521283e+02	1.6165083e+02	-1.0000003e-02
0	0	4	52	2	T	-1.7428714e-01	1.2658630e+02	1.5692357e+02	-2.2975397e-01
0	0	4	52	2	E	-1.4411473e-01	1.2637438e+02	1.6151973e+02	-1.0000001e-02
0	0	4	52	3	T	-1.7409068e-01	1.2546239e+02	1.5735414e+02	-1.0000044e-02
0	0	4	52	3	E	-1.4348912e-01	1.2907262e+02	1.6191145e+02	-9.9999998e-03
0	0	4	53	0	T	-1.0242015e-01	1.4223196e+02	1.6823219e+02	-1.0000003e-02
0	0	4	53	0	E	-8.9358576e-02	1.2563797e+02	1.6155841e+02	-1.0000022e-02
0	0	4	53	1	T	-1.0212833e-01	1.2976065e+02	1.6776164e+02	-1.0000001e-02
0	0	4	53	1	E	-9.2852838e-02	1.1983720e+02	1.6238678e+02	-1.0000008e-02
0	0	4	53	2	T	-1.0183650e-01	1.3278120e+02	1.6788597e+02	-1.0000002e-02
0	0	4	53	2	E	-8.9129694e-02	1.2209059e+02	1.6239435e+02	-9.9999998e-03
0	0	4	53	3	T	-1.0225612e-01	1.3077901e+02	1.6771643e+02	-9.9999998e-03
0	0	4	53	3	E	-8.8862665e-02	1.2161435e+02	1.6251334e+02	-1.0000001e-02
0	0	4	54	0	T	-1.3111621e-01	1.3123009e+02	1.5587015e+02	-9.9999998e-03
0	0	4	54	0	E	-8.8313349e-02	1.2699072e+02	1.6333955e+02	-1.0000016e-02
0	0	4	54	1	T	-1.1926395e-01	1.2340224e+02	1.5606358e+02	-1.0000003e-02
0	0	4	54	1	E	-1.0067297e-01	1.2135941e+02	1.6272714e+02	-1.0000001e-02
0	0	4	54	2	T	-1.1905223e-01	1.2413074e+02	1.5596774e+02	-1.0000013e-02
0	0	4	54	2	E	-8.9160211e-02	1.2790847e+02	1.6280373e+02	-1.0000002e-02
0	0	4	54	3	T	-1.1961108e-01	1.2464390e+02	1.5598441e+02	-1.0000001e-02
0	0	4	54	3	E	-8.8916071e-02	1.2597397e+02	1.6361470e+02	-1.0000004e-02
0	0	4	55	0	T	-1.0743266e-01	1.3802957e+02	1.6848485e+02	-1.0000003e-02
0	0	4	55	0	E	-1.0785986e-01	1.2123753e+02	1.6371867e+02	-1.0000016e-02
0	0	4	55	1	T	-1.0621768e-01	1.2642261e+02	1.6821550e+02	-9.9999998e-03
0	0	4	55	1	E	-9.8445185e-02	1.2545937e+02	1.6431123e+02	-1.0000002e-02
0	0	4	55	2	T	-1.0154849e-01	1.2714587e+02	1.6751601e+02	-1.0000019e-02
0	0	4	55	2	E	-8.3483942e-02	1.2746074e+02	1.6345850e+02	-1.0000006e-02
0	0	4	55	3	T	-1.0307437e-01	1.2534051e+02	1.6829575e+02	-9.9999998e-03
0	0	4	55	3	E	-8.2705744e-02	1.2908191e+02	1.6428398e+02	-1.0000005e-02
0	0	4	56	0	T	-1.4381534e-01	1.4295673e+02	1.6789037e+02	-1.0000003e-02
0	0	4	56	0	E	-9.5416315e-02	1.1838081e+02	1.5351933e+02	-1.0004150e-02
0	0	4	56	1	T	-1.3203365e-01	1.3280171e+02	1.6775987e+02	-9.9999998e-03
0	0	4	56	1	E	-9.4981439e-02	1.1928515e+02	1.5266724e+02	-9.9999998e-03
0	0	4	56	2	T	-1.3259250e-01	1.3386792e+02	1.6733633e+02	-9.9999998e-03
0	0	4	56	2	E	-9.9688776e-02	1.1654967e+02	1.5386223e+02	-1.0000001e-02
0	0	4	56	3	T	-1.4016658e-01	1.3244292e+02	1.6750578e+02	-1.0000006e-02
0	0	4	56	3	E	-9.5813043e-02	1.1772896e+02	1.5375122e+02	-1.0000023e-02
0	0	4	57	0	T	-1.3831455e-01	1.3386493e+02	1.5828809e+02	-1.0000001e-02
0	0	4	57	0	E	-9.5019586e-02	1.2588663e+02	1.6225635e+02	-9.9999998e-03
0	0	4	57	1	T	-1.3811618e-01	1.2494906e+02	1.5865366e+02	-1.0000002e-02
0	0	4	57	1	E	-9.5301874e-02	1.2818604e+02	1.6137154e+02	-1.0000003e-02
0	0	4	57	2	T	-1.3811618e-01	1.2314986e+02	1.5881023e+02	-9.9999998e-03
0	0	4	57	2	E	-9.7209223e-02	1.2691397e+02	1.6127190e+02	-9.9999998e-03
0	0	4	57	3	T	-1.3814670e-01	1.2203776e+02	1.5905122e+02	-1.0000006e-02
0	0	4	57	3	E	-9.5698602e-02	1.2550803e+02	1.6225279e+02	-9.9999998e-03
0	0	4	58	0	T	-1.0763294e-01	1.2764631e+02	1.5350687e+02	-1.0000006e-02
0	0	4	58	0	E	-1.1231542e-01	1.1522698e+02	1.5439767e+02	-9.9999998e-03
0	0	4	58	1	T	-1.1279422e-01	1.1895846e+02	1.5439505e+02	-1.0000004e-02
0	0	4	58	1	E	-9.4935663e-02	1.1799168e+02	1.5423895e+02	-1.0000001e-02
0	0	4	58	2	T	-1.0771686e-01	1.1916509e+02	1.5423099e+02	-1.0000006e-02
0	0	4	58	2	E	-9.5347650e-02	1.1710448e+02	1.5377139e+02	-9.9999998e-03
0	0	4	58	3	T	-1.0773784e-01	1.2069196e+02	1.5331313e+02	-9.9999998e-03
0	0	4	58	3	E	-9.5797785e-02	1.1579374e+02	1.5436526e+02	-9.9999998e-03
0	0	4	59	0	T	-1.1910182e-01	1.2694900e+02	1.5585158e+02	-1.0000001e-02
0	0	4	59	0	E	-9.4592340e-02	1.2227554e+02	1.5751212e+02	-1.0000001e-02
0	0	4	59	1	T	-1.3111240e-01	1.1551506e+02	1.5629828e+02	-1.0000005e-02
0	0	4	59	1	E	-9.4737299e-02	1.2115858e+02	1.5713464e+02	-1.0000001e-02
0	0	4	59	2	T	-1.2392932e-01	1.1579032e+02	1.5644788e+02	-1.0000002e-02
0	0	4	59	2	E	-9.4668634e-02	1.2375977e+02	1.5686412e+02	-9.9999998e-03
0	0	4	59	3	T	-1.1310130e-01	1.1901375e+02	1.5595413e+02	-9.9999998e-03
0	0	4	59	3	E	-9.5027216e-02	1.2193048e+02	1.5721538e+02	-9.9999998e-03
0	0	4	60	0	T	-1.0242587e-01	1.2602978e+02	1.5058803e+02	-1.0000001e-02
0	0	4	60	0	E	-9.0251215e-02	1.2179729e+02	1.6061009e+02	-1.0000008e-02
0	0	4	60	1	T	-1.0186702e-01	1.1839817e+02	1.5115213e+02	-9.9999998e-03
0	0	4	60	1	E	-8.9915521e-02	1.2169212e+02	1.6056497e+02	-1.0000007e-02
0	0	4	60	2	T	-1.1360294e-01	1.1574692e+02	1.5149202e+02	-1.0000001e-02
0	0	4	60	2	E	-8.9892633e-02	1.2311873e+02	1.6042610e+02	-1.0000001e-02
0	0	4	60	3	T	-1.1198741e-01	1.1666591e+02	1.5147475e+02	-1.0000006e-02
0	0	4	60	3	E	-9.4874628e-02	1.1973141e+02	1.6074899e+02	-1.0000002e-02
0	0	4	61	0	T	-5.3527176e-02	1.4028856e+02	1.6307066e+02	-9.9999998e-03
0	0	4	61	0	E	-7.0704706e-02	1.2180734e+02	1.6345279e+02	-9.9999998e-03
0	0	4	61	1	T	-5.2985489e-02	1.3107947e+02	1.6359119e+02	-9.9999998e-03
0	0	4	61	1	E	-7.0918329e-02	1.2352688e+02	1.6283028e+02	-1.0000002e-02
0	0	4	61	2	T	-5.2886307e-02	1.3125131e+02	1.6347350e+02	-1.0000002e-02
0	0	4	61	2	E	-8.0546625e-02	1.2127594e+02	1.6231198e+02	-9.9999998e-03
0	0	4	61	3	T	-5.3208649e-02	1.2942848e+02	1.6392522e+02	-1.0000001e-02
0	0	4	61	3	E	-7.0796259e-02	1.2121827e+02	1.6266823e+02	-9.9999998e-03
0	0	4	62	0	T	-5.8587372e-02	1.3596643e+02	1.5556456e+02	-1.0000001e-02
0	0	4	62	0	E	-7.8227289e-02	1.2443939e+02	1.6117854e+02	-9.9999998e-03
0	0	4	62	1	T	-5.2735627e-02	1.2879808e+02	1.5590311e+02	-1.0000017e-02
0	0	4	62	1	E	-7.1238764e-02	1.2523451e+02	1.6069795e+02	-1.0000005e-02
0	0	4	62	2	T	-8.1176102e-02	1.2557028e+02	1.5398839e+02	-9.9999998e-03
0	0	4	62	2	E	-7.0468195e-02	1.2257110e+02	1.6090097e+02	-1.0000001e-02
0	0	4	62	3	T	-5.3155243e-02	1.3084621e+02	1.5529561e+02	-9.9999998e-03
0	0	4	62	3	E	-7.1604975e-02	1.2194942e+02	1.6079097e+02	-9.9999998e-03
0	0	4	63	0	T	-7.7651322e-02	1.3491367e+02	1.6652769e+02	-9.9999998e-03
0	0	4	63	0	E	-7.1353205e-02	1.2235944e+02	1.6586400e+02	-1.0000004e-02
0	0	4	63	1	T	-5.3422272e-02	1.2794295e+02	1.6651904e+02	-1.0000001e-02
0	0	4	63	1	E	-7.1681269e-02	1.2312452e+02	1.6466795e+02	-1.0000004e-02
0	0	4	63	2	T	-7.7254593e-02	1.2297739e+02	1.6600684e+02	-1.0000012e-02
0	0	4	63	2	E	-7.2077997e-02	1.2159827e+02	1.6504489e+02	-1.0000008e-02
0	0	4	63	3	T	-5.3063691e-02	1.2823389e+02	1.6618022e+02	-1.0000004e-02
0	0	4	63	3	E	-7.0933588e-02	1.2122357e+02	1.6532204e+02	-1.0000001e-02
0	0	5	0	0	T	7.0639312e-02	1.4535858e+02	1.6852483e+02	-1.0000001e-02
0	0	5	0	0	E	5.5104010e-02	1.3504417e+02	1.6772525e+02	-9.9999998e-03
0	0	5	0	1	T	7.3252380e-02	1.3435826e+02	1.6774319e+02	-9.9999998e-03
0	0	5	0	1	E	5.6614630e-02	1.3754831e+02	1.6753561e+02	-1.0000001e-02
0	0	5	0	2	T	7.4003875e-02	1.3606302e+02	1.6837177e+02	-1.0000009e-02
0	0	5	0	2	E	5.6538336e-02	1.3646312e+02	1.6633687e+02	-1.0000003e-02
0	0	5	0	3	T	7.4650466e-02	1.3465138e+02	1.6820622e+02	-9.9999998e-03
0	0	5	0	3	E	4.5346014e-02	1.3204886e+02	1.6703302e+02	-1.0000031e-02
0	0	5	1	0	T	8.5976303e-02	1.4637944e+02	1.6033913e+02	-9.9999998e-03
0	0	5	1	0	E	6.8577521e-02	1.2650601e+02	1.5720050e+02	-9.9999998e-03
0	0	5	1	1	T	9.2917144e-02	1.3562971e+02	1.5999721e+02	-1.0000001e-02
0	0	5	1	1	E	4.7695868e-02	1.2396938e+02	1.5676689e+02	-1.0000026e-02
0	0	5	1	2	T	6.4034164e-02	1.2872145e+02	1.6008800e+02	-9.9999998e-03
0	0	5	1	2	E	6.8989508e-02	1.2513963e+02	1.5956714e+02	-1.4253860e+00
0	0	5	1	3	T	8.6104095e-02	1.3434003e+02	1.6048000e+02	-1.0000002e-02
0	0	5	1	3	E	4.5681708e-02	1.2258246e+02	1.5739790e+02	-1.0000001e-02
0	0	5	2	0	T	7.4732482e-02	1.2620650e+02	1.4403918e+02	-9.9999998e-03
0	0	5	2	0	E	4.4064276e-02	1.3095319e+02	1.5839445e+02	-1.0000045e-02
0	0	5	2	1	T	7.2201431e-02	1.1810606e+02	1.4422514e+02	-1.0000008e-02
0	0	5	2	1	E	5.6698553e-02	1.2894510e+02	1.5888181e+02	-1.0000013e-02
0	0	5	2	2	T	8.0822647e-02	1.1773897e+02	1.4391289e+02	-9.9999998e-03
0	0	5	2	2	E	6.1901800e-02	1.3157840e+02	1.5842868e+02	-1.0000001e-02
0	0	5	2	3	T	7.3225677e-02	1.1988785e+02	1.4401637e+02	-1.0000004e-02
0	0	5	2	3	E	4.5849554e-02	1.2887408e+02	1.5804234e+02	-9.9999998e-03
0	0	5	3	0	T	5.0587356e-02	1.3171939e+02	1.5828720e+02	-9.9999998e-03
0	0	5	3	0	E	5.6278937e-02	1.2565396e+02	1.5666127e+02	-1.0000001e-02
0	0	5	3	1	T	7.4633300e-02	1.2702258e+02	1.5795337e+02	-9.9999998e-03
0	0	5	3	1	E	5.5256598e-02	1.2625163e+02	1.5639717e+02	-1.0000080e-02
0	0	5	3	2	T	5.0739944e-02	1.2323322e+02	1.5785399e+02	-1.0000016e-02
0	0	5	3	2	E	5.6881659e-02	1.2525454e+02	1.5662622e+02	-1.0000044e-02
0	0	5	3	3	T	7.4743927e-02	1.2585134e+02	1.5799017e+02	-9.9999998e-03
0	0	5	3	3	E	5.6637518e-02	1.2519664e+02	1.5638292e+02	-9.9999998e-03
0	0	5	4	0	T	3.7712753e-02	1.2915196e+02	1.5492249e+02	-9.9999998e-03
0	0	5	4	0	E	6.6830389e-02	1.2979703e+02	1.6212132e+02	-1.0000003e-02
0	0	5	4	1	T	4.7806442e-02	1.2531515e+02	1.5539769e+02	-1.0000001e-02
0	0	5	4	1	E	6.2130682e-02	1.2870610e+02	1.6159967e+02	-1.0000010e-02
0	0	5	4	2	T	4.9784362e-02	1.2280038e+02	1.5551227e+02	-1.0000001e-02
0	0	5	4	2	E	3.1796210e-02	1.2224317e+02	1.6098793e+02	-1.0000007e-02
0	0	5	4	3	T	4.9147308e-02	1.2341634e+02	1.5559085e+02	-9.9999998e-03
0	0	5	4	3	E	3.5099737e-02	1.2499484e+02	1.6113193e+02	-9.9999998e-03
0	0	5	5	0	T	7.4188888e-02	1.3780418e+02	1.5893515e+02	-9.9999998e-03
0	0	5	5	0	E	5.6645148e-02	1.2885445e+02	1.6356635e+02	-9.9999998e-03
0	0	5	5	1	T	7.3986709e-02	1.2939055e+02	1.5851352e+02	-9.9999998e-03
0	0	5	5	1	E	5.2448981e-02	1.3228729e+02	1.6269753e+02	-1.0000002e-02
0	0	5	5	2	T	6.9344223e-02	1.2557573e+02	1.5923592e+02	-1.0000011e-02
0	0	5	5	2	E	5.6637518e-02	1.3010081e+02	1.6274821e+02	-9.9999998e-03
0	0	5	5	3	T	7.0042312e-02	1.2684710e+02	1.5875267e+02	-9.9999998e-03
0	0	5	5	3	E	4.2172186e-02	1.2716779e+02	1.6394647e+02	-1.0000002e-02
0	0	5	6	0	T	7.4236572e-02	1.4122804e+02	1.6206340e+02	-9.9999998e-03
0	0	5	6	0	E	5.6782477e-02	1.2491264e+02	1.6040477e+02	-1.0000002e-02
0	0	5	6	1	T	5.0745666e-02	1.2925677e+02	1.6118581e+02	-9.9999998e-03
0	0	5	6	1	E	5.4722540e-02	1.2547898e+02	1.6033820e+02	-1.0000004e-02
0	0	5	6	2	T	7.3467910e-02	1.3009746e+02	1.6178996e+02	-1.0000001e-02
0	0	5	6	2	E	5.5531256e-02	1.2729009e+02	1.5894963e+02	-1.0000124e-02
0	0	5	6	3	T	7.3877990e-02	1.3099763e+02	1.6241595e+02	-1.0000018e-02
0	0	5	6	3	E	5.3234808e-02	1.2359153e+02	1.5995413e+02	-1.0000004e-02
0	0	5	7	0	T	7.4015319e-02	1.3875735e+02	1.6061858e+02	-1.0000003e-02
0	0	5	7	0	E	5.7156317e-02	1.2314579e+02	1.5144701e+02	-1.0000054e-02
0	0	5	7	1	T	7.3967636e-02	1.2992584e+02	1.6171634e+02	-9.9999998e-03
0	0	5	7	1	E	5.6736700e-02	1.2174339e+02	1.5182028e+02	-1.0000001e-02
0	0	5	7	2	T	7.4013412e-02	1.2634373e+02	1.6185493e+02	-1.0000006e-02
0	0	5	7	2	E	5.6805365e-02	1.2274651e+02	1.5153989e+02	-9.9999998e-03
0	0	5	7	3	T	4.9465835e-02	1.2209268e+02	1.6165894e+02	-1.0000004e-02
0	0	5	7	3	E	5.6339972e-02	1.2231623e+02	1.5199925e+02	-1.0000001e-02
0	0	5	8	0	T	9.1669738e-02	1.4541220e+02	1.6709131e+02	-9.9999998e-03
0	0	5	8	0	E	7.4330084e-02	1.2238767e+02	1.5483798e+02	-1.0000051e-02
0	0	5	8	1	T	6.1997116e-02	1.2962057e+02	1.6730936e+02	-9.9999998e-03
0	0	5	8	1	E	7.4536078e-02	1.2129283e+02	1.5390497e+02	-1.0000008e-02
0	0	5	8	2	T	8.2314193e-02	1.3389964e+02	1.6629158e+02	-9.9999998e-03
0	0	5	8	2	E	7.4589483e-02	1.2065321e+02	1.5346805e+02	-1.0000003e-02
0	0	5	8	3	T	6.0902297e-02	1.3110280e+02	1.6752592e+02	-9.9999998e-03
0	0	5	8	3	E	7.4879400e-02	1.2146143e+02	1.5392557e+02	-1.0000006e-02
0	0	5	9	0	T	8.5812271e-02	1.3600945e+02	1.5636038e+02	-1.0000019e-02
0	0	5	9	0	E	6.8600409e-02	1.2636350e+02	1.5377919e+02	-9.9999998e-03
0	0	5	9	1	T	8.6537063e-02	1.2671635e+02	1.5517505e+02	-9.9999998e-03
0	0	5	9	1	E	6.6441290e-02	1.2662379e+02	1.5383324e+02	-1.0000001e-02
0	0	5	9	2	T	8.5535705e-02	1.2427929e+02	1.5527673e+02	-1.0000009e-02
0	0	5	9	2	E	6.8600409e-02	1.2620921e+02	1.5338721e+02	-1.0000002e-02
0	0	5	9	3	T	8.6552322e-02	1.2264854e+02	1.5638147e+02	-1.0000004e-02
0	0	5	9	3	E	6.7700140e-02	1.2751496e+02	1.5366855e+02	-1.0000004e-02
0	0	5	10	0	T	5.6753814e-02	1.4275616e+02	1.6973882e+02	-1.0000005e-02
0	0	5	10	0	E	5.5699103e-02	1.2355650e+02	1.6053757e+02	-1.0000001e-02
0	0	5	10	1	T	7.4310958e-02	1.3362367e+02	1.6809341e+02	-9.9999998e-03
0	0	5	10	1	E	5.6904547e-02	1.2482469e+02	1.6055574e+02	-1.0000004e-02
0	0	5	10	2	T	4.4232070e-02	1.2850562e+02	1.6820047e+02	-1.0000002e-02
0	0	5	10	2	E	5.7492010e-02	1.2232153e+02	1.5972029e+02	-9.9999998e-03
0	0	5	10	3	T	7.0578277e-02	1.3195796e+02	1.6850414e+02	-1.0000001e-02
0	0	5	10	3	E	5.6538336e-02	1.2343108e+02	1.6026575e+02	-1.0000088e-02
0	0	5	11	0	T	7.3977172e-02	1.4366486e+02	1.6723660e+02	-1.0000003e-02
0	0	5	11	0	E	5.6027167e-02	1.2265114e+02	1.5357611e+02	-1.0000001e-02
0	0	5	11	1	T	7.2079360e-02	1.3657271e+02	1.6663873e+02	-1.0000009e-02
0	0	5	11	1	E	5.5950873e-02	1.2283360e+02	1.5445142e+02	-9.9999998e-03
0	0	5	11	2	T	7.0004165e-02	1.3195163e+02	1.6669479e+02	-1.0000001e-02
0	0	5	11	2	E	3.7686102e-02	1.1593767e+02	1.5419321e+02	-1.0000001e-02
0	0	5	11	3	T	4.9273193e-02	1.2927505e+02	1.6744524e+02	-1.0000002e-02
0	0	5	11	3	E	3.5740606e-02	1.1969907e+02	1.5324582e+02	-9.9999998e-03
0	0	5	12	0	T	9.2209518e-02	1.2981274e+02	1.5173450e+02	-9.3566671e-02
0	0	5	12	0	E	7.3910467e-02	1.3354530e+02	1.6320244e+02	-1.0000005e-02
0	0	5	12	1	T	9.2026412e-02	1.2157724e+02	1.5150545e+02	-9.9999998e-03
0	0	5	12	1	E	6.4823858e-02	1.2885921e+02	1.6252042e+02	-1.0000015e-02
0	0	5	12	2	T	6.5636337e-02	1.1807468e+02	1.5117400e+02	-9.9999998e-03
0	0	5	12	2	E	7.4742071e-02	1.3215424e+02	1.6251691e+02	-1.0000008e-02
0	0	5	12	3	T	9.2272460e-02	1.2085479e+02	1.5165648e+02	-9.9999998e-03
0	0	5	12	3	E	4.5590155e-02	1.2959055e+02	1.6269836e+02	-8.9468189e-02
0	0	5	13	0	T	8.6342514e-02	1.3759724e+02	1.6057904e+02	-9.9999998e-03
0	0	5	13	0	E	5.5241339e-02	1.2309363e+02	1.6133356e+02	-1.0000004e-02
0	0	5	13	1	T	8.2915008e-02	1.2839018e+02	1.5944572e+02	-9.9999998e-03
0	0	5	13	1	E	5.8277838e-02	1.2370826e+02	1.6167418e+02	-2.4757314e-02
0	0	5	13	2	T	8.4400833e-02	1.2674716e+02	1.5969327e+02	-9.9999998e-03
0	0	5	13	2	E	6.1077826e-02	1.2283505e+02	1.6032399e+02	-1.0000001e-02
0	0	5	13	3	T	8.4322631e-02	1.2752352e+02	1.5992773e+02	-9.9999998e-03
0	0	5	13	3	E	6.8455450e-02	1.2274944e+02	1.6121030e+02	-9.9999998e-03
0	0	5	14	0	T	8.4576309e-02	1.3371530e+02	1.5397934e+02	-9.9999998e-03
0	0	5	14	0	E	5.5966131e-02	1.3445927e+02	1.6554703e+02	-1.2166058e-01
0	0	5	14	1	T	8.5991561e-02	1.2572813e+02	1.5329997e+02	-1.0000003e-02
0	0	5	14	1	E	4.5178168e-02	1.3023149e+02	1.6611891e+02	-9.9999998e-03
0	0	5	14	2	T	7.4219406e-02	1.2396083e+02	1.5372278e+02	-9.9999998e-03
0	0	5	14	2	E	4.6650641e-02	1.3050650e+02	1.6544164e+02	-1.0000048e-02
0	0	5	14	3	T	7.6306045e-02	1.2376213e+02	1.5365120e+02	-1.0000001e-02
0	0	5	14	3	E	6.6601507e-02	1.3265742e+02	1.6560899e+02	-1.0000519e-02
0	0	5	15	0	T	9.1763198e-02	1.3415971e+02	1.6077301e+02	-1.0000004e-02
0	0	5	15	0	E	5.2571051e-02	1.2534184e+02	1.5543715e+02	-1.0000007e-02
0	0	5	15	1	T	9.1051757e-02	1.2666866e+02	1.5993668e+02	-1.0000003e-02
0	0	5	15	1	E	5.1747076e-02	1.2452914e+02	1.5578044e+02	-1.0000005e-02
0	0	5	15	2	T	9.1671646e-02	1.2578613e+02	1.5986751e+02	-9.9999998e-03
0	0	5	15	2	E	5.7888739e-02	1.2552527e+02	1.5425111e+02	-9.9999998e-03
0	0	5	15	3	T	9.1175735e-02	1.2266294e+02	1.6028963e+02	-1.0000012e-02
0	0	5	15	3	E	5.5233710e-02	1.2304659e+02	1.5587529e+02	-1.0000002e-02
0	0	5	16	0	T	9.3146026e-02	1.2778898e+02	1.5300655e+02	-1.0000001e-02
0	0	5	16	0	E	7.4864142e-02	1.2484241e+02	1.5499611e+02	-9.9999998e-03
0	0	5	16	1	T	6.0545623e-02	1.1682539e+02	1.5223146e+02	-9.9999998e-03
0	0	5	16	1	E	5.6202643e-02	1.2197639e+02	1.5438121e+02	-1.0000002e-02
0	0	5	16	2	T	9.2911422e-02	1.2012942e+02	1.5244836e+02	-1.0000004e-02
0	0	5	16	2	E	7.1499579e-02	1.2341673e+02	1.5457814e+02	-1.0000034e-02
0	0	5	16	3	T	9.2981994e-02	1.1853976e+02	1.5208315e+02	-1.0000001e-02
0	0	5	16	3	E	5.9490912e-02	1.2409760e+02	1.5415378e+02	-1.0000030e-02
0	0	5	17	0	T	9.1231048e-02	1.4053424e+02	1.6472816e+02	-9.9999998e-03
0	0	5	17	0	E	7.4558966e-02	1.2740391e+02	1.5514455e+02	-8.5450329e-02
0	0	5	17	1	T	9.2642486e-02	1.2817163e+02	1.6496458e+02	-1.0000003e-02
0	0	5	17	1	E	7.4688666e-02	1.2607056e+02	1.5543028e+02	-9.9999998e-03
0	0	5	17	2	T	8.5718811e-02	1.2514665e+02	1.6462099e+02	-1.0000006e-02
0	0	5	17	2	E	7.4978583e-02	1.2542085e+02	1.5526579e+02	-1.2929311e-02
0	0	5	17	3	T	9.0752304e-02	1.2760568e+02	1.6521341e+02	-9.9999998e-03
0	0	5	17	3	E	7.4757330e-02	1.2537760e+02	1.5546341e+02	-9.9999998e-03
0	0	5	18	0	T	9.2648208e-02	1.3111610e+02	1.5607281e+02	-1.0000019e-02
0	0	5	18	0	E	6.0475104e-02	1.2471758e+02	1.5692657e+02	-1.0000002e-02
0	0	5	18	1	T	9.3033493e-02	1.2007256e+02	1.5552817e+02	-9.9999998e-03
0	0	5	18	1	E	5.8026068e-02	1.2356181e+02	1.5692819e+02	-1.0000002e-02
0	0	5	18	2	T	9.2972457e-02	1.2116463e+02	1.5651233e+02	-9.5627874e-02
0	0	5	18	2	E	7.5199835e-02	1.2586204e+02	1.5621786e+02	-1.0000001e-02
0	0	5	18	3	T	7.5791061e-02	1.1842261e+02	1.5607243e+02	-1.0000004e-02
0	0	5	18	3	E	5.7636969e-02	1.2222684e+02	1.5641299e+02	-9.9999998e-03
0	0	5	19	0	T	7.9085052e-02	1.2223296e+02	1.5124191e+02	-9.9999998e-03
0	0	5	19	0	E	6.1436407e-02	1.2776585e+02	1.6214651e+02	-1.0000001e-02
0	0	5	19	1	T	7.7980697e-02	1.1430009e+02	1.5075882e+02	-9.9999998e-03
0	0	5	19	1	E	6.1527960e-02	1.2811871e+02	1.6181964e+02	-1.0000001e-02
0	0	5	19	2	T	4.9980819e-02	1.0811419e+02	1.5125842e+02	-9.9999998e-03
0	0	5	19	2	E	4.2698614e-02	1.2544395e+02	1.6126289e+02	-1.0000008e-02
0	0	5	19	3	T	8.0757797e-02	1.1206772e+02	1.5115442e+02	-9.9999998e-03
0	0	5	19	3	E	6.2748663e-02	1.2464510e+02	1.6184837e+02	-9.9999998e-03
0	0	5	20	0	T	8.0761611e-02	1.2824597e+02	1.5521471e+02	-9.9999998e-03
0	0	5	20	0	E	6.2443487e-02	1.2048275e+02	1.5044542e+02	-1.0000001e-02
0	0	5	20	1	T	8.6798370e-02	1.2348479e+02	1.5610445e+02	-1.0000002e-02
0	0	5	20	1	E	6.5953009e-02	1.2041460e+02	1.5025928e+02	-1.0000035e-02
0	0	5	20	2	T	7.7152908e-02	1.1710008e+02	1.5472476e+02	-1.0000003e-02
0	0	5	20	2	E	5.8216803e-02	1.1869651e+02	1.5106654e+02	-1.0000001e-02
0	0	5	20	3	T	5.6849182e-02	1.1256803e+02	1.5566867e+02	-9.9999998e-03
0	0	5	20	3	E	6.1108343e-02	1.1669107e+02	1.5068355e+02	-1.0000016e-02
0	0	5	21	0	T	9.1643035e-02	1.4123386e+02	1.6598157e+02	-1.0000008e-02
0	0	5	21	0	E	7.4574225e-02	1.2670326e+02	1.5903879e+02	-9.9999998e-03
0	0	5	21	1	T	9.2045486e-02	1.3215778e+02	1.6563188e+02	-9.9999998e-03
0	0	5	21	1	E	7.4703924e-02	1.2963898e+02	1.5812703e+02	-9.9999998e-03
0	0	5	21	2	T	9.0496719e-02	1.3069254e+02	1.6618506e+02	-9.9999998e-03
0	0	5	21	2	E	4.4186346e-02	1.2239085e+02	1.5895198e+02	-1.0000033e-02
0	0	5	21	3	T	9.2325866e-02	1.3095998e+02	1.6608917e+02	-1.0000003e-02
0	0	5	21	3	E	7.1926825e-02	1.2679531e+02	1.5863571e+02	-1.0000001e-02
0	0	5	22	0	T	9.3046844e-02	1.3738200e+02	1.6332544e+02	-9.9999998e-03
0	0	5	22	0	E	7.3750250e-02	1.2307652e+02	1.5794885e+02	-1.0000001e-02
0	0	5	22	1	T	9.2871368e-02	1.2639709e+02	1.6205087e+02	-1.0000003e-02
0	0	5	22	1	E	4.4445746e-02	1.1971247e+02	1.5814099e+02	-1.0000079e-02
0	0	5	22	2	T	9.1814697e-02	1.2641768e+02	1.6263821e+02	-9.9999998e-03
0	0	5	22	2	E	7.4681036e-02	1.2353355e+02	1.5775842e+02	-9.9999998e-03
0	0	5	22	3	T	8.3031356e-02	1.2578532e+02	1.6307954e+02	-9.9999998e-03
0	0	5	22	3	E	7.2460882e-02	1.2320007e+02	1.5742430e+02	-9.9999998e-03
0	0	5	23	0	T	8.0063522e-02	1.2829965e+02	1.5943381e+02	-9.9999998e-03
0	0	5	23	0	E	7.2537176e-02	1.3242014e+02	1.5688400e+02	-1.0000006e-02
0	0	5	23	1	T	9.2592895e-02	1.2370544e+02	1.5928925e+02	-1.0000001e-02
0	0	5	23	1	E	7.5291388e-02	1.2768428e+02	1.6314537e+02	-3.0516248e+00
0	0	5	23	2	T	9.2404068e-02	1.2265087e+02	1.5874564e+02	-9.9999998e-03
0	0	5	23	2	E	7.4948065e-02	1.3098347e+02	1.5711728e+02	-9.9999998e-03
0	0	5	23	3	T	8.3822906e-02	1.1929077e+02	1.5943762e+02	-1.0000001e-02
0	0	5	23	3	E	6.2679999e-02	1.2636606e+02	1.5728624e+02	-9.9999998e-03
0	0	5	24	0	T	8.6178482e-02	1.4664958e+02	1.7157147e+02	-9.9999998e-03
0	0	5	24	0	E	6.8974249e-02	1.3307716e+02	1.6166153e+02	-3.9942890e-01
0	0	5	24	1	T	8.6018264e-02	1.3488870e+02	1.7115517e+02	-9.9999998e-03
0	0	5	24	1	E	7.3506109e-02	1.3162901e+02	1.6166705e+02	-2.8788075e-01
0	0	5	24	2	T	6.6219985e-02	1.3094640e+02	1.7084056e+02	-9.9999998e-03
0	0	5	24	2	E	6.8592779e-02	1.3135251e+02	1.6160315e+02	-1.0000443e-02
0	0	5	24	3	T	8.5751235e-02	1.3259973e+02	1.7148589e+02	-1.0000002e-02
0	0	5	24	3	E	6.8577521e-02	1.2971570e+02	1.6185738e+02	-1.2532611e-01
0	0	5	25	0	T	7.4757278e-02	1.3641455e+02	1.6291795e+02	-9.9999998e-03
0	0	5	25	0	E	5.4676764e-02	1.2590185e+02	1.5866901e+02	-1.0000017e-02
0	0	5	25	1	T	7.2197616e-02	1.2591156e+02	1.6300371e+02	-1.0000003e-02
0	0	5	25	1	E	5.6248419e-02	1.2449658e+02	1.5834712e+02	-1.0000015e-02
0	0	5	25	2	T	7.3111236e-02	1.2609113e+02	1.6280370e+02	-9.9999998e-03
0	0	5	25	2	E	5.6713812e-02	1.2515672e+02	1.5917064e+02	-1.9277062e-01
0	0	5	25	3	T	7.4635208e-02	1.2558478e+02	1.6270393e+02	-9.9999998e-03
0	0	5	25	3	E	5.7057135e-02	1.2274687e+02	1.5895029e+02	-1.0000043e-02
0	0	5	26	0	T	5.8846176e-02	1.2595037e+02	1.5728818e+02	-9.9999998e-03
0	0	5	26	0	E	5.4455511e-02	1.3287617e+02	1.6230562e+02	-1.0000001e-02
0	0	5	26	1	T	7.6988876e-02	1.2003844e+02	1.5633760e+02	-1.0000004e-02
0	0	5	26	1	E	5.5409186e-02	1.3328905e+02	1.6252501e+02	-1.0000013e-02
0	0	5	26	2	T	8.0368698e-02	1.2088787e+02	1.5663669e+02	-9.9999998e-03
0	0	5	26	2	E	5.5233710e-02	1.2958388e+02	1.6254579e+02	-9.9999998e-03
0	0	5	26	3	T	8.6237609e-02	1.2177286e+02	1.5621669e+02	-9.9999998e-03
0	0	5	26	3	E	5.5264227e-02	1.2938890e+02	1.6273744e+02	-9.9999998e-03
0	0	5	27	0	T	7.4291885e-02	1.2006771e+02	1.4771513e+02	-9.9999998e-03
0	0	5	27	0	E	5.5729620e-02	1.2660865e+02	1.6002524e+02	-1.0000003e-02
0	0	5	27	1	T	7.2273910e-02	1.1087984e+02	1.4799693e+02	-9.9999998e-03
0	0	5	27	1	E	5.6553595e-02	1.2643948e+02	1.5951082e+02	-9.9999998e-03
0	0	5	27	2	T	7.4524581e-02	1.0876007e+02	1.4778801e+02	-1.0000003e-02
0	0	5	27	2	E	5.6408636e-02	1.2607176e+02	1.6010013e+02	-4.7483940e-02
0	0	5	27	3	T	7.4005783e-02	1.1042523e+02	1.4855872e+02	-9.9999998e-03
0	0	5	27	3	E	4.1966192e-02	1.2344442e+02	1.6039221e+02	-1.0000009e-02
0	0	5	28	0	T	8.0582321e-02	1.3349875e+02	1.5273584e+02	-1.0000002e-02
0	0	5	28	0	E	5.6545965e-02	1.2853128e+02	1.5517844e+02	-1.0000024e-02
0	0	5	28	1	T	9.2981994e-02	1.2284878e+02	1.5313173e+02	-1.0000001e-02
0	0	5	28	1	E	5.6820624e-02	1.2806657e+02	1.5492494e+02	-1.0000001e-02
0	0	5	28	2	T	9.2653930e-02	1.2268214e+02	1.5196538e+02	-9.9999998e-03
0	0	5	28	2	E	5.6576483e-02	1.2571970e+02	1.5494125e+02	-9.9999998e-03
0	0	5	28	3	T	9.3035400e-02	1.2254273e+02	1.5245360e+02	-9.9999998e-03
0	0	5	28	3	E	5.6889288e-02	1.2878093e+02	1.5507430e+02	-1.0000001e-02
0	0	5	29	0	T	9.2217147e-02	1.3074728e+02	1.5759279e+02	-1.0000002e-02
0	0	5	29	0	E	7.4528448e-02	1.1945956e+02	1.5801912e+02	-9.9999998e-03
0	0	5	29	1	T	7.2312057e-02	1.1831775e+02	1.5756790e+02	-9.9999998e-03
0	0	5	29	1	E	7.4368231e-02	1.1667796e+02	1.5809077e+02	-9.9999998e-03
0	0	5	29	2	T	6.9227874e-02	1.2030923e+02	1.5767203e+02	-9.9999998e-03
0	0	5	29	2	E	7.4040167e-02	1.1692899e+02	1.5789923e+02	-1.0000006e-02
0	0	5	29	3	T	9.2110336e-02	1.2228712e+02	1.5737524e+02	-9.9999998e-03
0	0	5	29	3	E	5.6545965e-02	1.1406967e+02	1.5779376e+02	-1.0000001e-02
0	0	5	30	0	T	5.6160629e-02	1.2883307e+02	1.5685199e+02	-9.9999998e-03
0	0	5	30	0	E	6.8241827e-02	1.2638358e+02	1.5784149e+02	-7.4250209e-01
0	0	5	30	1	T	8.5127532e-02	1.2590314e+02	1.5687744e+02	-9.9999998e-03
0	0	5	30	1	E	4.8466437e-02	1.2452637e+02	1.5582019e+02	-1.0000007e-02
0	0	5	30	2	T	5.5943191e-02	1.1839149e+02	1.5737216e+02	-1.0000001e-02
0	0	5	30	2	E	4.3820135e-02	1.2415002e+02	1.5630348e+02	-1.0000003e-02
0	0	5	30	3	T	8.5751235e-02	1.2207848e+02	1.5690067e+02	-9.9999998e-03
0	0	5	30	3	E	4.3148749e-02	1.2448360e+02	1.5564389e+02	-1.0000033e-02
0	0	5	31	0	T	7.7196777e-02	1.3096753e+02	1.5713588e+02	-1.0000002e-02
0	0	5	31	0	E	4.9298041e-02	1.2475884e+02	1.5259805e+02	-1.0000003e-02
0	0	5	31	1	T	4.7033966e-02	1.1700092e+02	1.5729324e+02	-1.0000001e-02
0	0	5	31	1	E	6.1962835e-02	1.2779114e+02	1.5201999e+02	-9.9999998e-03
0	0	5	31	2	T	7.0580184e-02	1.2114822e+02	1.5654745e+02	-1.0000002e-02
0	0	5	31	2	E	5.3723089e-02	1.2625085e+02	1.5220798e+02	-1.0000017e-02
0	0	5	31	3	T	7.2685897e-02	1.2005210e+02	1.5623723e+02	-1.0000002e-02
0	0	5	31	3	E	5.4470770e-02	1.2437687e+02	1.5218755e+02	-1.0000001e-02
0	0	5	32	0	T	9.7784698e-02	1.3626357e+02	1.5428224e+02	-9.9999998e-03
0	0	5	32	0	E	3.7930243e-02	1.2742220e+02	1.5941110e+02	-6.6011727e-01
0	0	5	32	1	T	9.8274887e-02	1.2643738e+02	1.5369371e+02	-9.9999998e-03
0	0	5	32	1	E	5.6034796e-02	1.2812527e+02	1.5848851e+02	-1.8023990e-01
0	0	5	32	2	T	9.2226684e-02	1.2731123e+02	1.5425656e+02	-1.0000005e-02
0	0	5	32	2	E	5.3494208e-02	1.2867255e+02	1.5782231e+02	-9.4427951e-02
0	0	5	32	3	T	9.8902404e-02	1.2632265e+02	1.5333392e+02	-9.9999998e-03
0	0	5	32	3	E	4.8840277e-02	1.2561885e+02	1.5858926e+02	-2.2393000e-01
0	0	5	33	0	T	7.9868972e-02	1.3153532e+02	1.5670877e+02	-1.0000002e-02
0	0	5	33	0	E	4.8039190e-02	1.2225578e+02	1.5577574e+02	-9.9999998e-03
0	0	5	33	1	T	7.9859436e-02	1.2436752e+02	1.5489998e+02	-9.9999998e-03
0	0	5	33	1	E	6.0200445e-02	1.2486370e+02	1.5577594e+02	-1.0000001e-02
0	0	5	33	2	T	4.9595535e-02	1.1747358e+02	1.5558182e+02	-1.0000001e-02
0	0	5	33	2	E	6.2123053e-02	1.2480688e+02	1.5674635e+02	-1.0000001e-02
0	0	5	33	3	T	6.5439880e-02	1.2084215e+02	1.5613600e+02	-1.0000003e-02
0	0	5	33	3	E	5.0022833e-02	1.2258559e+02	1.5643788e+02	-1.0000105e-02
0	0	5	34	0	T	-6.5575898e-02	1.3445717e+02	1.5107027e+02	-1.0000001e-02
0	0	5	34	0	E	-4.8457392e-02	1.3367963e+02	1.5947864e+02	-9.9999998e-03
0	0	5	34	1	T	-6.5423310e-02	1.2308863e+02	1.5120235e+02	-9.9999998e-03
0	0	5	34	1	E	-4.7396906e-02	1.3115590e+02	1.5913910e+02	-1.0000005e-02
0	0	5	34	2	T	-7.4181855e-02	1.2051001e+02	1.5014108e+02	-1.0000004e-02
0	0	5	34	2	E	-4.7038324e-02	1.3232393e+02	1.5894229e+02	-9.9999998e-03
0	0	5	34	3	T	-7.7548325e-02	1.2119939e+02	1.5078889e+02	-5.3888991e-02
0	0	5	34	3	E	-4.7526605e-02	1.2811157e+02	1.5961523e+02	-1.0000002e-02
0	0	5	35	0	T	-7.1852982e-02	1.3598795e+02	1.5761629e+02	-1.0000016e-02
0	0	5	35	0	E	-4.7045954e-02	1.2306857e+02	1.5654047e+02	-1.0000008e-02
0	0	5	35	1	T	-7.1814835e-02	1.2490242e+02	1.5741878e+02	-1.0000003e-02
0	0	5	35	1	E	-4.8732050e-02	1.2016451e+02	1.5642342e+02	-9.9999998e-03
0	0	5	35	2	T	-8.3813965e-02	1.2457204e+02	1.5667918e+02	-1.0000004e-02
0	0	5	35	2	E	-4.8594721e-02	1.2170729e+02	1.5559196e+02	-9.9999998e-03
0	0	5	35	3	T	-8.3749115e-02	1.2337466e+02	1.5754979e+02	-1.0000004e-02
0	0	5	35	3	E	-5.2043207e-02	1.2116486e+02	1.5611821e+02	-1.0000005e-02
0	0	5	36	0	T	-6.4709961e-02	1.3927750e+02	1.6466359e+02	-9.9999998e-03
0	0	5	36	0	E	-6.0137995e-02	1.2827046e+02	1.6461580e+02	-9.9999998e-03
0	0	5	36	1	T	-6.6228211e-02	1.2808170e+02	1.6449864e+02	-1.0000001e-02
0	0	5	36	1	E	-5.9733637e-02	1.2649406e+02	1.6372406e+02	-1.0000002e-02
0	0	5	36	2	T	-6.7296326e-02	1.2641639e+02	1.6475748e+02	-9.9999998e-03
0	0	5	36	2	E	-4.6565302e-02	1.2713440e+02	1.6393910e+02	-9.9999998e-03
0	0	5	36	3	T	-6.4715683e-02	1.2919725e+02	1.6463629e+02	-9.9999998e-03
0	0	5	36	3	E	-4.7023065e-02	1.2757925e+02	1.6419255e+02	-9.9999998e-03
0	0	5	37	0	T	-7.1919739e-02	1.2994968e+02	1.5292140e+02	-1.0000002e-02
0	0	5	37	0	E	-5.9016474e-02	1.2119358e+02	1.4851471e+02	-9.9999998e-03
0	0	5	37	1	T	-7.1957886e-02	1.1916773e+02	1.5299442e+02	-1.0000003e-02
0	0	5	37	1	E	-5.2470453e-02	1.2197701e+02	1.4766447e+02	-9.9999998e-03
0	0	5	37	2	T	-7.1996033e-02	1.1872974e+02	1.5307832e+02	-1.0000004e-02
0	0	5	37	2	E	-4.0942438e-02	1.2291888e+02	1.4798077e+02	-1.0000004e-02
0	0	5	37	3	T	-7.1780503e-02	1.1827184e+02	1.5251892e+02	-9.9999998e-03
0	0	5	37	3	E	-4.0721186e-02	1.2255389e+02	1.4844893e+02	-9.9999998e-03
0	0	5	38	0	T	-7.7935517e-02	1.4365402e+02	1.6250327e+02	-9.9999998e-03
0	0	5	38	0	E	-5.2836664e-02	1.2958228e+02	1.5681342e+02	-9.9999998e-03
0	0	5	38	1	T	-7.8074753e-02	1.3244574e+02	1.6226787e+02	-1.0000006e-02
0	0	5	38	1	E	-6.5249689e-02	1.2544460e+02	1.5747925e+02	-1.0000004e-02
0	0	5	38	2	T	-7.7580750e-02	1.3295979e+02	1.6220634e+02	-1.0000001e-02
0	0	5	38	2	E	-4.6992548e-02	1.2938254e+02	1.5611087e+02	-1.0000001e-02
0	0	5	38	3	T	-7.7405274e-02	1.3247345e+02	1.6171471e+02	-9.9999998e-03
0	0	5	38	3	E	-4.6542414e-02	1.2998610e+02	1.5702348e+02	-1.0000010e-02
0	0	5	39	0	T	-6.5833390e-02	1.4352144e+02	1.6221062e+02	-1.0000001e-02
0	0	5	39	0	E	-4.7763117e-02	1.3053799e+02	1.6351376e+02	-9.9999998e-03
0	0	5	39	1	T	-6.5518677e-02	1.3449202e+02	1.6097144e+02	-1.0000007e-02
0	0	5	39	1	E	-4.6466120e-02	1.2977528e+02	1.6417210e+02	-1.0000001e-02
0	0	5	39	2	T	-6.4828217e-02	1.3467310e+02	1.6094926e+02	-1.0000003e-02
0	0	5	39	2	E	-4.7450311e-02	1.2972952e+02	1.6420947e+02	-1.0000019e-02
0	0	5	39	3	T	-6.5434754e-02	1.3401399e+02	1.6163824e+02	-9.9999998e-03
0	0	5	39	3	E	-6.1236627e-02	1.2681149e+02	1.6412741e+02	-9.9999998e-03
0	0	5	40	0	T	-7.2692215e-02	1.4176288e+02	1.5830154e+02	-9.9999998e-03
0	0	5	40	0	E	-5.9611566e-02	1.2764381e+02	1.5303044e+02	-1.0000039e-02
0	0	5	40	1	T	-8.3651841e-02	1.3108925e+02	1.5797153e+02	-9.9999998e-03
0	0	5	40	1	E	-4.7732599e-02	1.3020976e+02	1.5390187e+02	-1.0000087e-02
0	0	5	40	2	T	-7.1526825e-02	1.3256270e+02	1.5711775e+02	-9.9999998e-03
0	0	5	40	2	E	-4.9838312e-02	1.3062129e+02	1.5324030e+02	-1.0000001e-02
0	0	5	40	3	T	-7.1700394e-02	1.3161697e+02	1.5886554e+02	-4.6896186e-02
0	0	5	40	3	E	-4.6870477e-02	1.3001407e+02	1.5344971e+02	-9.9999998e-03
0	0	5	41	0	T	-6.5549195e-02	1.3557384e+02	1.5856468e+02	-9.9999998e-03
0	0	5	41	0	E	-5.2096613e-02	1.2789015e+02	1.5755621e+02	-9.9999998e-03
0	0	5	41	1	T	-6.5381348e-02	1.2642493e+02	1.5819914e+02	-1.0000001e-02
0	0	5	41	1	E	-5.4217584e-02	1.2888283e+02	1.5729442e+02	-1.0000017e-02
0	0	5	41	2	T	-6.6098511e-02	1.2570011e+02	1.5787015e+02	-1.0000005e-02
0	0	5	41	2	E	-4.6511896e-02	1.2843880e+02	1.5778171e+02	-9.9999998e-03
0	0	5	41	3	T	-6.5877259e-02	1.2484550e+02	1.5802296e+02	-9.9999998e-03
0	0	5	41	3	E	-4.6527155e-02	1.2589939e+02	1.5748384e+02	-9.9999998e-03
0	0	5	42	0	T	-7.8578293e-02	1.3686006e+02	1.6156316e+02	-1.0000002e-02
0	0	5	42	0	E	-6.6004999e-02	1.2355521e+02	1.5631252e+02	-9.9999998e-03
0	0	5	42	1	T	-8.9755356e-02	1.2593806e+02	1.6104761e+02	-9.9999998e-03
0	0	5	42	1	E	-4.8381098e-02	1.2399840e+02	1.5706760e+02	-1.0000031e-02
0	0	5	42	2	T	-8.9549363e-02	1.2701794e+02	1.6079756e+02	-1.0000007e-02
0	0	5	42	2	E	-5.5957086e-02	1.2459471e+02	1.5692987e+02	-1.0000016e-02
0	0	5	42	3	T	-7.8320801e-02	1.2805948e+02	1.5965627e+02	-1.0000023e-02
0	0	5	42	3	E	-5.8230646e-02	1.2372636e+02	1.5656645e+02	-1.0000001e-02
0	0	5	43	0	T	-7.7809632e-02	1.2891724e+02	1.5497556e+02	-1.0000001e-02
0	0	5	43	0	E	-4.7023065e-02	1.2307313e+02	1.5660533e+02	-1.0000087e-02
0	0	5	43	1	T	-7.1177781e-02	1.2250513e+02	1.5465781e+02	-1.0000023e-02
0	0	5	43	1	E	-6.1335810e-02	1.2220644e+02	1.5562393e+02	-1.0000004e-02
0	0	5	43	2	T	-7.9289734e-02	1.2183143e+02	1.5400328e+02	-9.9999998e-03
0	0	5	43	2	E	-5.5361994e-02	1.2428329e+02	1.5586510e+02	-9.9999998e-03
0	0	5	43	3	T	-8.7489426e-02	1.1888982e+02	1.5488516e+02	-9.9999998e-03
0	0	5	43	3	E	-5.1013239e-02	1.2157019e+02	1.5597534e+02	-9.9999998e-03
0	0	5	44	0	T	-6.5198243e-02	1.2809795e+02	1.5489789e+02	-9.9999998e-03
0	0	5	44	0	E	-4.6695001e-02	1.3280135e+02	1.6446144e+02	-1.0000073e-02
0	0	5	44	1	T	-6.5348923e-02	1.1785986e+02	1.5505023e+02	-9.9999998e-03
0	0	5	44	1	E	-4.6565302e-02	1.3010951e+02	1.6422519e+02	-1.0000002e-02
0	0	5	44	2	T	-6.5236390e-02	1.1887442e+02	1.5433813e+02	-9.9999998e-03
0	0	5	44	2	E	-4.7885187e-02	1.2650684e+02	1.6416237e+02	-1.0000002e-02
0	0	5	44	3	T	-6.8030655e-02	1.1783458e+02	1.5497226e+02	-9.9999998e-03
0	0	5	44	3	E	-4.6191461e-02	1.2908327e+02	1.6390659e+02	-9.9999998e-03
0	0	5	45	0	T	-6.4864457e-02	1.3495572e+02	1.5358383e+02	-1.0197990e-02
0	0	5	45	0	E	-5.3591974e-02	1.2647184e+02	1.5697409e+02	-1.0000004e-02
0	0	5	45	1	T	-6.7385972e-02	1.2436132e+02	1.5283626e+02	-1.0000001e-02
0	0	5	45	1	E	-4.8007257e-02	1.2554102e+02	1.5659926e+02	-1.0000001e-02
0	0	5	45	2	T	-6.5083802e-02	1.2421738e+02	1.5224399e+02	-1.0000012e-02
0	0	5	45	2	E	-4.6237238e-02	1.2694591e+02	1.5601659e+02	-1.0000007e-02
0	0	5	45	3	T	-6.5085709e-02	1.2364413e+02	1.5239377e+02	-1.0000001e-02
0	0	5	45	3	E	-4.8571832e-02	1.2599966e+02	1.5578047e+02	-1.0000002e-02
0	0	5	46	0	T	-6.5726578e-02	1.3660521e+02	1.5558092e+02	-1.0000004e-02
0	0	5	46	0	E	-4.6710260e-02	1.2992647e+02	1.6733069e+02	-1.0000025e-02
0	0	5	46	1	T	-6.5158188e-02	1.2967744e+02	1.5456659e+02	-9.9999998e-03
0	0	5	46	1	E	-5.8894403e-02	1.2826372e+02	1.6718254e+02	-1.0000003e-02
0	0	5	46	2	T	-6.5539658e-02	1.2888492e+02	1.5456912e+02	-9.9999998e-03
0	0	5	46	2	E	-5.4667719e-02	1.2700034e+02	1.6726395e+02	-1.0000004e-02
0	0	5	46	3	T	-6.5688431e-02	1.2742837e+02	1.5480020e+02	-1.0000007e-02
0	0	5	46	3	E	-4.6900995e-02	1.2830040e+02	1.6723003e+02	-9.9999998e-03
0	0	5	47	0	T	-6.6127121e-02	1.3552710e+02	1.5795903e+02	-9.9999998e-03
0	0	5	47	0	E	-4.4093378e-02	1.3313884e+02	1.6022571e+02	-1.0000001e-02
0	0	5	47	1	T	-6.6172898e-02	1.2376140e+02	1.5716064e+02	-1.0000006e-02
0	0	5	47	1	E	-4.2758234e-02	1.3210703e+02	1.6053973e+02	-9.9999998e-03
0	0	5	47	2	T	-6.5778077e-02	1.2376700e+02	1.5751241e+02	-1.0000024e-02
0	0	5	47	2	E	-4.1171320e-02	1.3179425e+02	1.6038863e+02	-1.3336593e-01
0	0	5	47	3	T	-6.6022217e-02	1.2513597e+02	1.5774268e+02	-1.0000003e-02
0	0	5	47	3	E	-4.0728815e-02	1.2976172e+02	1.6022870e+02	-9.9999998e-03
0	0	5	48	0	T	-6.6375077e-02	1.3769397e+02	1.6162729e+02	-1.0000005e-02
0	0	5	48	0	E	-4.6542414e-02	1.2805988e+02	1.6089024e+02	-9.9999998e-03
0	0	5	48	1	T	-6.5923035e-02	1.2769193e+02	1.6173793e+02	-1.0000001e-02
0	0	5	48	1	E	-4.6695001e-02	1.3050681e+02	1.5981807e+02	-1.0000004e-02
0	0	5	48	2	T	-6.6006958e-02	1.2711427e+02	1.6188307e+02	-9.9999998e-03
0	0	5	48	2	E	-5.3782709e-02	1.2463605e+02	1.5990617e+02	-9.9999998e-03
0	0	5	48	3	T	-6.6077530e-02	1.2663355e+02	1.6203214e+02	-9.9999998e-03
0	0	5	48	3	E	-4.8754938e-02	1.2560702e+02	1.5939586e+02	-1.0000012e-02
0	0	5	49	0	T	-6.6045105e-02	1.3447226e+02	1.5921489e+02	-1.0000002e-02
0	0	5	49	0	E	-4.6084650e-02	1.2058170e+02	1.5262645e+02	-1.0000003e-02
0	0	5	49	1	T	-6.8732560e-02	1.2296608e+02	1.5908633e+02	-9.9999998e-03
0	0	5	49	1	E	-4.6115167e-02	1.2165034e+02	1.5205995e+02	-9.9999998e-03
0	0	5	49	2	T	-6.5039933e-02	1.2415696e+02	1.5807385e+02	-9.9999998e-03
0	0	5	49	2	E	-4.7480829e-02	1.1946774e+02	1.5216682e+02	-9.9999998e-03
0	0	5	49	3	T	-6.9178879e-02	1.2246928e+02	1.5859789e+02	-1.0000001e-02
0	0	5	49	3	E	-4.6679743e-02	1.1948732e+02	1.5257678e+02	-1.0000004e-02
0	0	5	50	0	T	-6.5303147e-02	1.3388951e+02	1.5479773e+02	-9.9999998e-03
0	0	5	50	0	E	-4.6023615e-02	1.2478768e+02	1.4826695e+02	-1.0000008e-02
0	0	5	50	1	T	-8.3258927e-02	1.2369900e+02	1.5471497e+02	-1.0000030e-02
0	0	5	50	1	E	-4.6244867e-02	1.2421359e+02	1.4810316e+02	-1.0000001e-02
0	0	5	50	2	T	-6.5095246e-02	1.2461813e+02	1.5433104e+02	-9.9999998e-03
0	0	5	50	2	E	-4.6267755e-02	1.2312495e+02	1.4857808e+02	-9.9999998e-03
0	0	5	50	3	T	-7.1194947e-02	1.2503993e+02	1.5451958e+02	-1.0000001e-02
0	0	5	50	3	E	-4.5817621e-02	1.2155962e+02	1.4893210e+02	-1.0000001e-02
0	0	5	51	0	T	-1.9058543e-01	1.2502248e+02	1.5526176e+02	-9.2481017e-01
0	0	5	51	0	E	-1.2859654e-01	1.2583971e+02	1.5493646e+02	-1.0000002e-02
0	0	5	51	1	T	-1.8670970e-01	1.1635117e+02	1.5470334e+02	-9.0711737e-01
0	0	5	51	1	E	-1.2565923e-01	1.2414087e+02	1.5483940e+02	-9.9999998e-03
0	0	5	51	2	T	-1.8915874e-01	1.1474582e+02	1.5493724e+02	-1.0260357e+00
0	0	5	51	2	E	-1.2592626e-01	1.2293649e+02	1.5423590e+02	-9.9999998e-03
0	0	5	51	3	T	-1.8618709e-01	1.1784360e+02	1.5540627e+02	-1.2111405e+00
0	0	5	51	3	E	-1.2604833e-01	1.2450275e+02	1.5383997e+02	-9.9999998e-03
0	0	5	52	0	T	-1.9215709e-01	1.2466753e+02	1.5394278e+02	-6.4517093e-01
0	0	5	52	0	E	-1.2581182e-01	1.2229774e+02	1.5593475e+02	-1.0000005e-02
0	0	5	52	1	T	-1.9230014e-01	1.1841656e+02	1.5448112e+02	-6.1630929e-01
0	0	5	52	1	E	-1.1960150e-01	1.2419606e+02	1.5512553e+02	-9.9999998e-03
0	0	5	52	2	T	-1.9263393e-01	1.1789300e+02	1.5453288e+02	-1.1532023e+00
0	0	5	52	2	E	-1.3769841e-01	1.2150304e+02	1.5476176e+02	-1.0000003e-02
0	0	5	52	3	T	-1.9263965e-01	1.1683088e+02	1.5417552e+02	-9.1233218e-01
0	0	5	52	3	E	-1.1974645e-01	1.2384136e+02	1.5485440e+02	-9.9999998e-03
0	0	5	53	0	T	-1.0834247e-01	1.3330820e+02	1.5176289e+02	-9.9999998e-03
0	0	5	53	0	E	-8.9373834e-02	1.1539754e+02	1.5214963e+02	-1.0000001e-02
0	0	5	53	1	T	-1.0863239e-01	1.2755967e+02	1.5137349e+02	-1.0000001e-02
0	0	5	53	1	E	-5.9420832e-02	1.2101737e+02	1.5189091e+02	-9.9999998e-03
0	0	5	53	2	T	-1.0833484e-01	1.2505609e+02	1.5198239e+02	-1.0000001e-02
0	0	5	53	2	E	-8.9198358e-02	1.1596503e+02	1.5203793e+02	-1.0000004e-02
0	0	5	53	3	T	-1.0843402e-01	1.2540330e+02	1.5221257e+02	-1.0000002e-02
0	0	5	53	3	E	-5.8879144e-02	1.1939643e+02	1.5185069e+02	-9.9999998e-03
0	0	5	54	0	T	-1.0206920e-01	1.4753696e+02	1.6554210e+02	-1.0000001e-02
0	0	5	54	0	E	-7.1780451e-02	1.2710220e+02	1.5871538e+02	-1.0000001e-02
0	0	5	54	1	T	-1.0151035e-01	1.3896715e+02	1.6544910e+02	-1.0000008e-02
0	0	5	54	1	E	-7.0811518e-02	1.2712131e+02	1.5844652e+02	-9.9999998e-03
0	0	5	54	2	T	-1.0223132e-01	1.3952820e+02	1.6554982e+02	-1.0000005e-02
0	0	5	54	2	E	-7.0758112e-02	1.2564140e+02	1.5820512e+02	-9.9999998e-03
0	0	5	54	3	T	-1.0136729e-01	1.3702403e+02	1.6571909e+02	-1.0000001e-02
0	0	5	54	3	E	-7.0643671e-02	1.2645428e+02	1.5917090e+02	-1.0000006e-02
0	0	5	55	0	T	-1.0236484e-01	1.3494559e+02	1.5684642e+02	-9.9999998e-03
0	0	5	55	0	E	-7.1566828e-02	1.3013147e+02	1.6094856e+02	-1.0000094e-02
0	0	5	55	1	T	-1.0311252e-01	1.2813983e+02	1.5603473e+02	-9.9999998e-03
0	0	5	55	1	E	-7.1376093e-02	1.2886469e+02	1.6127588e+02	-1.0000002e-02
0	0	5	55	2	T	-1.0272914e-01	1.2368937e+02	1.5655159e+02	-1.0000001e-02
0	0	5	55	2	E	-7.1154840e-02	1.2826555e+02	1.6075374e+02	-1.0000006e-02
0	0	5	55	3	T	-1.0175449e-01	1.2669999e+02	1.5672797e+02	-1.0000004e-02
0	0	5	55	3	E	-7.1368463e-02	1.2951001e+02	1.6099860e+02	-9.9999998e-03
0	0	5	56	0	T	-1.3823634e-01	1.3350560e+02	1.5434363e+02	-1.0000027e-02
0	0	5	56	0	E	-8.3262689e-02	1.2832819e+02	1.5832811e+02	-9.9999998e-03
0	0	5	56	1	T	-1.3820392e-01	1.2359357e+02	1.5516431e+02	-1.0000003e-02
0	0	5	56	1	E	-8.3117731e-02	1.2467800e+02	1.5859116e+02	-9.9999998e-03
0	0	5	56	2	T	-1.2630206e-01	1.2633442e+02	1.5475076e+02	-1.0000002e-02
0	0	5	56	2	E	-8.3094843e-02	1.2558936e+02	1.5774272e+02	-9.9999998e-03
0	0	5	56	3	T	-1.2645465e-01	1.2609989e+02	1.5551518e+02	-1.0000001e-02
0	0	5	56	3	E	-8.3186395e-02	1.2558549e+02	1.5776733e+02	-1.3231899e-01
0	0	5	57	0	T	-1.3245326e-01	1.3784460e+02	1.6336922e+02	-1.0000043e-02
0	0	5	57	0	E	-9.1784723e-02	1.2744408e+02	1.5710667e+02	-1.0000001e-02
0	0	5	57	1	T	-1.3928539e-01	1.2735098e+02	1.6333702e+02	-1.0000001e-02
0	0	5	57	1	E	-8.9640863e-02	1.2416528e+02	1.5697978e+02	-9.9999998e-03
0	0	5	57	2	T	-1.4450008e-01	1.2610881e+02	1.6349176e+02	-1.0000002e-02
0	0	5	57	2	E	-9.6850641e-02	1.2615315e+02	1.5649915e+02	-1.0000008e-02
0	0	5	57	3	T	-1.3231975e-01	1.2740410e+02	1.6448174e+02	-9.9999998e-03
0	0	5	57	3	E	-8.3277948e-02	1.2744627e+02	1.5610768e+02	-9.9999998e-03
0	0	5	58	0	T	-1.1403781e-01	1.4116454e+02	1.5990343e+02	-5.5658185e-01
0	0	5	58	0	E	-8.3842523e-02	1.2218557e+02	1.5597729e+02	-9.9999998e-03
0	0	5	58	1	T	-1.1369830e-01	1.3216391e+02	1.5954718e+02	-7.2726887e-01
0	0	5	58	1	E	-8.5818537e-02	1.2174635e+02	1.5651140e+02	-1.0000004e-02
0	0	5	58	2	T	-1.1378032e-01	1.3158905e+02	1.5902440e+02	-3.3564329e-01
0	0	5	58	2	E	-7.1185358e-02	1.2454987e+02	1.5579205e+02	-1.0000059e-02
0	0	5	58	3	T	-1.1365062e-01	1.2876727e+02	1.6048590e+02	-7.0300490e-01
0	0	5	58	3	E	-7.1208246e-02	1.2391835e+02	1.5583157e+02	-9.9999998e-03
0	0	5	59	0	T	-1.2394840e-01	1.3213483e+02	1.5336205e+02	-1.0000001e-02
0	0	5	59	0	E	-7.0491083e-02	1.2448737e+02	1.5339078e+02	-1.0000005e-02
0	0	5	59	1	T	-1.1329585e-01	1.2667458e+02	1.5240993e+02	-9.9999998e-03
0	0	5	59	1	E	-7.0338495e-02	1.2399303e+02	1.5405515e+02	-1.0000001e-02
0	0	5	59	2	T	-1.2499362e-01	1.2071426e+02	1.5331927e+02	-9.9999998e-03
0	0	5	59	2	E	-7.0750482e-02	1.2173544e+02	1.5318733e+02	-1.0000001e-02
0	0	5	59	3	T	-1.1312991e-01	1.2369389e+02	1.5309508e+02	-1.0000001e-02
0	0	5	59	3	E	-7.0719965e-02	1.2193896e+02	1.5360983e+02	-1.0000014e-02
0	0	5	60	0	T	-1.0299617e-01	1.3974234e+02	1.5990019e+02	-1.0000092e-02
0	0	5	60	0	E	-7.9554804e-02	1.2677152e+02	1.5669321e+02	-1.0000096e-02
0	0	5	60	1	T	-1.0183269e-01	1.3315808e+02	1.5968962e+02	-1.0000035e-02
0	0	5	60	1	E	-7.3008783e-02	1.2785950e+02	1.5606151e+02	-1.0000006e-02
0	0	5	60	2	T	-1.0219318e-01	1.3036214e+02	1.6022920e+02	-9.9999998e-03
0	0	5	60	2	E	-7.4305780e-02	1.2711901e+02	1.5618878e+02	-1.0000057e-02
0	0	5	60	3	T	-1.1989528e-01	1.2685490e+02	1.6043704e+02	-1.0000001e-02
0	0	5	60	3	E	-7.2375543e-02	1.2911566e+02	1.5592987e+02	-1.9234288e-01
0	0	5	61	0	T	-7.7380478e-02	1.3366621e+02	1.5106630e+02	-1.0000002e-02
0	0	5	61	0	E	-4.6611078e-02	1.2919592e+02	1.5793538e+02	-6.6540062e-01
0	0	5	61	1	T	-7.7145875e-02	1.2300245e+02	1.5121194e+02	-1.0000001e-02
0	0	5	61	1	E	-5.2516229e-02	1.2852393e+02	1.5586194e+02	-1.0000003e-02
0	0	5	61	2	T	-7.7472031e-02	1.2202973e+02	1.5080367e+02	-1.0000002e-02
0	0	5	61	2	E	-4.7900446e-02	1.2750132e+02	1.5610832e+02	-1.0000045e-02
0	0	5	61	3	T	-7.6794922e-02	1.2078669e+02	1.5111818e+02	-9.9999998e-03
0	0	5	61	3	E	-4.5924433e-02	1.2884103e+02	1.5733192e+02	-4.8781386e-01
0	0	5	62	0	T	-7.7815354e-02	1.4165373e+02	1.6215538e+02	-1.0000001e-02
0	0	5	62	0	E	-4.6153314e-02	1.2655347e+02	1.5521216e+02	-1.0000001e-02
0	0	5	62	1	T	-7.7462494e-02	1.3359509e+02	1.6300639e+02	-1.0000001e-02
0	0	5	62	1	E	-4.8594721e-02	1.2756097e+02	1.5557039e+02	-9.9999998e-03
0	0	5	62	2	T	-7.7878296e-02	1.3097183e+02	1.6282826e+02	-9.9999998e-03
0	0	5	62	2	E	-5.0242670e-02	1.2570572e+02	1.5458778e+02	-1.0000234e-02
0	0	5	62	3	T	-8.1088364e-02	1.3209535e+02	1.6303340e+02	-1.0000002e-02
0	0	5	62	3	E	-4.6229608e-02	1.2279004e+02	1.5469290e+02	-1.0000003e-02
0	0	5	63	0	T	-7.7397645e-02	1.4334456e+02	1.6694516e+02	-9.9999998e-03
0	0	5	63	0	E	-4.6145685e-02	1.2009010e+02	1.5771280e+02	-1.9759650e+00
0	0	5	63	1	T	-7.7218354e-02	1.3292946e+02	1.6677283e+02	-9.9999998e-03
0	0	5	63	1	E	-4.5901544e-02	1.2229401e+02	1.5355824e+02	-1.0000004e-02
0	0	5	63	2	T	-9.1618836e-02	1.2853569e+02	1.6655309e+02	-1.0000001e-02
0	0	5	63	2	E	-5.5743463e-02	1.1747227e+02	1.5372691e+02	-9.9999998e-03
0	0	5	63	3	T	-7.7269852e-02	1.3103850e+02	1.6587254e+02	-9.9999998e-03
0	0	5	63	3	E	-4.8175104e-02	1.1848308e+02	1.5278427e+02	-1.0000001e-02
0	0	6	0	0	T	8.6664855e-02	1.4346255e+02	1.5865993e+02	-1.0000003e-02
0	0	6	0	0	E	6.9287054e-02	1.4097826e+02	1.6349374e+02	-1.0000086e-02
0	0	6	0	1	T	8.5894287e-02	1.3093474e+02	1.5767480e+02	-1.0000001e-02
0	0	6	0	1	E	6.8745367e-02	1.4231833e+02	1.6262901e+02	-1.0000005e-02
0	0	6	0	2	T	8.6071670e-02	1.3121768e+02	1.5821413e+02	-9.9999998e-03
0	0	6	0	2	E	6.8310492e-02	1.3951477e+02	1.6317101e+02	-1.0000005e-02
0	0	6	0	3	T	9.0136230e-02	1.3249251e+02	1.5740503e+02	-1.0000004e-02
0	0	6	0	3	E	7.5283758e-02	1.3934740e+02	1.6364761e+02	-9.9999998e-03
0	0	6	1	0	T	7.9065979e-02	1.3577431e+02	1.5513998e+02	-9.9999998e-03
0	0	6	1	0	E	6.4633124e-02	1.2760970e+02	1.5497450e+02	-1.0000001e-02
0	0	6	1	1	T	6.6115081e-02	1.2694582e+02	1.5531386e+02	-1.0000014e-02
0	0	6	1	1	E	6.9172613e-02	1.3033791e+02	1.5463991e+02	-1.0000001e-02
0	0	6	1	2	T	8.2424819e-02	1.2911487e+02	1.5523700e+02	-9.9999998e-03
0	0	6	1	2	E	6.7097418e-02	1.3034363e+02	1.5505017e+02	-1.0000007e-02
0	0	6	1	3	T	8.0393493e-02	1.2628130e+02	1.5518661e+02	-9.9999998e-03
0	0	6	1	3	E	6.7814581e-02	1.2999170e+02	1.5513326e+02	-1.0000002e-02
0	0	6	2	0	T	9.2705429e-02	1.4880937e+02	1.6179469e+02	-9.9999998e-03
0	0	6	2	0	E	7.4665777e-02	1.3491330e+02	1.5596133e+02	-9.9999998e-03
0	0	6	2	1	T	6.3799560e-02	1.3712183e+02	1.6128148e+02	-1.0000005e-02
0	0	6	2	1	E	7.5443976e-02	1.3239618e+02	1.5564050e+02	-9.9999998e-03
0	0	6	2	2	T	9.3025863e-02	1.3936684e+02	1.6172432e+02	-9.9999998e-03
0	0	6	2	2	E	7.3765509e-02	1.3204428e+02	1.5633032e+02	-1.0000001e-02
0	0	6	2	3	T	8.8366210e-02	1.3739862e+02	1.6210475e+02	-9.9999998e-03
0	0	6	2	3	E	7.5428717e-02	1.3248360e+02	1.5570471e+02	-9.9999998e-03
0	0	6	3	0	T	8.6188018e-02	1.4138661e+02	1.6144965e+02	-1.0000003e-02
0	0	6	3	0	E	6.9256537e-02	1.4200529e+02	1.6815692e+02	-1.0000004e-02
0	0	6	3	1	T	8.6554229e-02	1.3156822e+02	1.6038925e+02	-9.9999998e-03
0	0	6	3	1	E	6.9149725e-02	1.4091766e+02	1.6815216e+02	-1.0000077e-02
0	0	6	3	2	T	9.2199981e-02	1.3004733e+02	1.6058385e+02	-1.0000002e-02
0	0	6	3	2	E	6.6799872e-02	1.3994717e+02	1.6767876e+02	-9.9999998e-03
0	0	6	3	3	T	9.2589080e-02	1.2969695e+02	1.6140501e+02	-1.0000001e-02
0	0	6	3	3	E	6.8936102e-02	1.3950533e+02	1.6840634e+02	-1.0000008e-02
0	0	6	4	0	T	7.9201400e-02	1.5065660e+02	1.7088031e+02	-9.9999998e-03
0	0	6	4	0	E	6.1871283e-02	1.3053049e+02	1.5814528e+02	-1.0000002e-02
0	0	6	4	1	T	8.0006301e-02	1.4183260e+02	1.7035881e+02	-1.0000002e-02
0	0	6	4	1	E	5.6538336e-02	1.2912628e+02	1.5741214e+02	-9.9999998e-03
0	0	6	4	2	T	7.1879089e-02	1.4178996e+02	1.7073358e+02	-9.9999998e-03
0	0	6	4	2	E	3.1735174e-02	1.2143318e+02	1.5856441e+02	-9.9999998e-03
0	0	6	4	3	T	4.9416244e-02	1.3539035e+02	1.7042751e+02	-1.0000001e-02
0	0	6	4	3	E	5.6355231e-02	1.2800903e+02	1.5820247e+02	-1.0000001e-02
0	0	6	5	0	T	6.0692489e-02	1.4448303e+02	1.6824350e+02	-9.9999998e-03
0	0	6	5	0	E	6.7715399e-02	1.3809641e+02	1.6499045e+02	-1.0000008e-02
0	0	6	5	1	T	7.9767883e-02	1.3533316e+02	1.6787631e+02	-9.9999998e-03
0	0	6	5	1	E	6.2878363e-02	1.3720172e+02	1.6504573e+02	-9.9999998e-03
0	0	6	5	2	T	8.4582031e-02	1.3549870e+02	1.6744531e+02	-1.0000003e-02
0	0	6	5	2	E	6.0009710e-02	1.3689622e+02	1.6505162e+02	-1.0000018e-02
0	0	6	5	3	T	8.6138427e-02	1.3537910e+02	1.6772316e+02	-1.0000002e-02
0	0	6	5	3	E	4.6086065e-02	1.3181464e+02	1.6448770e+02	-1.0000004e-02
0	0	6	6	0	T	7.9930007e-02	1.4266933e+02	1.6452063e+02	-9.9999998e-03
0	0	6	6	0	E	6.3252203e-02	1.3155461e+02	1.5994017e+02	-1.0000064e-02
0	0	6	6	1	T	4.9797714e-02	1.3073224e+02	1.6600769e+02	-9.9999998e-03
0	0	6	6	1	E	4.2729132e-02	1.2804279e+02	1.5883549e+02	-9.9999998e-03
0	0	6	6	2	T	8.0610931e-02	1.3298305e+02	1.6490234e+02	-1.0000003e-02
0	0	6	6	2	E	6.3015692e-02	1.2941014e+02	1.5929791e+02	-1.0000001e-02
0	0	6	6	3	T	8.0748260e-02	1.3299803e+02	1.6413391e+02	-1.0000001e-02
0	0	6	6	3	E	6.3053839e-02	1.3056184e+02	1.5882733e+02	-1.0000002e-02
0	0	6	7	0	T	7.0061386e-02	1.4454420e+02	1.6295013e+02	-1.0000002e-02
0	0	6	7	0	E	5.6774847e-02	1.4057770e+02	1.6348474e+02	-1.0000002e-02
0	0	6	7	1	T	7.4160278e-02	1.3443349e+02	1.6378239e+02	-9.9999998e-03
0	0	6	7	1	E	5.6370489e-02	1.3926546e+02	1.6251323e+02	-9.9999998e-03
0	0	6	7	2	T	5.0007522e-02	1.2998802e+02	1.6334279e+02	-9.9999998e-03
0	0	6	7	2	E	4.1767828e-02	1.3243495e+02	1.6292760e+02	-1.0000005e-02
0	0	6	7	3	T	6.8636596e-02	1.3272644e+02	1.6360954e+02	-9.9999998e-03
0	0	6	7	3	E	5.6210272e-02	1.3697026e+02	1.6370668e+02	-1.0000038e-02
0	0	6	8	0	T	8.5461318e-02	1.4458759e+02	1.6098378e+02	-1.0000001e-02
0	0	6	8	0	E	6.8402044e-02	1.3660966e+02	1.6125491e+02	-1.0000022e-02
0	0	6	8	1	T	8.6632431e-02	1.3803596e+02	1.6008293e+02	-1.0000002e-02
0	0	6	8	1	E	5.8857672e-02	1.3374776e+02	1.6202092e+02	-1.0000001e-02
0	0	6	8	2	T	7.2027862e-02	1.3371178e+02	1.6060542e+02	-9.9999998e-03
0	0	6	8	2	E	6.8417303e-02	1.3521521e+02	1.6057385e+02	-1.0000001e-02
0	0	6	8	3	T	8.6336792e-02	1.3169304e+02	1.6130771e+02	-9.9999998e-03
0	0	6	8	3	E	6.7768805e-02	1.3629224e+02	1.6183597e+02	-1.0000001e-02
0	0	6	9	0	T	9.1950119e-02	1.4961438e+02	1.7472469e+02	-9.9999998e-03
0	0	6	9	0	E	7.5299017e-02	1.3813658e+02	1.6465950e+02	-9.9999998e-03
0	0	6	9	1	T	7.2580993e-02	1.3620457e+02	1.7525047e+02	-1.0000001e-02
0	0	6	9	1	E	7.4841253e-02	1.3918800e+02	1.6458702e+02	-1.0000003e-02
0	0	6	9	2	T	9.2211425e-02	1.3789835e+02	1.7497366e+02	-1.0000001e-02
0	0	6	9	2	E	6.9882147e-02	1.3717015e+02	1.6464841e+02	-1.0000001e-02
0	0	6	9	3	T	7.2970092e-02	1.3407341e+02	1.7485698e+02	-9.9999998e-03
0	0	6	9	3	E	5.7728522e-02	1.3494231e+02	1.6485559e+02	-1.0000001e-02
0	0	6	10	0	T	9.2196167e-02	1.3987102e+02	1.6121318e+02	-9.9999998e-03
0	0	6	10	0	E	5.7736151e-02	1.3846144e+02	1.7325835e+02	-1.0000009e-02
0	0	6	10	1	T	6.3297927e-02	1.2450385e+02	1.6071190e+02	-9.9999998e-03
0	0	6	10	1	E	4.4872992e-02	1.3665988e+02	1.7390245e+02	-1.0000003e-02
0	0	6	10	2	T	8.6586654e-02	1.2841878e+02	1.6059624e+02	-9.9999998e-03
0	0	6	10	2	E	4.6597235e-02	1.3767010e+02	1.7313174e+02	-1.0000002e-02
0	0	6	10	3	T	9.3025863e-02	1.2770564e+02	1.6061497e+02	-3.1150527e-02
0	0	6	10	3	E	7.4894659e-02	1.4178683e+02	1.7315051e+02	-1.0000012e-02
0	0	6	11	0	T	6.2798202e-02	1.3865529e+02	1.6265977e+02	-9.9999998e-03
0	0	6	11	0	E	7.0156805e-02	1.4005685e+02	1.5933090e+02	-1.0000004e-02
0	0	6	11	1	T	9.1448486e-02	1.3400304e+02	1.6151796e+02	-1.0000003e-02
0	0	6	11	1	E	7.4528448e-02	1.3812154e+02	1.5970447e+02	-1.0000046e-02
0	0	6	11	2	T	9.1149032e-02	1.3447755e+02	1.6226447e+02	-9.9999998e-03
0	0	6	11	2	E	7.4398749e-02	1.3706174e+02	1.6007478e+02	-9.9999998e-03
0	0	6	11	3	T	6.4301193e-02	1.2833170e+02	1.6257614e+02	-1.0000004e-02
0	0	6	11	3	E	7.3597662e-02	1.3780394e+02	1.6013588e+02	-1.0000002e-02
0	0	6	12	0	T	8.7641418e-02	1.4884567e+02	1.6729610e+02	-1.0000001e-02
0	0	6	12	0	E	7.4703924e-02	1.3756964e+02	1.6627238e+02	-1.0000008e-02
0	0	6	12	1	T	6.6017807e-02	1.3466022e+02	1.6671721e+02	-1.0000002e-02
0	0	6	12	1	E	7.4597113e-02	1.3821965e+02	1.6632623e+02	-1.0000007e-02
0	0	6	12	2	T	7.7727020e-02	1.3913248e+02	1.6725957e+02	-1.0000022e-02
0	0	6	12	2	E	6.1764471e-02	1.3465688e+02	1.6510741e+02	-1.0000004e-02
0	0	6	12	3	T	9.1965377e-02	1.3917802e+02	1.6759009e+02	-1.0000004e-02
0	0	6	12	3	E	5.0625555e-02	1.3380963e+02	1.6602771e+02	-1.0000002e-02
0	0	6	13	0	T	7.2773635e-02	1.3818137e+02	1.6584987e+02	-1.0000001e-02
0	0	6	13	0	E	6.1306708e-02	1.3296767e+02	1.5881229e+02	-1.0000001e-02
0	0	6	13	1	T	9.2789352e-02	1.3201167e+02	1.6515343e+02	-9.9999998e-03
0	0	6	13	1	E	5.0633185e-02	1.3166176e+02	1.5762436e+02	-1.0000001e-02
0	0	6	13	2	T	7.2785079e-02	1.2748655e+02	1.6438931e+02	-1.0000001e-02
0	0	6	13	2	E	4.2797796e-02	1.2849826e+02	1.5735988e+02	-9.9999998e-03
0	0	6	13	3	T	8.6077392e-02	1.2859964e+02	1.6473468e+02	-9.9999998e-03
0	0	6	13	3	E	7.2994940e-02	1.3341046e+02	1.5850151e+02	-1.0000003e-02
0	0	6	14	0	T	7.7433288e-02	1.4926451e+02	1.7230025e+02	-1.0000002e-02
0	0	6	14	0	E	5.5187933e-02	1.3351839e+02	1.5893236e+02	-1.0000001e-02
0	0	6	14	1	T	8.9836776e-02	1.3990652e+02	1.7098289e+02	-9.9999998e-03
0	0	6	14	1	E	7.2987311e-02	1.3682660e+02	1.5822510e+02	-1.0000003e-02
0	0	6	14	2	T	9.0544403e-02	1.4304596e+02	1.7113037e+02	-9.9999998e-03
0	0	6	14	2	E	7.4009649e-02	1.3350639e+02	1.5850708e+02	-9.9999998e-03
0	0	6	14	3	T	9.1723144e-02	1.3823199e+02	1.7108076e+02	-9.9999998e-03
0	0	6	14	3	E	4.4789068e-02	1.2878415e+02	1.5761882e+02	-1.0000001e-02
0	0	6	15	0	T	9.0578735e-02	1.4192418e+02	1.6214540e+02	-9.9999998e-03
0	0	6	15	0	E	7.4772589e-02	1.3038647e+02	1.5530946e+02	-9.9999998e-03
0	0	6	15	1	T	7.5678527e-02	1.2718971e+02	1.6106593e+02	-9.9999998e-03
0	0	6	15	1	E	5.3868048e-02	1.2381320e+02	1.5563052e+02	-9.9999998e-03
0	0	6	15	2	T	8.9728057e-02	1.3011803e+02	1.6123529e+02	-9.9999998e-03
0	0	6	15	2	E	7.4726813e-02	1.2856216e+02	1.5502423e+02	-9.9999998e-03
0	0	6	15	3	T	8.9663208e-02	1.3097136e+02	1.6132994e+02	-9.9999998e-03
0	0	6	15	3	E	5.2937262e-02	1.2604852e+02	1.5584727e+02	-9.9999998e-03
0	0	6	16	0	T	1.0456151e-01	1.4546158e+02	1.6733725e+02	-9.9999998e-03
0	0	6	16	0	E	8.1639044e-02	1.3250784e+02	1.5985175e+02	-1.0000001e-02
0	0	6	16	1	T	7.9971969e-02	1.2665841e+02	1.6676933e+02	-9.9999998e-03
0	0	6	16	1	E	8.7406866e-02	1.3371562e+02	1.5968941e+02	-1.0000070e-02
0	0	6	16	2	T	9.3670547e-02	1.3209457e+02	1.6611772e+02	-9.9999998e-03
0	0	6	16	2	E	8.7300055e-02	1.3284502e+02	1.5901222e+02	-9.9999998e-03
0	0	6	16	3	T	9.9636734e-02	1.3085695e+02	1.6689534e+02	-9.9999998e-03
0	0	6	16	3	E	7.2697394e-02	1.3142516e+02	1.5980544e+02	-1.0000002e-02
0	0	6	17	0	T	9.1732681e-02	1.4408424e+02	1.6314769e+02	-9.9999998e-03
0	0	6	17	0	E	7.3208563e-02	1.2734213e+02	1.6032599e+02	-1.0000001e-02
0	0	6	17	1	T	9.9045455e-02	1.3435860e+02	1.6327638e+02	-1.0000003e-02
0	0	6	17	1	E	8.1211798e-02	1.2724358e+02	1.6022153e+02	-1.0000043e-02
0	0	6	17	2	T	9.8719299e-02	1.3382542e+02	1.6303590e+02	-9.9999998e-03
0	0	6	17	2	E	7.3734991e-02	1.2762807e+02	1.5994154e+02	-1.0000001e-02
0	0	6	17	3	T	9.5076263e-02	1.3275435e+02	1.6277058e+02	-1.0000014e-02
0	0	6	17	3	E	8.1402533e-02	1.2605893e+02	1.6019978e+02	-1.0000004e-02
0	0	6	18	0	T	1.0343045e-01	1.4249010e+02	1.6652759e+02	-9.9999998e-03
0	0	6	18	0	E	8.7589972e-02	1.3258818e+02	1.5781659e+02	-1.0000004e-02
0	0	6	18	1	T	1.0481709e-01	1.3521881e+02	1.6666765e+02	-9.9999998e-03
0	0	6	18	1	E	6.0421698e-02	1.2427910e+02	1.5821378e+02	-1.0000001e-02
0	0	6	18	2	T	1.0447568e-01	1.3451598e+02	1.6633434e+02	-1.0000014e-02
0	0	6	18	2	E	8.6071722e-02	1.2985913e+02	1.5789803e+02	-1.0000059e-02
0	0	6	18	3	T	1.0467595e-01	1.3345316e+02	1.6693117e+02	-9.9999998e-03
0	0	6	18	3	E	8.6399786e-02	1.3064922e+02	1.5783722e+02	-1.0000001e-02
0	0	6	19	0	T	9.8978698e-02	1.4825423e+02	1.6700507e+02	-9.9999998e-03
0	0	6	19	0	E	5.7652228e-02	1.2654354e+02	1.5402565e+02	-1.0000001e-02
0	0	6	19	1	T	9.2945755e-02	1.3746223e+02	1.6755875e+02	-9.9999998e-03
0	0	6	19	1	E	5.0289862e-02	1.2650540e+02	1.5324359e+02	-1.0000004e-02
0	0	6	19	2	T	9.8149002e-02	1.3794533e+02	1.6755476e+02	-9.9999998e-03
0	0	6	19	2	E	5.7957403e-02	1.2564245e+02	1.5362523e+02	-9.9999998e-03
0	0	6	19	3	T	9.8326385e-02	1.3518877e+02	1.6777496e+02	-9.9999998e-03
0	0	6	19	3	E	8.1181280e-02	1.3012463e+02	1.5401399e+02	-1.0000001e-02
0	0	6	20	0	T	8.3895385e-02	1.4265886e+02	1.6464786e+02	-1.0000001e-02
0	0	6	20	0	E	5.6172125e-02	1.3032440e+02	1.6109586e+02	-1.0000004e-02
0	0	6	20	1	T	8.7322891e-02	1.3218373e+02	1.6528183e+02	-9.9999998e-03
0	0	6	20	1	E	7.8480475e-02	1.3287816e+02	1.6023492e+02	-1.0000003e-02
0	0	6	20	2	T	1.1006421e-01	1.3463370e+02	1.6453966e+02	-1.0000001e-02
0	0	6	20	2	E	7.3933356e-02	1.3109453e+02	1.5964317e+02	-9.9999998e-03
0	0	6	20	3	T	9.9695861e-02	1.3274812e+02	1.6440176e+02	-9.9999998e-03
0	0	6	20	3	E	7.0362799e-02	1.3158197e+02	1.6003041e+02	-1.0000034e-02
0	0	6	21	0	T	1.0383290e-01	1.4379553e+02	1.6390871e+02	-1.0000001e-02
0	0	6	21	0	E	8.6575262e-02	1.3119905e+02	1.5297559e+02	-1.0000001e-02
0	0	6	21	1	T	1.0399503e-01	1.3617384e+02	1.6411917e+02	-1.0000002e-02
0	0	6	21	1	E	8.5209601e-02	1.2979906e+02	1.5423526e+02	-1.0000001e-02
0	0	6	21	2	T	1.0444325e-01	1.3710150e+02	1.6329126e+02	-1.0000001e-02
0	0	6	21	2	E	8.6682074e-02	1.2971901e+02	1.5425192e+02	-1.0000015e-02
0	0	6	21	3	T	1.0089368e-01	1.3320869e+02	1.6400400e+02	-1.0000012e-02
0	0	6	21	3	E	8.7033026e-02	1.2884654e+02	1.5348534e+02	-9.9999998e-03
0	0	6	22	0	T	1.0302800e-01	1.4286566e+02	1.6762241e+02	-9.9999998e-03
0	0	6	22	0	E	8.7307684e-02	1.3451666e+02	1.6199507e+02	-1.0000003e-02
0	0	6	22	1	T	1.0500973e-01	1.3425871e+02	1.6680511e+02	-9.9999998e-03
0	0	6	22	1	E	5.6980841e-02	1.3076494e+02	1.6107172e+02	-1.0000013e-02
0	0	6	22	2	T	7.4570358e-02	1.2681579e+02	1.6684163e+02	-1.0000004e-02
0	0	6	22	2	E	8.6956732e-02	1.3535217e+02	1.6111980e+02	-1.0000005e-02
0	0	6	22	3	T	1.0505170e-01	1.3172466e+02	1.6742589e+02	-9.9999998e-03
0	0	6	22	3	E	8.6514227e-02	1.3251607e+02	1.6205273e+02	-1.0000020e-02
0	0	6	23	0	T	1.0465878e-01	1.4134213e+02	1.6231775e+02	-1.0000002e-02
0	0	6	23	0	E	6.8196051e-02	1.2955585e+02	1.5541826e+02	-1.0000071e-02
0	0	6	23	1	T	8.5983932e-02	1.2623519e+02	1.6203473e+02	-1.0000004e-02
0	0	6	23	1	E	8.7109320e-02	1.3539439e+02	1.5499083e+02	-1.0000002e-02
0	0	6	23	2	T	9.3779266e-02	1.2683386e+02	1.6273462e+02	-9.9999998e-03
0	0	6	23	2	E	6.5434210e-02	1.3129135e+02	1.5527275e+02	-1.0000004e-02
0	0	6	23	3	T	1.0498685e-01	1.2871162e+02	1.6197514e+02	-1.0000001e-02
0	0	6	23	3	E	8.6865179e-02	1.3359312e+02	1.5431572e+02	-1.0000003e-02
0	0	6	24	0	T	9.8793685e-02	1.3302591e+02	1.6014233e+02	-1.0000003e-02
0	0	6	24	0	E	5.6195013e-02	1.3124463e+02	1.6055688e+02	-4.2333722e-01
0	0	6	24	1	T	9.7927749e-02	1.2918993e+02	1.5980736e+02	-1.0000001e-02
0	0	6	24	1	E	7.9800360e-02	1.3513902e+02	1.6113715e+02	-5.9907550e-01
0	0	6	24	2	T	9.8137558e-02	1.2592113e+02	1.5922437e+02	-1.0000001e-02
0	0	6	24	2	E	7.7496283e-02	1.3381488e+02	1.6094148e+02	-4.7220904e-01
0	0	6	24	3	T	9.1042221e-02	1.2246213e+02	1.5978105e+02	-1.0000001e-02
0	0	6	24	3	E	8.0555670e-02	1.3386938e+02	1.5962198e+02	-2.8902853e-01
0	0	6	25	0	T	9.1705978e-02	1.4451416e+02	1.6309023e+02	-9.9999998e-03
0	0	6	25	0	E	6.3610785e-02	1.3971388e+02	1.6358421e+02	-1.0000007e-02
0	0	6	25	1	T	9.2320144e-02	1.3432489e+02	1.6354892e+02	-1.0000001e-02
0	0	6	25	1	E	4.7062628e-02	1.3328307e+02	1.6390514e+02	-1.0000016e-02
0	0	6	25	2	T	9.2768371e-02	1.3398178e+02	1.6259268e+02	-9.9999998e-03
0	0	6	25	2	E	4.4285528e-02	1.3189679e+02	1.6385957e+02	-1.0000002e-02
0	0	6	25	3	T	8.6306274e-02	1.3327693e+02	1.6307867e+02	-9.9999998e-03
0	0	6	25	3	E	7.4848883e-02	1.3754039e+02	1.6357138e+02	-1.6294563e-02
0	0	6	26	0	T	9.1768920e-02	1.4155196e+02	1.6307921e+02	-1.0000007e-02
0	0	6	26	0	E	7.4444525e-02	1.3350075e+02	1.6202533e+02	-1.0000001e-02
0	0	6	26	1	T	9.1595352e-02	1.3046675e+02	1.6317166e+02	-1.0000001e-02
0	0	6	26	1	E	7.3261969e-02	1.3266843e+02	1.6260808e+02	-9.9999998e-03
0	0	6	26	2	T	9.0958297e-02	1.3008578e+02	1.6245917e+02	-9.9999998e-03
0	0	6	26	2	E	7.2094671e-02	1.3013901e+02	1.6232982e+02	-9.9999998e-03
0	0	6	26	3	T	9.2339218e-02	1.2741016e+02	1.6264049e+02	-9.9999998e-03
0	0	6	26	3	E	7.1537726e-02	1.3155606e+02	1.6205988e+02	-9.9999998e-03
0	0	6	27	0	T	8.4244430e-02	1.3762141e+02	1.6059866e+02	-9.9999998e-03
0	0	6	27	0	E	6.8882696e-02	1.3281454e+02	1.5809946e+02	-1.0000017e-02
0	0	6	27	1	T	7.7885330e-02	1.2797771e+02	1.6079428e+02	-9.9999998e-03
0	0	6	27	1	E	6.7219488e-02	1.2869719e+02	1.5845642e+02	-1.0000001e-02
0	0	6	27	2	T	9.2192352e-02	1.2946693e+02	1.6051422e+02	-1.0000002e-02
0	0	6	27	2	E	7.4436896e-02	1.3081636e+02	1.5794922e+02	-1.0000004e-02
0	0	6	27	3	T	7.9907119e-02	1.2629144e+02	1.6157132e+02	-9.9999998e-03
0	0	6	27	3	E	7.5016730e-02	1.3104498e+02	1.5837239e+02	-9.9999998e-03
0	0	6	28	0	T	7.6100051e-02	1.4792047e+02	1.7067973e+02	-1.0000001e-02
0	0	6	28	0	E	8.1120245e-02	1.3497705e+02	1.5661142e+02	-1.0000001e-02
0	0	6	28	1	T	9.8437011e-02	1.4176646e+02	1.7002798e+02	-9.9999998e-03
0	0	6	28	1	E	8.0654852e-02	1.3498730e+02	1.5582069e+02	-1.0000113e-02
0	0	6	28	2	T	9.8829925e-02	1.3948814e+02	1.7119188e+02	-1.0000021e-02
0	0	6	28	2	E	7.9792731e-02	1.3642860e+02	1.5600415e+02	-1.0000101e-02
0	0	6	28	3	T	9.8524749e-02	1.4018800e+02	1.7029611e+02	-9.9999998e-03
0	0	6	28	3	E	7.7206366e-02	1.3552417e+02	1.5509409e+02	-9.9999998e-03
0	0	6	29	0	T	9.0283096e-02	1.3949603e+02	1.6122932e+02	-1.0000004e-02
0	0	6	29	0	E	7.6466314e-02	1.4018420e+02	1.6508881e+02	-1.0000016e-02
0	0	6	29	1	T	7.3944747e-02	1.2809334e+02	1.6070183e+02	-1.0000001e-02
0	0	6	29	1	E	4.8290960e-02	1.3605408e+02	1.6585982e+02	-1.0000002e-02
0	0	6	29	2	T	9.1677368e-02	1.2559307e+02	1.6488210e+02	-2.2151601e+00
0	0	6	29	2	E	5.2197210e-02	1.3812131e+02	1.6428610e+02	-9.9999998e-03
0	0	6	29	3	T	9.2386901e-02	1.2899345e+02	1.6050191e+02	-1.0000023e-02
0	0	6	29	3	E	7.3391668e-02	1.3760843e+02	1.6556822e+02	-1.0000001e-02
0	0	6	30	0	T	1.0349721e-01	1.5176192e+02	1.6572978e+02	-9.9999998e-03
0	0	6	30	0	E	7.8839056e-02	1.3494308e+02	1.5478706e+02	-1.0000014e-02
0	0	6	30	1	T	9.7757995e-02	1.3889781e+02	1.6574792e+02	-9.9999998e-03
0	0	6	30	1	E	8.0509894e-02	1.2946497e+02	1.5517480e+02	-1.0000037e-02
0	0	6	30	2	T	1.0353535e-01	1.3926149e+02	1.6639534e+02	-1.0000007e-02
0	0	6	30	2	E	6.7242377e-02	1.2832841e+02	1.5523737e+02	-9.9999998e-03
0	0	6	30	3	T	7.0961654e-02	1.3317398e+02	1.6566728e+02	-9.9999998e-03
0	0	6	30	3	E	6.0467474e-02	1.2821918e+02	1.5472293e+02	-1.0000013e-02
0	0	6	31	0	T	9.6668899e-02	1.3842783e+02	1.6015567e+02	-9.9999998e-03
0	0	6	31	0	E	8.1059210e-02	1.3086673e+02	1.5735567e+02	-1.0000004e-02
0	0	6	31	1	T	7.6399505e-02	1.2687418e+02	1.6000142e+02	-1.0000001e-02
0	0	6	31	1	E	7.8175299e-02	1.3141010e+02	1.5612793e+02	-1.0000060e-02
0	0	6	31	2	T	9.8055542e-02	1.2779147e+02	1.5921606e+02	-9.9999998e-03
0	0	6	31	2	E	8.0311529e-02	1.3146951e+02	1.5717561e+02	-9.9999998e-03
0	0	6	31	3	T	8.6659133e-02	1.2608223e+02	1.5930215e+02	-1.0000006e-02
0	0	6	31	3	E	5.2334540e-02	1.2462564e+02	1.5704485e+02	-1.0000004e-02
0	0	6	32	0	T	9.0395629e-02	1.4264999e+02	1.6008797e+02	-9.9999998e-03
0	0	6	32	0	E	7.4749701e-02	1.2446441e+02	1.6085423e+02	-1.0000001e-02
0	0	6	32	1	T	9.2299163e-02	1.3304724e+02	1.5963234e+02	-9.9999998e-03
0	0	6	32	1	E	7.2949164e-02	1.2332447e+02	1.6161414e+02	-9.9999998e-03
0	0	6	32	2	T	8.9230239e-02	1.3253033e+02	1.5950293e+02	-1.0000002e-02
0	0	6	32	2	E	7.3391668e-02	1.2413747e+02	1.6137082e+02	-1.0000001e-02
0	0	6	32	3	T	7.3015869e-02	1.2912167e+02	1.6001245e+02	-1.0000002e-02
0	0	6	32	3	E	7.3200934e-02	1.2583581e+02	1.6115338e+02	-9.9999998e-03
0	0	6	33	0	T	9.1890991e-02	1.4806483e+02	1.7038396e+02	-9.9999998e-03
0	0	6	33	0	E	8.0563299e-02	1.3546738e+02	1.5976418e+02	-1.0000109e-02
0	0	6	33	1	T	9.7819030e-02	1.4152489e+02	1.6973036e+02	-1.0000017e-02
0	0	6	33	1	E	8.0631964e-02	1.3307603e+02	1.5892601e+02	-9.9999998e-03
0	0	6	33	2	T	9.7910583e-02	1.4019637e+02	1.7009657e+02	-9.9999998e-03
0	0	6	33	2	E	8.0807440e-02	1.3270131e+02	1.5872836e+02	-9.9999998e-03
0	0	6	33	3	T	8.2226455e-02	1.3730396e+02	1.6941257e+02	-1.0000012e-02
0	0	6	33	3	E	8.0723517e-02	1.3479323e+02	1.5845256e+02	-9.9999998e-03
0	0	6	34	0	T	-5.3193390e-02	1.4168646e+02	1.5275870e+02	-9.9999998e-03
0	0	6	34	0	E	-4.1865595e-02	1.3512396e+02	1.5800635e+02	-9.9999998e-03
0	0	6	34	1	T	-6.1196625e-02	1.3090994e+02	1.5285243e+02	-9.9999998e-03
0	0	6	34	1	E	-4.1140802e-02	1.3628308e+02	1.5754034e+02	-9.9999998e-03
0	0	6	34	2	T	-5.2747071e-02	1.3020857e+02	1.5302950e+02	-9.9999998e-03
0	0	6	34	2	E	-3.8272150e-02	1.3296928e+02	1.5827797e+02	-9.9999998e-03
0	0	6	34	3	T	-6.9299042e-02	1.2644809e+02	1.5303117e+02	-9.9999998e-03
0	0	6	34	3	E	-3.4426935e-02	1.3395409e+02	1.5839288e+02	-9.9999998e-03
0	0	6	35	0	T	-7.1931183e-02	1.4568326e+02	1.6316106e+02	-1.0000021e-02
0	0	6	35	0	E	-6.3235529e-02	1.4465372e+02	1.7079280e+02	-1.0000001e-02
0	0	6	35	1	T	-7.2633088e-02	1.3483626e+02	1.6281558e+02	-9.9999998e-03
0	0	6	35	1	E	-4.1064508e-02	1.4313937e+02	1.7114331e+02	-1.0000003e-02
0	0	6	35	2	T	-7.1467698e-02	1.3629051e+02	1.6274409e+02	-1.0000001e-02
0	0	6	35	2	E	-5.7498224e-02	1.4396016e+02	1.7030878e+02	-1.0000068e-02
0	0	6	35	3	T	-7.2955430e-02	1.3623958e+02	1.6275226e+02	-9.9999998e-03
0	0	6	35	3	E	-3.5479791e-02	1.4526625e+02	1.7013367e+02	-9.9999998e-03
0	0	6	36	0	T	-6.6144288e-02	1.4754462e+02	1.6819443e+02	-9.9999998e-03
0	0	6	36	0	E	-4.5893915e-02	1.3345273e+02	1.6104401e+02	-1.0000035e-02
0	0	6	36	1	T	-6.6300690e-02	1.3726978e+02	1.6762920e+02	-1.0000001e-02
0	0	6	36	1	E	-5.7177790e-02	1.3151576e+02	1.6157747e+02	-1.0000002e-02
0	0	6	36	2	T	-6.6323578e-02	1.3585393e+02	1.6762396e+02	-1.0000028e-02
0	0	6	36	2	E	-4.7442682e-02	1.3271416e+02	1.6085667e+02	-1.0000001e-02
0	0	6	36	3	T	-6.5770447e-02	1.3742239e+02	1.6778673e+02	-9.9999998e-03
0	0	6	36	3	E	-4.6984918e-02	1.3191724e+02	1.6173587e+02	-9.9999998e-03
0	0	6	37	0	T	-7.2360337e-02	1.4344814e+02	1.6422047e+02	-1.0000002e-02
0	0	6	37	0	E	-4.1461237e-02	1.3677031e+02	1.6102011e+02	-1.0000018e-02
0	0	6	37	1	T	-7.2058976e-02	1.3582230e+02	1.6378601e+02	-9.9999998e-03
0	0	6	37	1	E	-4.0644892e-02	1.3740205e+02	1.6017104e+02	-1.0000001e-02
0	0	6	37	2	T	-7.1959794e-02	1.3480997e+02	1.6400664e+02	-9.9999998e-03
0	0	6	37	2	E	-6.3121088e-02	1.3305057e+02	1.5972394e+02	-1.0000006e-02
0	0	6	37	3	T	-7.9385102e-02	1.3155342e+02	1.6399805e+02	-9.9999998e-03
0	0	6	37	3	E	-4.3269403e-02	1.3411876e+02	1.6015375e+02	-1.0000003e-02
0	0	6	38	0	T	-7.1067154e-02	1.3430070e+02	1.5433972e+02	-1.0000001e-02
0	0	6	38	0	E	-4.4215448e-02	1.3568248e+02	1.5917081e+02	-9.9999998e-03
0	0	6	38	1	T	-8.3102524e-02	1.2653516e+02	1.5418553e+02	-9.9999998e-03
0	0	6	38	1	E	-4.0232904e-02	1.3745415e+02	1.5921477e+02	-9.9999998e-03
0	0	6	38	2	T	-7.1444809e-02	1.2651725e+02	1.5424640e+02	-9.9999998e-03
0	0	6	38	2	E	-4.0187128e-02	1.3591229e+02	1.5808168e+02	-1.0000005e-02
0	0	6	38	3	T	-7.1482956e-02	1.2552081e+02	1.5492703e+02	-9.9999998e-03
0	0	6	38	3	E	-4.0408380e-02	1.3695418e+02	1.5837962e+02	-1.0000002e-02
0	0	6	39	0	T	-6.5327942e-02	1.4166501e+02	1.6252428e+02	-1.0000001e-02
0	0	6	39	0	E	-6.1457880e-02	1.2763299e+02	1.5643265e+02	-9.9999998e-03
0	0	6	39	1	T	-6.5591156e-02	1.3351279e+02	1.6182118e+02	-9.9999998e-03
0	0	6	39	1	E	-3.9790399e-02	1.3381668e+02	1.5659280e+02	-9.9999998e-03
0	0	6	39	2	T	-6.5196335e-02	1.2906091e+02	1.6227260e+02	-9.9999998e-03
0	0	6	39	2	E	-4.0309198e-02	1.3218694e+02	1.5642256e+02	-9.9999998e-03
0	0	6	39	3	T	-6.5036118e-02	1.3015520e+02	1.6177798e+02	-1.0000019e-02
0	0	6	39	3	E	-4.4627436e-02	1.3071581e+02	1.5612248e+02	-1.0000003e-02
0	0	6	40	0	T	-6.6415131e-02	1.5011867e+02	1.6882744e+02	-9.9999998e-03
0	0	6	40	0	E	-4.6321161e-02	1.3085658e+02	1.5589357e+02	-1.0000001e-02
0	0	6	40	1	T	-7.8034699e-02	1.3915323e+02	1.6974069e+02	-1.0000002e-02
0	0	6	40	1	E	-5.1341303e-02	1.3093990e+02	1.5584578e+02	-1.0000004e-02
0	0	6	40	2	T	-7.8078568e-02	1.3798648e+02	1.6934305e+02	-9.9999998e-03
0	0	6	40	2	E	-4.7251947e-02	1.2728352e+02	1.5596060e+02	-9.9999998e-03
0	0	6	40	3	T	-7.8231156e-02	1.3810268e+02	1.6909929e+02	-1.0000001e-02
0	0	6	40	3	E	-4.7625788e-02	1.3020348e+02	1.5580400e+02	-9.9999998e-03
0	0	6	41	0	T	-6.8629563e-02	1.4253288e+02	1.5500220e+02	-1.0000001e-02
0	0	6	41	0	E	-4.6969660e-02	1.2759980e+02	1.5629794e+02	-9.9999998e-03
0	0	6	41	1	T	-7.7910721e-02	1.3083464e+02	1.5504050e+02	-1.0000004e-02
0	0	6	41	1	E	-4.6885736e-02	1.2638671e+02	1.5703470e+02	-9.9999998e-03
0	0	6	41	2	T	-6.5686524e-02	1.3404897e+02	1.5486505e+02	-9.9999998e-03
0	0	6	41	2	E	-4.6168573e-02	1.2704724e+02	1.5613049e+02	-9.9999998e-03
0	0	6	41	3	T	-7.7784836e-02	1.3115852e+02	1.5489412e+02	-9.9999998e-03
0	0	6	41	3	E	-4.7511347e-02	1.2706859e+02	1.5590594e+02	-1.0000038e-02
0	0	6	42	0	T	-7.2264969e-02	1.3994539e+02	1.5993571e+02	-9.9999998e-03
0	0	6	42	0	E	-4.1651972e-02	1.3453790e+02	1.6068797e+02	-9.9999998e-03
0	0	6	42	1	T	-7.1931183e-02	1.3312869e+02	1.5904309e+02	-1.0000001e-02
0	0	6	42	1	E	-4.0606745e-02	1.2868591e+02	1.6162587e+02	-1.0000002e-02
0	0	6	42	2	T	-8.4000885e-02	1.3158643e+02	1.5901003e+02	-1.0000051e-02
0	0	6	42	2	E	-4.0667780e-02	1.3055916e+02	1.6023578e+02	-1.0000003e-02
0	0	6	42	3	T	-8.3937943e-02	1.2982286e+02	1.5973927e+02	-1.0000001e-02
0	0	6	42	3	E	-4.2277582e-02	1.2639738e+02	1.6107832e+02	-1.0000073e-02
0	0	6	43	0	T	-6.6018403e-02	1.4911856e+02	1.6338393e+02	-1.0000010e-02
0	0	6	43	0	E	-4.8968561e-02	1.3869801e+02	1.6613744e+02	-1.0000002e-02
0	0	6	43	1	T	-6.8948090e-02	1.3896953e+02	1.6381145e+02	-9.9999998e-03
0	0	6	43	1	E	-4.6290644e-02	1.3857771e+02	1.6588017e+02	-1.0000006e-02
0	0	6	43	2	T	-6.5781891e-02	1.3814085e+02	1.6292024e+02	-1.0000028e-02
0	0	6	43	2	E	-4.8808344e-02	1.3795312e+02	1.6484071e+02	-1.0000046e-02
0	0	6	43	3	T	-6.8103135e-02	1.3750336e+02	1.6458577e+02	-1.0562235e+00
0	0	6	43	3	E	-4.6504267e-02	1.3742293e+02	1.6595149e+02	-9.9999998e-03
0	0	6	44	0	T	-7.7967942e-02	1.3321082e+02	1.5433203e+02	-9.9999998e-03
0	0	6	44	0	E	-4.0011652e-02	1.2915883e+02	1.5356874e+02	-9.9999998e-03
0	0	6	44	1	T	-7.1614563e-02	1.2550460e+02	1.5474725e+02	-9.9999998e-03
0	0	6	44	1	E	-4.3322809e-02	1.2674841e+02	1.5353142e+02	-9.9999998e-03
0	0	6	44	2	T	-7.2488129e-02	1.2395689e+02	1.5858604e+02	-2.2710257e+00
0	0	6	44	2	E	-4.0026911e-02	1.2832677e+02	1.5364581e+02	-1.0000002e-02
0	0	6	44	3	T	-8.3152115e-02	1.2400042e+02	1.5397992e+02	-9.9999998e-03
0	0	6	44	3	E	-3.9363153e-02	1.2892194e+02	1.5382834e+02	-1.0000001e-02
0	0	6	45	0	T	-6.5404236e-02	1.4056242e+02	1.6147583e+02	-1.0000001e-02
0	0	6	45	0	E	-4.6336420e-02	1.3142903e+02	1.6319832e+02	-1.0000034e-02
0	0	6	45	1	T	-6.7639649e-02	1.3288643e+02	1.6208194e+02	-9.9999998e-03
0	0	6	45	1	E	-4.8777826e-02	1.3153572e+02	1.6298570e+02	-9.9999998e-03
0	0	6	45	2	T	-6.7252457e-02	1.2632439e+02	1.6161272e+02	-9.9999998e-03
0	0	6	45	2	E	-4.6153314e-02	1.3339284e+02	1.6264377e+02	-1.0000002e-02
0	0	6	45	3	T	-6.7221940e-02	1.2950745e+02	1.6187837e+02	-9.9999998e-03
0	0	6	45	3	E	-4.6550043e-02	1.3068700e+02	1.6252539e+02	-1.0000001e-02
0	0	6	46	0	T	-6.5993607e-02	1.4632893e+02	1.6851669e+02	-1.0000004e-02
0	0	6	46	0	E	-5.2890070e-02	1.3567047e+02	1.5784016e+02	-1.0000149e-02
0	0	6	46	1	T	-6.6031754e-02	1.3607626e+02	1.6847574e+02	-9.9999998e-03
0	0	6	46	1	E	-4.6183832e-02	1.3763071e+02	1.5788342e+02	-9.9999998e-03
0	0	6	46	2	T	-6.5657914e-02	1.3510863e+02	1.6749159e+02	-1.0000006e-02
0	0	6	46	2	E	-5.7849176e-02	1.3523959e+02	1.5785490e+02	-1.0000001e-02
0	0	6	46	3	T	-6.5732300e-02	1.3477861e+02	1.6808691e+02	-1.0000002e-02
0	0	6	46	3	E	-4.6206720e-02	1.3719014e+02	1.5751614e+02	-1.0000004e-02
0	0	6	47	0	T	-6.5980256e-02	1.4466243e+02	1.6613275e+02	-1.0000001e-02
0	0	6	47	0	E	-6.3182123e-02	1.3203845e+02	1.5762541e+02	-1.0000001e-02
0	0	6	47	1	T	-6.6132843e-02	1.3410815e+02	1.6577730e+02	-9.9999998e-03
0	0	6	47	1	E	-4.9006708e-02	1.3185707e+02	1.5848734e+02	-1.0000001e-02
0	0	6	47	2	T	-6.7075074e-02	1.3147411e+02	1.6570274e+02	-9.9999998e-03
0	0	6	47	2	E	-4.6580561e-02	1.3088774e+02	1.5795241e+02	-9.9999998e-03
0	0	6	47	3	T	-6.8339646e-02	1.3120580e+02	1.6596953e+02	-9.9999998e-03
0	0	6	47	3	E	-6.1953790e-02	1.2955478e+02	1.5874165e+02	-1.0000007e-02
0	0	6	48	0	T	-7.1666062e-02	1.3469128e+02	1.5609758e+02	-9.9999998e-03
0	0	6	48	0	E	-4.0766962e-02	1.4094810e+02	1.6663564e+02	-9.9999998e-03
0	0	6	48	1	T	-7.1458161e-02	1.2512144e+02	1.5529475e+02	-1.0000001e-02
0	0	6	48	1	E	-6.3616998e-02	1.3680167e+02	1.6659682e+02	-9.9999998e-03
0	0	6	48	2	T	-7.0601761e-02	1.2292786e+02	1.5642062e+02	-1.0000004e-02
0	0	6	48	2	E	-4.7419794e-02	1.4020488e+02	1.6588463e+02	-1.0000001e-02
0	0	6	48	3	T	-7.1727097e-02	1.2281059e+02	1.5596297e+02	-1.0000001e-02
0	0	6	48	3	E	-4.7801264e-02	1.3679744e+02	1.6650781e+02	-1.0000001e-02
0	0	6	49	0	T	-6.5539658e-02	1.3891956e+02	1.6074811e+02	-9.9999998e-03
0	0	6	49	0	E	-4.0179498e-02	1.2742590e+02	1.5585130e+02	-9.9999998e-03
0	0	6	49	1	T	-6.5095246e-02	1.3145320e+02	1.6074677e+02	-1.0000009e-02
0	0	6	49	1	E	-3.9798029e-02	1.2681516e+02	1.5632422e+02	-1.0000014e-02
0	0	6	49	2	T	-6.5501511e-02	1.3275768e+02	1.6007877e+02	-9.9999998e-03
0	0	6	49	2	E	-4.0065058e-02	1.2738148e+02	1.5460121e+02	-1.0000003e-02
0	0	6	49	3	T	-6.5720856e-02	1.2703781e+02	1.6113148e+02	-9.9999998e-03
0	0	6	49	3	E	-6.3822992e-02	1.2385876e+02	1.5530461e+02	-9.9999998e-03
0	0	6	50	0	T	-6.4648926e-02	1.4968297e+02	1.6474649e+02	-1.0000005e-02
0	0	6	50	0	E	-4.1957147e-02	1.3065274e+02	1.6235172e+02	-9.9999998e-03
0	0	6	50	1	T	-6.6325486e-02	1.3743234e+02	1.6486487e+02	-1.0000003e-02
0	0	6	50	1	E	-4.2193659e-02	1.3537479e+02	1.6161592e+02	-1.0000008e-02
0	0	6	50	2	T	-6.5486252e-02	1.3771840e+02	1.6355602e+02	-9.9999998e-03
0	0	6	50	2	E	-4.0484674e-02	1.3093488e+02	1.6190204e+02	-9.9999998e-03
0	0	6	50	3	T	-6.7162812e-02	1.3508202e+02	1.6465033e+02	-9.9999998e-03
0	0	6	50	3	E	-4.0683039e-02	1.3151170e+02	1.6245113e+02	-9.9999998e-03
0	0	6	51	0	T	-2.0217067e-01	1.3571645e+02	1.5724988e+02	-1.7934239e+00
0	0	6	51	0	E	-1.2980962e-01	1.3554765e+02	1.6414989e+02	-1.0000017e-02
0	0	6	51	1	T	-1.9211704e-01	1.3016202e+02	1.5694519e+02	-1.6030418e+00
0	0	6	51	1	E	-1.2567449e-01	1.3507712e+02	1.6384207e+02	-1.0000003e-02
0	0	6	51	2	T	-1.9865161e-01	1.2883595e+02	1.5708737e+02	-1.4841210e+00
0	0	6	51	2	E	-1.4184880e-01	1.3073871e+02	1.6399797e+02	-9.9999998e-03
0	0	6	51	3	T	-1.9947368e-01	1.2706337e+02	1.5680025e+02	-1.5366427e+00
0	0	6	51	3	E	-1.3335729e-01	1.3189749e+02	1.6414380e+02	-9.9999998e-03
0	0	6	52	0	T	-1.8094569e-01	1.4758043e+02	1.6466513e+02	-1.0892717e+00
0	0	6	52	0	E	-1.4355016e-01	1.3946524e+02	1.6659343e+02	-9.9999998e-03
0	0	6	52	1	T	-1.7446262e-01	1.3822173e+02	1.6447269e+02	-9.5609099e-01
0	0	6	52	1	E	-1.4531255e-01	1.3997298e+02	1.6593155e+02	-9.9999998e-03
0	0	6	52	2	T	-1.9292957e-01	1.3444156e+02	1.6552917e+02	-1.4813136e+00
0	0	6	52	2	E	-1.5965581e-01	1.3654942e+02	1.6619070e+02	-1.0000005e-02
0	0	6	52	3	T	-1.7414981e-01	1.3694479e+02	1.6422385e+02	-7.6729339e-01
0	0	6	52	3	E	-1.4578557e-01	1.3939940e+02	1.6559465e+02	-1.0000002e-02
0	0	6	53	0	T	-1.0173732e-01	1.3848323e+02	1.5340904e+02	-1.0000004e-02
0	0	6	53	0	E	-7.2001703e-02	1.3608151e+02	1.6456027e+02	-9.9999998e-03
0	0	6	53	1	T	-1.0172588e-01	1.2961821e+02	1.5211415e+02	-1.0000001e-02
0	0	6	53	1	E	-8.4132440e-02	1.3852077e+02	1.6385925e+02	-1.0000012e-02
0	0	6	53	2	T	-1.0213214e-01	1.3133911e+02	1.5324150e+02	-1.0000002e-02
0	0	6	53	2	E	-7.1131952e-02	1.3833844e+02	1.6410097e+02	-9.9999998e-03
0	0	6	53	3	T	-1.0185176e-01	1.3014899e+02	1.5261055e+02	-1.0000001e-02
0	0	6	53	3	E	-7.2695978e-02	1.3892166e+02	1.6456467e+02	-1.0000002e-02
0	0	6	54	0	T	-1.0179645e-01	1.4166187e+02	1.5696701e+02	-9.9999998e-03
0	0	6	54	0	E	-8.3354242e-02	1.3564572e+02	1.5975038e+02	-9.9999998e-03
0	0	6	54	1	T	-1.0124141e-01	1.3043282e+02	1.5615083e+02	-1.0000001e-02
0	0	6	54	1	E	-8.2705744e-02	1.3049330e+02	1.6036496e+02	-9.9999998e-03
0	0	6	54	2	T	-1.0176212e-01	1.3159976e+02	1.5619257e+02	-1.0000002e-02
0	0	6	54	2	E	-7.0468195e-02	1.3518549e+02	1.5977573e+02	-9.9999998e-03
0	0	6	54	3	T	-1.0186511e-01	1.2970615e+02	1.5624187e+02	-9.9999998e-03
0	0	6	54	3	E	-7.1093805e-02	1.3438086e+02	1.6011583e+02	-9.9999998e-03
0	0	6	55	0	T	-1.0802203e-01	1.4920810e+02	1.5763469e+02	-1.0000007e-02
0	0	6	55	0	E	-7.3550470e-02	1.3472295e+02	1.6163475e+02	-1.0000001e-02
0	0	6	55	1	T	-1.0804111e-01	1.3939886e+02	1.5718115e+02	-9.9999998e-03
0	0	6	55	1	E	-7.1711786e-02	1.3446652e+02	1.6215154e+02	-1.0000001e-02
0	0	6	55	2	T	-1.2417537e-01	1.3477490e+02	1.5818056e+02	-1.0000001e-02
0	0	6	55	2	E	-7.1269281e-02	1.3259038e+02	1.6217261e+02	-1.0000001e-02
0	0	6	55	3	T	-1.0858089e-01	1.3460985e+02	1.5725011e+02	-9.9999998e-03
0	0	6	55	3	E	-8.5170038e-02	1.3133112e+02	1.6120155e+02	-9.9999998e-03
0	0	6	56	0	T	-1.3198596e-01	1.4604016e+02	1.6141411e+02	-1.0000004e-02
0	0	6	56	0	E	-1.0702825e-01	1.3429630e+02	1.6267694e+02	-1.0000004e-02
0	0	6	56	1	T	-1.2014896e-01	1.3632971e+02	1.6275063e+02	-1.0000001e-02
0	0	6	56	1	E	-9.8536737e-02	1.3585905e+02	1.6337601e+02	-9.9999998e-03
0	0	6	56	2	T	-1.3226444e-01	1.3415187e+02	1.6293007e+02	-1.0000004e-02
0	0	6	56	2	E	-8.3209284e-02	1.3893752e+02	1.6245677e+02	-1.0000001e-02
0	0	6	56	3	T	-1.2116367e-01	1.3438885e+02	1.6312941e+02	-1.0000003e-02
0	0	6	56	3	E	-8.3132990e-02	1.3800464e+02	1.6299898e+02	-1.0000008e-02
0	0	6	57	0	T	-1.2592059e-01	1.4068292e+02	1.5780000e+02	-9.9999998e-03
0	0	6	57	0	E	-8.9152582e-02	1.3285718e+02	1.5911124e+02	-9.9999998e-03
0	0	6	57	1	T	-1.2640315e-01	1.3086934e+02	1.5795116e+02	-9.9999998e-03
0	0	6	57	1	E	-8.8893183e-02	1.3297060e+02	1.5873175e+02	-9.9999998e-03
0	0	6	57	2	T	-1.2602550e-01	1.3129285e+02	1.5760979e+02	-1.0000002e-02
0	0	6	57	2	E	-8.9541681e-02	1.3315410e+02	1.5908739e+02	-1.0000001e-02
0	0	6	57	3	T	-1.2639171e-01	1.3108878e+02	1.5859903e+02	-9.9999998e-03
0	0	6	57	3	E	-1.0113073e-01	1.2851385e+02	1.5979642e+02	-9.9999998e-03
0	0	6	58	0	T	-1.2152225e-01	1.4002475e+02	1.5962801e+02	-1.0000001e-02
0	0	6	58	0	E	-8.2858332e-02	1.3012057e+02	1.5105595e+02	-1.0000008e-02
0	0	6	58	1	T	-1.2137538e-01	1.3004579e+02	1.5945650e+02	-1.0000012e-02
0	0	6	58	1	E	-8.7931879e-02	1.2870438e+02	1.5044659e+02	-9.9999998e-03
0	0	6	58	2	T	-1.1971599e-01	1.2923813e+02	1.5910550e+02	-9.9999998e-03
0	0	6	58	2	E	-8.3033808e-02	1.2901376e+02	1.5085477e+02	-1.0000002e-02
0	0	6	58	3	T	-1.3196689e-01	1.2800864e+02	1.6072516e+02	-1.0000004e-02
0	0	6	58	3	E	-8.2957514e-02	1.2725036e+02	1.5092279e+02	-9.9999998e-03
0	0	6	59	0	T	-1.2100345e-01	1.4206927e+02	1.6051065e+02	-1.0000023e-02
0	0	6	59	0	E	-8.7153681e-02	1.2690161e+02	1.5839725e+02	-1.0000001e-02
0	0	6	59	1	T	-1.0864574e-01	1.3540895e+02	1.6043898e+02	-1.0000014e-02
0	0	6	59	1	E	-8.0447443e-02	1.2862621e+02	1.5864384e+02	-1.0000002e-02
0	0	6	59	2	T	-1.1929637e-01	1.3108870e+02	1.5952197e+02	-1.0000003e-02
0	0	6	59	2	E	-7.6724298e-02	1.2685479e+02	1.5851338e+02	-9.9999998e-03
0	0	6	59	3	T	-1.0715801e-01	1.3413989e+02	1.6129839e+02	-1.0000002e-02
0	0	6	59	3	E	-7.6953180e-02	1.3064534e+02	1.5859355e+02	-1.0000017e-02
0	0	6	60	0	T	-1.2026912e-01	1.4163429e+02	1.6210127e+02	-1.0000001e-02
0	0	6	60	0	E	-7.1452387e-02	1.3051173e+02	1.5951099e+02	-1.0000020e-02
0	0	6	60	1	T	-1.0191470e-01	1.3578877e+02	1.6304689e+02	-9.9999998e-03
0	0	6	60	1	E	-7.3077448e-02	1.3240051e+02	1.5850806e+02	-9.9999998e-03
0	0	6	60	2	T	-1.0224277e-01	1.3683421e+02	1.6288510e+02	-9.9999998e-03
0	0	6	60	2	E	-7.1131952e-02	1.3194154e+02	1.5895204e+02	-9.9999998e-03
0	0	6	60	3	T	-1.0163432e-01	1.3468526e+02	1.6274133e+02	-9.9999998e-03
0	0	6	60	3	E	-7.1322687e-02	1.3128488e+02	1.5878888e+02	-9.9999998e-03
0	0	6	61	0	T	-7.7822983e-02	1.4080026e+02	1.5955336e+02	-1.0000001e-02
0	0	6	61	0	E	-7.6312311e-02	1.3897377e+02	1.6864278e+02	-9.9999998e-03
0	0	6	61	1	T	-8.0357850e-02	1.3069208e+02	1.5958803e+02	-9.9999998e-03
0	0	6	61	1	E	-5.8673151e-02	1.4141106e+02	1.6731801e+02	-9.9999998e-03
0	0	6	61	2	T	-9.5645249e-02	1.2639745e+02	1.5884250e+02	-1.0000006e-02
0	0	6	61	2	E	-5.8406122e-02	1.4049054e+02	1.6734709e+02	-9.9999998e-03
0	0	6	61	3	T	-7.7496827e-02	1.2995845e+02	1.5933865e+02	-1.0000001e-02
0	0	6	61	3	E	-7.4549921e-02	1.3773506e+02	1.6811163e+02	-1.0000014e-02
0	0	6	62	0	T	-7.1198761e-02	1.3938612e+02	1.5811934e+02	-1.0000003e-02
0	0	6	62	0	E	-8.8282831e-02	1.2132819e+02	1.5617586e+02	-1.0000037e-02
0	0	6	62	1	T	-7.1404755e-02	1.3117766e+02	1.5733463e+02	-9.9999998e-03
0	0	6	62	1	E	-5.8192499e-02	1.2488090e+02	1.5581120e+02	-9.9999998e-03
0	0	6	62	2	T	-8.1544220e-02	1.2698926e+02	1.5792917e+02	-1.0000004e-02
0	0	6	62	2	E	-5.8551081e-02	1.2533602e+02	1.5534224e+02	-1.0000013e-02
0	0	6	62	3	T	-7.3138535e-02	1.2903435e+02	1.5773857e+02	-1.0000004e-02
0	0	6	62	3	E	-5.7719477e-02	1.2502907e+02	1.5485268e+02	-1.0000006e-02
0	0	6	63	0	T	-7.6852143e-02	1.3721335e+02	1.5339595e+02	-1.0000004e-02
0	0	6	63	0	E	-8.0882318e-02	1.2952277e+02	1.5549210e+02	-1.0000002e-02
0	0	6	63	1	T	-7.6842606e-02	1.2743626e+02	1.5377679e+02	-9.9999998e-03
0	0	6	63	1	E	-5.8451898e-02	1.2906467e+02	1.5706526e+02	-1.0000007e-02
0	0	6	63	2	T	-7.7296555e-02	1.2705467e+02	1.5351474e+02	-1.0000045e-02
0	0	6	63	2	E	-5.8108576e-02	1.3227588e+02	1.5600443e+02	-1.0000003e-02
0	0	6	63	3	T	-7.7035248e-02	1.2852245e+02	1.5408163e+02	-1.0000009e-02
0	0	6	63	3	E	-5.8413751e-02	1.3013644e+02	1.5554446e+02	-9.9999998e-03
0	0	7	0	0	T	8.8907897e-02	1.3884367e+02	1.6228162e+02	-1.0000001e-02
0	0	7	0	0	E	7.4536078e-02	1.3084879e+02	1.5660164e+02	-1.0000002e-02
0	0	7	0	1	T	8.9251220e-02	1.2837788e+02	1.6238148e+02	-9.9999998e-03
0	0	7	0	1	E	5.2586310e-02	1.2597784e+02	1.5611121e+02	-1.0000011e-02
0	0	7	0	2	T	8.6395919e-02	1.2528254e+02	1.6204562e+02	-9.9999998e-03
0	0	7	0	2	E	7.4902289e-02	1.2862090e+02	1.5608104e+02	-9.9999998e-03
0	0	7	0	3	T	8.9678466e-02	1.2630520e+02	1.6178668e+02	-9.9999998e-03
0	0	7	0	3	E	5.8232062e-02	1.2902586e+02	1.5581421e+02	-1.0000001e-02
0	0	7	1	0	T	9.1791809e-02	1.4348814e+02	1.6560316e+02	-9.9999998e-03
0	0	7	1	0	E	7.0805304e-02	1.3188089e+02	1.5927927e+02	-1.0000050e-02
0	0	7	1	1	T	9.1301620e-02	1.3307410e+02	1.6539752e+02	-1.0000001e-02
0	0	7	1	1	E	7.4261419e-02	1.3236298e+02	1.5839413e+02	-1.0000012e-02
0	0	7	1	2	T	9.1410339e-02	1.3489268e+02	1.6533202e+02	-9.9999998e-03
0	0	7	1	2	E	7.3620550e-02	1.3230719e+02	1.5901474e+02	-1.0000004e-02
0	0	7	1	3	T	9.2838943e-02	1.3178226e+02	1.6518730e+02	-1.0000001e-02
0	0	7	1	3	E	7.4955694e-02	1.3271448e+02	1.5938257e+02	-1.0000003e-02
0	0	7	2	0	T	8.8865936e-02	1.4171762e+02	1.6639394e+02	-1.0000003e-02
0	0	7	2	0	E	7.4925177e-02	1.2885352e+02	1.6441138e+02	-1.0000002e-02
0	0	7	2	1	T	9.2007339e-02	1.3345120e+02	1.6569243e+02	-1.0000004e-02
0	0	7	2	1	E	7.4017279e-02	1.2904144e+02	1.6413646e+02	-9.9999998e-03
0	0	7	2	2	T	9.2140853e-02	1.3224300e+02	1.6631694e+02	-1.0000007e-02
0	0	7	2	2	E	5.3715460e-02	1.2657673e+02	1.6399304e+02	-1.0000010e-02
0	0	7	2	3	T	9.1948211e-02	1.3262320e+02	1.6616629e+02	-1.0000017e-02
0	0	7	2	3	E	5.0297491e-02	1.2659820e+02	1.6337921e+02	-9.9999998e-03
0	0	7	3	0	T	7.2582901e-02	1.3711261e+02	1.6281088e+02	-1.0000013e-02
0	0	7	3	0	E	4.6948187e-02	1.2652477e+02	1.5984363e+02	-9.9999998e-03
0	0	7	3	1	T	9.2810333e-02	1.3366034e+02	1.6261118e+02	-1.0000009e-02
0	0	7	3	1	E	6.6212408e-02	1.3133038e+02	1.5996339e+02	-1.0000003e-02
0	0	7	3	2	T	9.2358291e-02	1.3198213e+02	1.6214590e+02	-9.9999998e-03
0	0	7	3	2	E	7.4833624e-02	1.3384726e+02	1.5948698e+02	-1.0000015e-02
0	0	7	3	3	T	9.2547119e-02	1.3003165e+02	1.6239954e+02	-9.9999998e-03
0	0	7	3	3	E	5.3745978e-02	1.3115126e+02	1.5935695e+02	-9.9999998e-03
0	0	7	4	0	T	9.1339767e-02	1.4518695e+02	1.6537347e+02	-1.0000020e-02
0	0	7	4	0	E	4.5086615e-02	1.2715556e+02	1.6829201e+02	-9.9999998e-03
0	0	7	4	1	T	8.0385864e-02	1.3429831e+02	1.6668367e+02	-9.9999998e-03
0	0	7	4	1	E	7.3918097e-02	1.3202357e+02	1.6907988e+02	-1.0000014e-02
0	0	7	4	2	T	9.1671646e-02	1.3677213e+02	1.6637416e+02	-9.9999998e-03
0	0	7	4	2	E	7.1949713e-02	1.3088707e+02	1.6815114e+02	-1.0000001e-02
0	0	7	4	3	T	9.1820419e-02	1.3430569e+02	1.6648404e+02	-1.0000001e-02
0	0	7	4	3	E	7.4177496e-02	1.3107420e+02	1.6859703e+02	-1.0000081e-02
0	0	7	5	0	T	7.8198135e-02	1.3630612e+02	1.5645517e+02	-1.0000010e-02
0	0	7	5	0	E	6.9393866e-02	1.3329277e+02	1.6027495e+02	-1.0000001e-02
0	0	7	5	1	T	8.7200820e-02	1.2749976e+02	1.5493297e+02	-1.0000001e-02
0	0	7	5	1	E	7.2811835e-02	1.3256937e+02	1.5983658e+02	-9.9999998e-03
0	0	7	5	2	T	6.2456787e-02	1.2108277e+02	1.5507024e+02	-9.9999998e-03
0	0	7	5	2	E	5.0640814e-02	1.2811531e+02	1.6023726e+02	-1.0000049e-02
0	0	7	5	3	T	9.1746032e-02	1.2620483e+02	1.5496248e+02	-9.9999998e-03
0	0	7	5	3	E	6.3130133e-02	1.3130869e+02	1.5961069e+02	-1.0000001e-02
0	0	7	6	0	T	8.4902465e-02	1.5031943e+02	1.7338167e+02	-9.9999998e-03
0	0	7	6	0	E	4.5284979e-02	1.2455317e+02	1.5797368e+02	-1.0000001e-02
0	0	7	6	1	T	9.2634857e-02	1.3859050e+02	1.7380908e+02	-1.0000003e-02
0	0	7	6	1	E	7.2674505e-02	1.2906688e+02	1.5713092e+02	-9.9999998e-03
0	0	7	6	2	T	7.2336853e-02	1.3581616e+02	1.7366785e+02	-9.9999998e-03
0	0	7	6	2	E	7.4597113e-02	1.2681446e+02	1.5751169e+02	-1.0000001e-02
0	0	7	6	3	T	8.4173858e-02	1.3572104e+02	1.7357480e+02	-9.9999998e-03
0	0	7	6	3	E	7.3963873e-02	1.2619780e+02	1.5748543e+02	-9.9999998e-03
0	0	7	7	0	T	9.1870010e-02	1.4297148e+02	1.6850858e+02	-9.9999998e-03
0	0	7	7	0	E	6.8234198e-02	1.1942409e+02	1.6087819e+02	-1.0000020e-02
0	0	7	7	1	T	6.1672866e-02	1.2605989e+02	1.6775037e+02	-1.0000001e-02
0	0	7	7	1	E	7.0858710e-02	1.1998610e+02	1.6076930e+02	-9.9999998e-03
0	0	7	7	2	T	7.9252899e-02	1.2840384e+02	1.6812115e+02	-1.0000001e-02
0	0	7	7	2	E	6.1764471e-02	1.1833952e+02	1.6083066e+02	-9.9999998e-03
0	0	7	7	3	T	9.0986907e-02	1.2677654e+02	1.6866670e+02	-9.9999998e-03
0	0	7	7	3	E	7.4558966e-02	1.1888638e+02	1.6058008e+02	-9.9999998e-03
0	0	7	8	0	T	9.2140853e-02	1.4017606e+02	1.6810011e+02	-1.0000001e-02
0	0	7	8	0	E	7.4185126e-02	1.1715399e+02	1.5254346e+02	-9.9999998e-03
0	0	7	8	1	T	8.8352859e-02	1.2998485e+02	1.6727960e+02	-9.9999998e-03
0	0	7	8	1	E	6.2931769e-02	1.1857477e+02	1.5174086e+02	-9.9999998e-03
0	0	7	8	2	T	9.1494262e-02	1.2718098e+02	1.6751596e+02	-9.9999998e-03
0	0	7	8	2	E	7.4749701e-02	1.1773492e+02	1.5168413e+02	-9.9999998e-03
0	0	7	8	3	T	9.0162933e-02	1.2468700e+02	1.6725195e+02	-9.9999998e-03
0	0	7	8	3	E	7.4757330e-02	1.1660604e+02	1.5253723e+02	-1.0000004e-02
0	0	7	9	0	T	9.0870559e-02	1.4230725e+02	1.6320416e+02	-9.9999998e-03
0	0	7	9	0	E	7.4902289e-02	1.2668176e+02	1.5495302e+02	-9.9999998e-03
0	0	7	9	1	T	7.5903594e-02	1.2576739e+02	1.6264792e+02	-9.9999998e-03
0	0	7	9	1	E	6.6372626e-02	1.2554302e+02	1.5591716e+02	-9.9999998e-03
0	0	7	9	2	T	7.4946105e-02	1.2662014e+02	1.6318947e+02	-9.9999998e-03
0	0	7	9	2	E	5.7453863e-02	1.2285356e+02	1.5561913e+02	-1.0000001e-02
0	0	7	9	3	T	9.1612518e-02	1.2923605e+02	1.6300078e+02	-9.9999998e-03
0	0	7	9	3	E	4.4552557e-02	1.1974847e+02	1.5611771e+02	-1.0000012e-02
0	0	7	10	0	T	9.2610061e-02	1.3506792e+02	1.6269449e+02	-9.9999998e-03
0	0	7	10	0	E	5.4722540e-02	1.2786343e+02	1.5895085e+02	-1.0000004e-02
0	0	7	10	1	T	9.2362106e-02	1.2611509e+02	1.6146585e+02	-1.0000002e-02
0	0	7	10	1	E	7.5108282e-02	1.2974356e+02	1.5922356e+02	-1.0000013e-02
0	0	7	10	2	T	9.0328872e-02	1.2609553e+02	1.6218036e+02	-9.9999998e-03
0	0	7	10	2	E	7.5024359e-02	1.3137334e+02	1.5740703e+02	-1.0000047e-02
0	0	7	10	3	T	9.3075454e-02	1.2469174e+02	1.6157253e+02	-9.9999998e-03
0	0	7	10	3	E	7.4810736e-02	1.2865007e+02	1.5867525e+02	-1.0000045e-02
0	0	7	11	0	T	9.1293991e-02	1.2748992e+02	1.5379755e+02	-9.9999998e-03
0	0	7	11	0	E	7.4375860e-02	1.1621184e+02	1.5165411e+02	-1.0000001e-02
0	0	7	11	1	T	9.2581451e-02	1.1824252e+02	1.5337675e+02	-9.9999998e-03
0	0	7	11	1	E	7.4681036e-02	1.1591266e+02	1.5089757e+02	-1.0000074e-02
0	0	7	11	2	T	9.2083633e-02	1.1763531e+02	1.5233806e+02	-1.0000004e-02
0	0	7	11	2	E	7.4452154e-02	1.1549364e+02	1.5123268e+02	-1.0000030e-02
0	0	7	11	3	T	9.0838134e-02	1.1550032e+02	1.5335275e+02	-9.9999998e-03
0	0	7	11	3	E	5.4371588e-02	1.1270135e+02	1.5019994e+02	-1.0000002e-02
0	0	7	12	0	T	9.2430770e-02	1.3754523e+02	1.6153528e+02	-1.3467520e-02
0	0	7	12	0	E	7.3971502e-02	1.2923012e+02	1.6219196e+02	-1.0000001e-02
0	0	7	12	1	T	9.1292083e-02	1.3172993e+02	1.6009120e+02	-9.9999998e-03
0	0	7	12	1	E	7.2834723e-02	1.2742866e+02	1.6199603e+02	-1.0000004e-02
0	0	7	12	2	T	9.2354476e-02	1.2969191e+02	1.6009930e+02	-9.9999998e-03
0	0	7	12	2	E	7.4475043e-02	1.2720821e+02	1.6169382e+02	-9.9999998e-03
0	0	7	12	3	T	9.2135131e-02	1.2615914e+02	1.6099704e+02	-1.0000002e-02
0	0	7	12	3	E	7.0362799e-02	1.2730728e+02	1.6096373e+02	-9.9999998e-03
0	0	7	13	0	T	9.8311126e-02	1.3544026e+02	1.5922566e+02	-1.2562701e-02
0	0	7	13	0	E	6.9294684e-02	1.2354241e+02	1.5769991e+02	-9.9999998e-03
0	0	7	13	1	T	9.7147644e-02	1.2615517e+02	1.5920906e+02	-9.9999998e-03
0	0	7	13	1	E	7.9182379e-02	1.2704150e+02	1.5763499e+02	-1.0000005e-02
0	0	7	13	2	T	9.8551452e-02	1.2634470e+02	1.5930214e+02	-9.9999998e-03
0	0	7	13	2	E	8.1654303e-02	1.2468572e+02	1.5786436e+02	-9.9999998e-03
0	0	7	13	3	T	8.0361068e-02	1.2318611e+02	1.5778883e+02	-1.0000001e-02
0	0	7	13	3	E	8.0914252e-02	1.2505222e+02	1.5744592e+02	-9.9999998e-03
0	0	7	14	0	T	8.4067047e-02	1.4438866e+02	1.7360666e+02	-9.9999998e-03
0	0	7	14	0	E	7.4093573e-02	1.3150896e+02	1.6418892e+02	-1.0000044e-02
0	0	7	14	1	T	9.0727508e-02	1.3537895e+02	1.7289964e+02	-9.9999998e-03
0	0	7	14	1	E	7.3940985e-02	1.3024144e+02	1.6416577e+02	-1.0000002e-02
0	0	7	14	2	T	9.1929138e-02	1.3287361e+02	1.7256894e+02	-1.0000002e-02
0	0	7	14	2	E	4.4117682e-02	1.2586149e+02	1.6410867e+02	-1.0000009e-02
0	0	7	14	3	T	9.1774642e-02	1.3467923e+02	1.7278123e+02	-9.9999998e-03
0	0	7	14	3	E	7.4017279e-02	1.2985289e+02	1.6429018e+02	-9.9999998e-03
0	0	7	15	0	T	8.7795913e-02	1.4540114e+02	1.7338087e+02	-1.0000001e-02
0	0	7	15	0	E	6.3160650e-02	1.1902436e+02	1.5940477e+02	-1.0000001e-02
0	0	7	15	1	T	8.9939773e-02	1.3565926e+02	1.7173764e+02	-1.0000002e-02
0	0	7	15	1	E	8.0372564e-02	1.2019003e+02	1.5899590e+02	-1.0000034e-02
0	0	7	15	2	T	9.2138946e-02	1.3473354e+02	1.7143803e+02	-1.0000004e-02
0	0	7	15	2	E	7.0912115e-02	1.1885136e+02	1.5923299e+02	-1.0000001e-02
0	0	7	15	3	T	7.3492706e-02	1.3049725e+02	1.7245052e+02	-9.9999998e-03
0	0	7	15	3	E	6.5899603e-02	1.2028827e+02	1.5874937e+02	-9.9999998e-03
0	0	7	16	0	T	9.2892349e-02	1.3713051e+02	1.6243608e+02	-1.0000001e-02
0	0	7	16	0	E	7.4986212e-02	1.2169276e+02	1.5482904e+02	-1.0000079e-02
0	0	7	16	1	T	9.2814147e-02	1.2766379e+02	1.6261118e+02	-1.0000001e-02
0	0	7	16	1	E	4.7856085e-02	1.1495621e+02	1.5389311e+02	-1.0000001e-02
0	0	7	16	2	T	8.3780944e-02	1.2564616e+02	1.6240918e+02	-9.9999998e-03
0	0	7	16	2	E	7.4948065e-02	1.2047411e+02	1.5406616e+02	-1.0000003e-02
0	0	7	16	3	T	9.2636764e-02	1.2555006e+02	1.6205734e+02	-9.9999998e-03
0	0	7	16	3	E	7.5047247e-02	1.1857358e+02	1.5401532e+02	-1.0000001e-02
0	0	7	17	0	T	8.4141433e-02	1.3651797e+02	1.6945415e+02	-1.0000004e-02
0	0	7	17	0	E	8.0876105e-02	1.2404370e+02	1.5533408e+02	-1.0000001e-02
0	0	7	17	1	T	9.1904342e-02	1.2643169e+02	1.6960214e+02	-9.9999998e-03
0	0	7	17	1	E	8.0631964e-02	1.2420197e+02	1.5520822e+02	-9.9999998e-03
0	0	7	17	2	T	9.9074066e-02	1.2692731e+02	1.6947304e+02	-1.0000002e-02
0	0	7	17	2	E	4.4613592e-02	1.1895818e+02	1.5511853e+02	-1.0000002e-02
0	0	7	17	3	T	7.4572265e-02	1.2017828e+02	1.6897975e+02	-1.0000001e-02
0	0	7	17	3	E	7.9853766e-02	1.2576636e+02	1.5531734e+02	-1.0000003e-02
0	0	7	18	0	T	7.4831665e-02	1.3083765e+02	1.5493834e+02	-1.0000001e-02
0	0	7	18	0	E	7.4475043e-02	1.3814682e+02	1.6748155e+02	-1.0000002e-02
0	0	7	18	1	T	9.3111694e-02	1.2105069e+02	1.5370427e+02	-1.0000004e-02
0	0	7	18	1	E	4.4605963e-02	1.3244569e+02	1.6718121e+02	-1.0000001e-02
0	0	7	18	2	T	9.3054473e-02	1.2187229e+02	1.5390808e+02	-9.9999998e-03
0	0	7	18	2	E	7.0393316e-02	1.3656839e+02	1.6749904e+02	-1.0000003e-02
0	0	7	18	3	T	9.2009246e-02	1.2265594e+02	1.5440387e+02	-1.0000001e-02
0	0	7	18	3	E	5.9025519e-02	1.3352072e+02	1.6742693e+02	-9.9999998e-03
0	0	7	19	0	T	9.2779815e-02	1.2743163e+02	1.4636006e+02	-1.0000008e-02
0	0	7	19	0	E	7.0027106e-02	1.1829607e+02	1.5428717e+02	-1.0000004e-02
0	0	7	19	1	T	9.2964828e-02	1.1707538e+02	1.4585867e+02	-9.9999998e-03
0	0	7	19	1	E	7.4887030e-02	1.1855888e+02	1.5404433e+02	-9.9999998e-03
0	0	7	19	2	T	9.1089904e-02	1.1636359e+02	1.4565511e+02	-1.0000017e-02
0	0	7	19	2	E	7.5108282e-02	1.1906824e+02	1.5322076e+02	-1.0000001e-02
0	0	7	19	3	T	9.3121231e-02	1.1927567e+02	1.4539240e+02	-9.9999998e-03
0	0	7	19	3	E	7.4917547e-02	1.1825308e+02	1.5312158e+02	-1.0000015e-02
0	0	7	20	0	T	7.3031127e-02	1.3012482e+02	1.6223659e+02	-1.0000013e-02
0	0	7	20	0	E	4.8313849e-02	1.2229436e+02	1.6106963e+02	-1.0000001e-02
0	0	7	20	1	T	9.3687713e-02	1.2235793e+02	1.6093434e+02	-1.0000001e-02
0	0	7	20	1	E	8.0982916e-02	1.2616794e+02	1.6019991e+02	-1.0000055e-02
0	0	7	20	2	T	9.9131286e-02	1.2464786e+02	1.6044769e+02	-1.0000004e-02
0	0	7	20	2	E	7.5352423e-02	1.2734818e+02	1.6085744e+02	-9.9999998e-03
0	0	7	20	3	T	9.8955810e-02	1.2436678e+02	1.6012910e+02	-1.0000004e-02
0	0	7	20	3	E	7.5146429e-02	1.2360698e+02	1.5982227e+02	-1.0000020e-02
0	0	7	21	0	T	8.7820709e-02	1.2958817e+02	1.6068509e+02	-1.0000001e-02
0	0	7	21	0	E	8.0281012e-02	1.3004999e+02	1.6137515e+02	-1.0000030e-02
0	0	7	21	1	T	9.7302139e-02	1.2149377e+02	1.5973781e+02	-1.0000003e-02
0	0	7	21	1	E	8.0517523e-02	1.3017050e+02	1.6151848e+02	-1.0000001e-02
0	0	7	21	2	T	8.7038696e-02	1.1671465e+02	1.5964807e+02	-1.0000002e-02
0	0	7	21	2	E	5.9414618e-02	1.2502253e+02	1.6080423e+02	-9.9999998e-03
0	0	7	21	3	T	9.5625579e-02	1.1761716e+02	1.6014740e+02	-9.9999998e-03
0	0	7	21	3	E	8.0441229e-02	1.3039153e+02	1.6117822e+02	-1.0000007e-02
0	0	7	22	0	T	9.9587142e-02	1.3314783e+02	1.6350323e+02	-1.0000001e-02
0	0	7	22	0	E	6.7295782e-02	1.2428323e+02	1.6195695e+02	-1.0000036e-02
0	0	7	22	1	T	7.2716415e-02	1.1903016e+02	1.6306841e+02	-1.0000003e-02
0	0	7	22	1	E	6.9309942e-02	1.2430462e+02	1.6110992e+02	-9.9999998e-03
0	0	7	22	2	T	8.7044418e-02	1.2049502e+02	1.6246777e+02	-9.9999998e-03
0	0	7	22	2	E	8.1196539e-02	1.2649253e+02	1.6090100e+02	-9.9999998e-03
0	0	7	22	3	T	9.7878158e-02	1.2127033e+02	1.6239221e+02	-1.0000006e-02
0	0	7	22	3	E	8.0654852e-02	1.2896906e+02	1.6107869e+02	-1.0000001e-02
0	0	7	23	0	T	7.3988616e-02	1.2366376e+02	1.5749625e+02	-1.0000003e-02
0	0	7	23	0	E	7.3513739e-02	1.2585345e+02	1.6387094e+02	-1.0000002e-02
0	0	7	23	1	T	9.1702163e-02	1.1602162e+02	1.5786214e+02	-9.9999998e-03
0	0	7	23	1	E	5.5104010e-02	1.2258159e+02	1.6324118e+02	-1.0000008e-02
0	0	7	23	2	T	9.2165649e-02	1.1466380e+02	1.5681313e+02	-1.0000002e-02
0	0	7	23	2	E	5.7240240e-02	1.2405322e+02	1.6327016e+02	-1.0000001e-02
0	0	7	23	3	T	9.2262924e-02	1.1643291e+02	1.5687807e+02	-1.0000004e-02
0	0	7	23	3	E	7.4368231e-02	1.2634344e+02	1.6299428e+02	-1.0000025e-02
0	0	7	24	0	T	9.2158020e-02	1.3630391e+02	1.6043843e+02	-1.0000002e-02
0	0	7	24	0	E	7.5039618e-02	1.2225538e+02	1.5778011e+02	-9.9999998e-03
0	0	7	24	1	T	9.2392623e-02	1.2665681e+02	1.5930859e+02	-9.9999998e-03
0	0	7	24	1	E	6.2397711e-02	1.2130355e+02	1.5856329e+02	-1.0000001e-02
0	0	7	24	2	T	9.2531860e-02	1.2634760e+02	1.5873904e+02	-1.0000001e-02
0	0	7	24	2	E	7.4841253e-02	1.2129993e+02	1.5802600e+02	-9.9999998e-03
0	0	7	24	3	T	9.2898071e-02	1.2521905e+02	1.5931207e+02	-1.0000004e-02
0	0	7	24	3	E	7.5154059e-02	1.2153438e+02	1.5810374e+02	-1.0000001e-02
0	0	7	25	0	T	9.0910614e-02	1.3710394e+02	1.6376370e+02	-9.9999998e-03
0	0	7	25	0	E	5.5096380e-02	1.2342080e+02	1.6577766e+02	-9.9999998e-03
0	0	7	25	1	T	6.7885101e-02	1.2250884e+02	1.6280710e+02	-1.0000001e-02
0	0	7	25	1	E	7.5207464e-02	1.2851318e+02	1.6556177e+02	-1.0071833e-02
0	0	7	25	2	T	8.2096756e-02	1.2521037e+02	1.6338118e+02	-9.9999998e-03
0	0	7	25	2	E	6.9386236e-02	1.2596715e+02	1.6536998e+02	-9.9999998e-03
0	0	7	25	3	T	9.2446029e-02	1.2470561e+02	1.6352747e+02	-1.0000007e-02
0	0	7	25	3	E	6.2535040e-02	1.2584945e+02	1.6463274e+02	-9.9999998e-03
0	0	7	26	0	T	5.6648910e-02	1.2031509e+02	1.5706496e+02	-1.0000002e-02
0	0	7	26	0	E	4.4155829e-02	1.1834073e+02	1.5782201e+02	-9.9999998e-03
0	0	7	26	1	T	8.0387771e-02	1.1406819e+02	1.5700943e+02	-9.9999998e-03
0	0	7	26	1	E	6.2603705e-02	1.1945160e+02	1.5787354e+02	-9.9999998e-03
0	0	7	26	2	T	7.9994857e-02	1.1345855e+02	1.5723506e+02	-1.0000001e-02
0	0	7	26	2	E	6.2985174e-02	1.2026817e+02	1.5714474e+02	-1.0000001e-02
0	0	7	26	3	T	5.6303680e-02	1.1116529e+02	1.5663048e+02	-9.9999998e-03
0	0	7	26	3	E	6.8173163e-02	1.1911453e+02	1.5766656e+02	-9.9999998e-03
0	0	7	27	0	T	9.0655029e-02	1.3295930e+02	1.6461490e+02	-1.0000001e-02
0	0	7	27	0	E	7.4490301e-02	1.3052516e+02	1.6307774e+02	-1.0000009e-02
0	0	7	27	1	T	9.2377365e-02	1.2396630e+02	1.6431149e+02	-1.0000004e-02
0	0	7	27	1	E	7.4993841e-02	1.3296584e+02	1.6311531e+02	-1.0000003e-02
0	0	7	27	2	T	9.1051757e-02	1.2714390e+02	1.6366505e+02	-1.0000003e-02
0	0	7	27	2	E	7.4238531e-02	1.3258414e+02	1.6269409e+02	-9.9999998e-03
0	0	7	27	3	T	9.0893447e-02	1.2526358e+02	1.6359970e+02	-9.9999998e-03
0	0	7	27	3	E	7.4574225e-02	1.3256744e+02	1.6252896e+02	-9.9999998e-03
0	0	7	28	0	T	9.2039764e-02	1.2681782e+02	1.5577255e+02	-9.9999998e-03
0	0	7	28	0	E	7.4894659e-02	1.3104208e+02	1.6286938e+02	-1.0000001e-02
0	0	7	28	1	T	9.3083084e-02	1.1826321e+02	1.5458931e+02	-1.0000001e-02
0	0	7	28	1	E	7.4871771e-02	1.3073711e+02	1.6206908e+02	-1.0000002e-02
0	0	7	28	2	T	9.1852844e-02	1.1872591e+02	1.5493324e+02	-1.0000001e-02
0	0	7	28	2	E	7.5566046e-02	1.2650689e+02	1.6710081e+02	-2.6200049e+00
0	0	7	28	3	T	9.3453109e-02	1.1840958e+02	1.5520436e+02	-9.9999998e-03
0	0	7	28	3	E	7.3597662e-02	1.2780054e+02	1.6276251e+02	-9.9999998e-03
0	0	7	29	0	T	9.1480911e-02	1.3582301e+02	1.6185367e+02	-1.0000001e-02
0	0	7	29	0	E	6.2115423e-02	1.2347083e+02	1.5637180e+02	-9.9999998e-03
0	0	7	29	1	T	9.0542495e-02	1.2699465e+02	1.6153519e+02	-9.9999998e-03
0	0	7	29	1	E	7.3315375e-02	1.2289159e+02	1.5633015e+02	-1.0000015e-02
0	0	7	29	2	T	9.2018783e-02	1.2731160e+02	1.6076413e+02	-9.9999998e-03
0	0	7	29	2	E	7.3864691e-02	1.2418531e+02	1.5590681e+02	-9.9999998e-03
0	0	7	29	3	T	7.2468460e-02	1.2379868e+02	1.6164034e+02	-9.9999998e-03
0	0	7	29	3	E	5.2082770e-02	1.1899461e+02	1.5690097e+02	-9.9999998e-03
0	0	7	30	0	T	9.1976821e-02	1.4507047e+02	1.6851299e+02	-9.9999998e-03
0	0	7	30	0	E	7.2361700e-02	1.3090819e+02	1.6457661e+02	-1.0000044e-02
0	0	7	30	1	T	9.2560470e-02	1.3566365e+02	1.6754503e+02	-1.0000001e-02
0	0	7	30	1	E	7.3757879e-02	1.2961440e+02	1.6488884e+02	-1.0000001e-02
0	0	7	30	2	T	9.2316329e-02	1.3247429e+02	1.6804680e+02	-9.9999998e-03
0	0	7	30	2	E	4.9061529e-02	1.2618938e+02	1.6445512e+02	-1.0000001e-02
0	0	7	30	3	T	9.0475738e-02	1.3341498e+02	1.6792685e+02	-9.9999998e-03
0	0	7	30	3	E	7.4124090e-02	1.2752637e+02	1.6447128e+02	-1.0000037e-02
0	0	7	31	0	T	7.5852096e-02	1.3845160e+02	1.6447552e+02	-9.9999998e-03
0	0	7	31	0	E	4.4346564e-02	1.1820010e+02	1.6023930e+02	-1.0000001e-02
0	0	7	31	1	T	9.0712249e-02	1.2927731e+02	1.6409920e+02	-9.9999998e-03
0	0	7	31	1	E	5.3677313e-02	1.2177122e+02	1.5933945e+02	-1.0000006e-02
0	0	7	31	2	T	9.1452301e-02	1.2842986e+02	1.6432419e+02	-9.9999998e-03
0	0	7	31	2	E	7.4162237e-02	1.2310616e+02	1.5930995e+02	-1.0000012e-02
0	0	7	31	3	T	9.1673553e-02	1.2872224e+02	1.6409186e+02	-9.9999998e-03
0	0	7	31	3	E	7.4078314e-02	1.2235432e+02	1.5970180e+02	-9.9999998e-03
0	0	7	32	0	T	9.1763198e-02	1.4011664e+02	1.6213304e+02	-1.0000014e-02
0	0	7	32	0	E	7.4467413e-02	1.2729665e+02	1.5980370e+02	-1.0000002e-02
0	0	7	32	1	T	9.0885818e-02	1.2813170e+02	1.6228793e+02	-1.0000008e-02
0	0	7	32	1	E	7.4162237e-02	1.2599419e+02	1.6009555e+02	-1.0000001e-02
0	0	7	32	2	T	9.2394531e-02	1.2986479e+02	1.6153366e+02	-9.9999998e-03
0	0	7	32	2	E	5.2799933e-02	1.2215379e+02	1.5901057e+02	-1.0000001e-02
0	0	7	32	3	T	9.0960205e-02	1.2647884e+02	1.6251387e+02	-9.9999998e-03
0	0	7	32	3	E	7.4703924e-02	1.2711881e+02	1.5913791e+02	-1.0000005e-02
0	0	7	33	0	T	9.8433197e-02	1.2867567e+02	1.5869728e+02	-9.9999998e-03
0	0	7	33	0	E	7.4558966e-02	1.2397072e+02	1.5664386e+02	-1.0000031e-02
0	0	7	33	1	T	8.1978500e-02	1.1734779e+02	1.5807597e+02	-1.0000002e-02
0	0	7	33	1	E	7.4635260e-02	1.2264689e+02	1.5724307e+02	-1.0000027e-02
0	0	7	33	2	T	9.8007858e-02	1.1880148e+02	1.5810971e+02	-9.9999998e-03
0	0	7	33	2	E	7.4581854e-02	1.2152899e+02	1.5594383e+02	-1.0000001e-02
0	0	7	33	3	T	9.5902145e-02	1.1909547e+02	1.5776843e+02	-9.9999998e-03
0	0	7	33	3	E	7.3048346e-02	1.2275047e+02	1.5582999e+02	-1.0000025e-02
0	0	7	34	0	T	-5.3418458e-02	1.3080034e+02	1.5261919e+02	-1.0000004e-02
0	0	7	34	0	E	-2.3455866e-02	1.2246041e+02	1.5495850e+02	-9.9999998e-03
0	0	7	34	1	T	-5.2701294e-02	1.2212724e+02	1.5159505e+02	-9.9999998e-03
0	0	7	34	1	E	-2.2853144e-02	1.2330112e+02	1.5524240e+02	-9.9999998e-03
0	0	7	34	2	T	-5.3101838e-02	1.2473119e+02	1.5189850e+02	-1.0000005e-02
0	0	7	34	2	E	-2.8605707e-02	1.1910736e+02	1.5529233e+02	-1.0000001e-02
0	0	7	34	3	T	-5.3521454e-02	1.2081630e+02	1.5218468e+02	-9.9999998e-03
0	0	7	34	3	E	-2.2044428e-02	1.1907981e+02	1.5581580e+02	-1.0000002e-02
0	0	7	35	0	T	-5.4318726e-02	1.3558910e+02	1.6329691e+02	-1.0000001e-02
0	0	7	35	0	E	-5.1104791e-02	1.2374909e+02	1.5832947e+02	-1.0000005e-02
0	0	7	35	1	T	-5.4910004e-02	1.2775407e+02	1.6261993e+02	-1.0000001e-02
0	0	7	35	1	E	-3.4602411e-02	1.2623730e+02	1.5773201e+02	-9.9999998e-03
0	0	7	35	2	T	-5.3883851e-02	1.2386995e+02	1.6317769e+02	-1.0000003e-02
0	0	7	35	2	E	-3.6319025e-02	1.2510134e+02	1.5745959e+02	-1.0000001e-02
0	0	7	35	3	T	-5.4370224e-02	1.2685412e+02	1.6288503e+02	-9.9999998e-03
0	0	7	35	3	E	-2.9124506e-02	1.2515773e+02	1.5813127e+02	-1.0000001e-02
0	0	7	36	0	T	-5.3641617e-02	1.3471115e+02	1.5760205e+02	-9.9999998e-03
0	0	7	36	0	E	-5.3256281e-02	1.2153084e+02	1.5944441e+02	-9.9999998e-03
0	0	7	36	1	T	-5.2987397e-02	1.2820291e+02	1.5792667e+02	-9.9999998e-03
0	0	7	36	1	E	-4.0278681e-02	1.2104773e+02	1.5886667e+02	-1.0000001e-02
0	0	7	36	2	T	-5.3433716e-02	1.2695785e+02	1.5687563e+02	-1.0000011e-02
0	0	7	36	2	E	-4.0087946e-02	1.2144932e+02	1.5943312e+02	-9.9999998e-03
0	0	7	36	3	T	-5.4730713e-02	1.2487390e+02	1.5739458e+02	-9.9999998e-03
0	0	7	36	3	E	-4.0339716e-02	1.2012706e+02	1.5886891e+02	-9.9999998e-03
0	0	7	37	0	T	-5.3464234e-02	1.2568166e+02	1.5927278e+02	-9.9999998e-03
0	0	7	37	0	E	-2.9773004e-02	1.2870372e+02	1.5527089e+02	-9.9999998e-03
0	0	7	37	1	T	-5.3141892e-02	1.1694223e+02	1.5830476e+02	-1.0000019e-02
0	0	7	37	1	E	-2.2814997e-02	1.3231973e+02	1.5508165e+02	-1.0000056e-02
0	0	7	37	2	T	-5.3660691e-02	1.1705312e+02	1.5842175e+02	-1.0000001e-02
0	0	7	37	2	E	-2.2349603e-02	1.3011172e+02	1.5462840e+02	-1.0000003e-02
0	0	7	37	3	T	-5.3866684e-02	1.1657841e+02	1.5825127e+02	-9.9999998e-03
0	0	7	37	3	E	-2.2509821e-02	1.3136601e+02	1.5486417e+02	-9.9999998e-03
0	0	7	38	0	T	-7.1177781e-02	1.3085120e+02	1.5870229e+02	-1.0000001e-02
0	0	7	38	0	E	-5.7856806e-02	1.2610320e+02	1.6095966e+02	-1.0000005e-02
0	0	7	38	1	T	-5.3105652e-02	1.2407771e+02	1.5845552e+02	-1.0000004e-02
0	0	7	38	1	E	-4.5100458e-02	1.2705984e+02	1.6122556e+02	-1.0000001e-02
0	0	7	38	2	T	-6.0006440e-02	1.2393389e+02	1.5806441e+02	-1.0000012e-02
0	0	7	38	2	E	-5.2417047e-02	1.2492549e+02	1.6074312e+02	-1.0000001e-02
0	0	7	38	3	T	-7.0121109e-02	1.1777133e+02	1.5764810e+02	-1.0000003e-02
0	0	7	38	3	E	-4.0545709e-02	1.2578233e+02	1.6132312e+02	-1.0000003e-02
0	0	7	39	0	T	-6.5049469e-02	1.3388412e+02	1.5587953e+02	-1.0000004e-02
0	0	7	39	0	E	-6.4486749e-02	1.2381387e+02	1.6269733e+02	-1.0000001e-02
0	0	7	39	1	T	-6.5232575e-02	1.2604242e+02	1.5586723e+02	-9.9999998e-03
0	0	7	39	1	E	-4.0133722e-02	1.2655708e+02	1.6292796e+02	-9.9999998e-03
0	0	7	39	2	T	-7.0361435e-02	1.2505455e+02	1.5520473e+02	-1.0000001e-02
0	0	7	39	2	E	-4.0179498e-02	1.2642362e+02	1.6216154e+02	-9.9999998e-03
0	0	7	39	3	T	-6.5167725e-02	1.2309177e+02	1.5559445e+02	-1.0000004e-02
0	0	7	39	3	E	-5.8123834e-02	1.2304174e+02	1.6311160e+02	-1.0000027e-02
0	0	7	40	0	T	-6.6218674e-02	1.3690225e+02	1.6404167e+02	-9.9999998e-03
0	0	7	40	0	E	-3.4877069e-02	1.2246201e+02	1.5711563e+02	-1.0000004e-02
0	0	7	40	1	T	-6.6506684e-02	1.2847884e+02	1.6374071e+02	-9.9999998e-03
0	0	7	40	1	E	-3.5228021e-02	1.2224902e+02	1.5712993e+02	-1.0000032e-02
0	0	7	40	2	T	-7.7578843e-02	1.2379479e+02	1.6379961e+02	-9.9999998e-03
0	0	7	40	2	E	-4.0934809e-02	1.1946450e+02	1.5687469e+02	-1.0000022e-02
0	0	7	40	3	T	-6.6014588e-02	1.2675218e+02	1.6364470e+02	-1.0000001e-02
0	0	7	40	3	E	-3.4365900e-02	1.2286165e+02	1.5698164e+02	-1.0000039e-02
0	0	7	41	0	T	-5.3321183e-02	1.3346942e+02	1.5711491e+02	-9.9999998e-03
0	0	7	41	0	E	-2.8605707e-02	1.2569524e+02	1.5983777e+02	-1.0000002e-02
0	0	7	41	1	T	-5.3099930e-02	1.2470365e+02	1.5696613e+02	-1.0000003e-02
0	0	7	41	1	E	-2.9071100e-02	1.2483280e+02	1.5920117e+02	-9.9999998e-03
0	0	7	41	2	T	-5.3792298e-02	1.2142465e+02	1.5720674e+02	-1.0000001e-02
0	0	7	41	2	E	-3.3572443e-02	1.2389818e+02	1.5891255e+02	-9.9999998e-03
0	0	7	41	3	T	-5.3723633e-02	1.2304404e+02	1.5708823e+02	-9.9999998e-03
0	0	7	41	3	E	-2.8300531e-02	1.2603655e+02	1.5884369e+02	-9.9999998e-03
0	0	7	42	0	T	-6.5940201e-02	1.2840533e+02	1.5685327e+02	-9.9999998e-03
0	0	7	42	0	E	-4.1262873e-02	1.2269994e+02	1.5516109e+02	-9.9999998e-03
0	0	7	42	1	T	-6.5791428e-02	1.1778549e+02	1.5546404e+02	-9.9999998e-03
0	0	7	42	1	E	-4.0827997e-02	1.2334357e+02	1.5472852e+02	-1.0000017e-02
0	0	7	42	2	T	-6.6205323e-02	1.1711761e+02	1.5623291e+02	-9.9999998e-03
0	0	7	42	2	E	-4.0606745e-02	1.2417187e+02	1.5414926e+02	-1.0000021e-02
0	0	7	42	3	T	-6.5741837e-02	1.1781081e+02	1.5637833e+02	-9.9999998e-03
0	0	7	42	3	E	-4.0728815e-02	1.2205470e+02	1.5475673e+02	-1.0000002e-02
0	0	7	43	0	T	-7.0979416e-02	1.3445973e+02	1.5508650e+02	-9.9999998e-03
0	0	7	43	0	E	-5.4507501e-02	1.2915784e+02	1.6585422e+02	-9.9999998e-03
0	0	7	43	1	T	-6.1404526e-02	1.2646268e+02	1.5538676e+02	-9.9999998e-03
0	0	7	43	1	E	-4.3139704e-02	1.3067485e+02	1.6584372e+02	-1.0000022e-02
0	0	7	43	2	T	-7.1074784e-02	1.2296725e+02	1.5496568e+02	-9.9999998e-03
0	0	7	43	2	E	-4.1789301e-02	1.2939090e+02	1.6465120e+02	-1.0000008e-02
0	0	7	43	3	T	-6.5110505e-02	1.2480011e+02	1.5524158e+02	-1.0000004e-02
0	0	7	43	3	E	-4.0217645e-02	1.3271880e+02	1.6615047e+02	-9.9999998e-03
0	0	7	44	0	T	-5.3319275e-02	1.3035590e+02	1.5225682e+02	-9.9999998e-03
0	0	7	44	0	E	-4.0156610e-02	1.2388961e+02	1.6004393e+02	-1.0000013e-02
0	0	7	44	1	T	-5.3262055e-02	1.1992792e+02	1.5268947e+02	-1.0000001e-02
0	0	7	44	1	E	-4.1590936e-02	1.2343443e+02	1.6008794e+02	-1.0000009e-02
0	0	7	44	2	T	-7.1296036e-02	1.1751041e+02	1.5193494e+02	-9.9999998e-03
0	0	7	44	2	E	-3.9973505e-02	1.2353826e+02	1.5927917e+02	-9.9999998e-03
0	0	7	44	3	T	-5.6126893e-02	1.2037614e+02	1.5210902e+02	-1.0000001e-02
0	0	7	44	3	E	-4.0721186e-02	1.2380441e+02	1.5878825e+02	-1.0000001e-02
0	0	7	45	0	T	-6.1820328e-02	1.3465686e+02	1.5720515e+02	-1.0000008e-02
0	0	7	45	0	E	-4.0347345e-02	1.3323944e+02	1.6782089e+02	-9.9999998e-03
0	0	7	45	1	T	-7.5097382e-02	1.2184081e+02	1.5716719e+02	-1.0000001e-02
0	0	7	45	1	E	-4.0568598e-02	1.3129858e+02	1.6726402e+02	-9.9999998e-03
0	0	7	45	2	T	-7.6550782e-02	1.2052350e+02	1.5759300e+02	-9.9999998e-03
0	0	7	45	2	E	-4.1110285e-02	1.2833923e+02	1.6713583e+02	-9.9999998e-03
0	0	7	45	3	T	-5.9073746e-02	1.2293018e+02	1.5698279e+02	-9.9999998e-03
0	0	7	45	3	E	-4.0477045e-02	1.2884077e+02	1.6681358e+02	-1.0004488e-02
0	0	7	46	0	T	-7.6894104e-02	1.2943642e+02	1.5905869e+02	-9.9999998e-03
0	0	7	46	0	E	-4.2231806e-02	1.1690562e+02	1.5461700e+02	-1.0000001e-02
0	0	7	46	1	T	-7.3951066e-02	1.2145079e+02	1.5939511e+02	-9.9999998e-03
0	0	7	46	1	E	-2.8590448e-02	1.1984943e+02	1.5442450e+02	-9.9999998e-03
0	0	7	46	2	T	-7.1397126e-02	1.1970097e+02	1.5949886e+02	-1.0000004e-02
0	0	7	46	2	E	-2.7812250e-02	1.1716465e+02	1.5410838e+02	-9.9999998e-03
0	0	7	46	3	T	-7.7065766e-02	1.1746593e+02	1.5979788e+02	-9.9999998e-03
0	0	7	46	3	E	-5.1715143e-02	1.1370431e+02	1.5424985e+02	-9.9999998e-03
0	0	7	47	0	T	-6.0002625e-02	1.2660675e+02	1.5672725e+02	-9.9999998e-03
0	0	7	47	0	E	-2.9528864e-02	1.3041225e+02	1.6432741e+02	-1.0000002e-02
0	0	7	47	1	T	-5.3954422e-02	1.1932372e+02	1.5614096e+02	-9.9999998e-03
0	0	7	47	1	E	-2.8468378e-02	1.2931665e+02	1.6411650e+02	-1.0000021e-02
0	0	7	47	2	T	-5.3319275e-02	1.1716769e+02	1.5651784e+02	-1.0000009e-02
0	0	7	47	2	E	-2.8498895e-02	1.2834174e+02	1.6402501e+02	-1.0000002e-02
0	0	7	47	3	T	-5.3817093e-02	1.1720060e+02	1.5628366e+02	-9.9999998e-03
0	0	7	47	3	E	-3.0970819e-02	1.2927591e+02	1.6465866e+02	-1.0000008e-02
0	0	7	48	0	T	-5.3168595e-02	1.3775081e+02	1.6079463e+02	-9.9999998e-03
0	0	7	48	0	E	-5.2935846e-02	1.2375566e+02	1.5798730e+02	-9.9999998e-03
0	0	7	48	1	T	-6.9140732e-02	1.2602499e+02	1.6078494e+02	-9.9999998e-03
0	0	7	48	1	E	-3.7486322e-02	1.2801768e+02	1.5811967e+02	-1.0000002e-02
0	0	7	48	2	T	-5.4013550e-02	1.2812943e+02	1.6091573e+02	-1.0000002e-02
0	0	7	48	2	E	-2.5012262e-02	1.2542234e+02	1.5798155e+02	-1.0000001e-02
0	0	7	48	3	T	-5.3893387e-02	1.2545542e+02	1.6077524e+02	-9.9999998e-03
0	0	7	48	3	E	-2.2387750e-02	1.2751105e+02	1.5795918e+02	-9.9999998e-03
0	0	7	49	0	T	-5.3054154e-02	1.3347412e+02	1.5441307e+02	-1.0000002e-02
0	0	7	49	0	E	-4.0583856e-02	1.3029198e+02	1.6015668e+02	-1.0000005e-02
0	0	7	49	1	T	-5.4778397e-02	1.2332789e+02	1.5444525e+02	-9.9999998e-03
0	0	7	49	1	E	-4.0972956e-02	1.3331909e+02	1.6019682e+02	-1.0000001e-02
0	0	7	49	2	T	-5.3088486e-02	1.2472407e+02	1.5417706e+02	-9.9999998e-03
0	0	7	49	2	E	-4.1796930e-02	1.2865576e+02	1.6113873e+02	-1.0000001e-02
0	0	7	49	3	T	-5.2792847e-02	1.2566888e+02	1.5447528e+02	-9.9999998e-03
0	0	7	49	3	E	-4.0835626e-02	1.3022453e+02	1.6134882e+02	-9.9999998e-03
0	0	7	50	0	T	-5.4574311e-02	1.3783983e+02	1.5814359e+02	-9.9999998e-03
0	0	7	50	0	E	-4.4696100e-02	1.2854097e+02	1.5646027e+02	-1.0000001e-02
0	0	7	50	1	T	-5.3479493e-02	1.2754943e+02	1.5829164e+02	-1.0000002e-02
0	0	7	50	1	E	-4.0210016e-02	1.2689558e+02	1.5553421e+02	-1.0000002e-02
0	0	7	50	2	T	-5.3059876e-02	1.2795608e+02	1.5777927e+02	-1.0000005e-02
0	0	7	50	2	E	-4.0293939e-02	1.2651671e+02	1.5623933e+02	-9.9999998e-03
0	0	7	50	3	T	-5.3292572e-02	1.2527722e+02	1.5862303e+02	-9.9999998e-03
0	0	7	50	3	E	-4.0225275e-02	1.2616419e+02	1.5629300e+02	-1.0000001e-02
0	0	7	51	0	T	-1.8050128e-01	1.3629222e+02	1.6722005e+02	-1.0000013e-02
0	0	7	51	0	E	-1.1382604e-01	1.2307591e+02	1.5680742e+02	-9.9999998e-03
0	0	7	51	1	T	-1.8018466e-01	1.2866206e+02	1.6691165e+02	-9.9999998e-03
0	0	7	51	1	E	-1.3433385e-01	1.1789122e+02	1.5726570e+02	-9.9999998e-03
0	0	7	51	2	T	-1.8061572e-01	1.2632274e+02	1.6718890e+02	-1.0000008e-02
0	0	7	51	2	E	-1.2669683e-01	1.2083578e+02	1.5673291e+02	-9.9999998e-03
0	0	7	51	3	T	-1.8063861e-01	1.2666575e+02	1.6701657e+02	-1.0000017e-02
0	0	7	51	3	E	-1.1394811e-01	1.2059196e+02	1.5702058e+02	-1.0000021e-02
0	0	7	52	0	T	-1.8021899e-01	1.4445232e+02	1.6644461e+02	-1.0000028e-02
0	0	7	52	0	E	-1.2340093e-01	1.2092558e+02	1.5915085e+02	-9.9999998e-03
0	0	7	52	1	T	-1.7457706e-01	1.3470602e+02	1.6736305e+02	-1.0000032e-02
0	0	7	52	1	E	-1.3585973e-01	1.1821206e+02	1.5905179e+02	-1.0000003e-02
0	0	7	52	2	T	-1.6849262e-01	1.3720235e+02	1.6658377e+02	-1.0000046e-02
0	0	7	52	2	E	-1.2002111e-01	1.2069588e+02	1.5848181e+02	-1.0000004e-02
0	0	7	52	3	T	-1.6853839e-01	1.3500233e+02	1.6729073e+02	-1.0000043e-02
0	0	7	52	3	E	-1.1925054e-01	1.1888263e+02	1.5858507e+02	-9.9999998e-03
0	0	7	53	0	T	-8.9661896e-02	1.4085330e+02	1.5918105e+02	-9.9999998e-03
0	0	7	53	0	E	-4.6580561e-02	1.2803525e+02	1.5732281e+02	-1.0000013e-02
0	0	7	53	1	T	-9.0058625e-02	1.2910010e+02	1.5993660e+02	-9.9999998e-03
0	0	7	53	1	E	-4.7503717e-02	1.2413258e+02	1.5749652e+02	-9.9999998e-03
0	0	7	53	2	T	-9.5811188e-02	1.2603184e+02	1.5930150e+02	-1.0000004e-02
0	0	7	53	2	E	-6.5226801e-02	1.2368606e+02	1.5636014e+02	-1.0000001e-02
0	0	7	53	3	T	-1.0754138e-01	1.2636114e+02	1.5967128e+02	-9.9999998e-03
0	0	7	53	3	E	-4.8465021e-02	1.2509534e+02	1.5665637e+02	-9.9999998e-03
0	0	7	54	0	T	-9.6206009e-02	1.3975949e+02	1.6423032e+02	-1.0000015e-02
0	0	7	54	0	E	-8.2881220e-02	1.1888889e+02	1.5516599e+02	-1.0000007e-02
0	0	7	54	1	T	-9.5940888e-02	1.2728847e+02	1.6485101e+02	-9.9999998e-03
0	0	7	54	1	E	-7.0903070e-02	1.2177116e+02	1.5378049e+02	-9.9999998e-03
0	0	7	54	2	T	-9.5763505e-02	1.2608430e+02	1.6424857e+02	-9.9999998e-03
0	0	7	54	2	E	-5.8390863e-02	1.2036972e+02	1.5343044e+02	-9.9999998e-03
0	0	7	54	3	T	-9.5479310e-02	1.2567406e+02	1.6405756e+02	-9.9999998e-03
0	0	7	54	3	E	-5.8665521e-02	1.1962379e+02	1.5430627e+02	-9.9999998e-03
0	0	7	55	0	T	-1.0796481e-01	1.2359010e+02	1.5446371e+02	-1.0000001e-02
0	0	7	55	0	E	-4.6717890e-02	1.2220894e+02	1.5235446e+02	-1.0427239e-02
0	0	7	55	1	T	-1.0757190e-01	1.1641083e+02	1.5370621e+02	-1.0000001e-02
0	0	7	55	1	E	-4.7686823e-02	1.2198851e+02	1.5195383e+02	-1.0000019e-02
0	0	7	55	2	T	-1.0779315e-01	1.1515016e+02	1.5327199e+02	-1.0000001e-02
0	0	7	55	2	E	-4.8991449e-02	1.2255715e+02	1.5159099e+02	-1.0000006e-02
0	0	7	55	3	T	-1.0786372e-01	1.1534627e+02	1.5635789e+02	-1.2272475e+00
0	0	7	55	3	E	-5.0410517e-02	1.1783679e+02	1.5321324e+02	-9.9999998e-03
0	0	7	56	0	T	-1.0804683e-01	1.3944304e+02	1.6007539e+02	-1.0000020e-02
0	0	7	56	0	E	-7.1666010e-02	1.2402541e+02	1.5681403e+02	-1.0000009e-02
0	0	7	56	1	T	-1.2269908e-01	1.2549345e+02	1.6026854e+02	-1.0000001e-02
0	0	7	56	1	E	-7.4366815e-02	1.2317853e+02	1.5626334e+02	-9.9999998e-03
0	0	7	56	2	T	-1.3173229e-01	1.2261237e+02	1.6043933e+02	-9.9999998e-03
0	0	7	56	2	E	-7.1070917e-02	1.2467091e+02	1.5565219e+02	-1.0000002e-02
0	0	7	56	3	T	-1.1416370e-01	1.2793404e+02	1.5972801e+02	-1.0000029e-02
0	0	7	56	3	E	-7.2833307e-02	1.2522710e+02	1.5620451e+02	-1.0000001e-02
0	0	7	57	0	T	-1.3184100e-01	1.4045448e+02	1.6730763e+02	-9.9999998e-03
0	0	7	57	0	E	-7.0880182e-02	1.3267239e+02	1.6699492e+02	-1.0000004e-02
0	0	7	57	1	T	-1.2062198e-01	1.3403781e+02	1.6734787e+02	-1.0000004e-02
0	0	7	57	1	E	-9.0464838e-02	1.2798829e+02	1.6671515e+02	-1.0000003e-02
0	0	7	57	2	T	-1.2034351e-01	1.3267351e+02	1.6770761e+02	-9.9999998e-03
0	0	7	57	2	E	-7.7258356e-02	1.3002553e+02	1.6639299e+02	-1.0000004e-02
0	0	7	57	3	T	-1.3251239e-01	1.2938522e+02	1.6757124e+02	-9.9999998e-03
0	0	7	57	3	E	-7.6731928e-02	1.3291771e+02	1.6601462e+02	-1.0000011e-02
0	0	7	58	0	T	-1.0711032e-01	1.3342273e+02	1.6217497e+02	-1.0000013e-02
0	0	7	58	0	E	-7.1162470e-02	1.3021916e+02	1.6395090e+02	-9.9999998e-03
0	0	7	58	1	T	-9.5410645e-02	1.2224687e+02	1.6123106e+02	-1.0000001e-02
0	0	7	58	1	E	-8.4697016e-02	1.3165997e+02	1.6310588e+02	-9.9999998e-03
0	0	7	58	2	T	-9.5395386e-02	1.2262988e+02	1.6148949e+02	-1.0000004e-02
0	0	7	58	2	E	-8.9038141e-02	1.2825525e+02	1.6389488e+02	-1.0000001e-02
0	0	7	58	3	T	-9.6202195e-02	1.2309335e+02	1.6052052e+02	-9.9999998e-03
0	0	7	58	3	E	-6.5066583e-02	1.3225725e+02	1.6422873e+02	-1.0000001e-02
0	0	7	59	0	T	-1.0124141e-01	1.2850148e+02	1.5158418e+02	-1.0000001e-02
0	0	7	59	0	E	-7.0529230e-02	1.3145290e+02	1.6323148e+02	-1.0000033e-02
0	0	7	59	1	T	-1.1898738e-01	1.1793996e+02	1.5152028e+02	-1.0000007e-02
0	0	7	59	1	E	-7.0719965e-02	1.3024170e+02	1.6283508e+02	-1.0000001e-02
0	0	7	59	2	T	-1.0089046e-01	1.1809878e+02	1.5092944e+02	-1.0000002e-02
0	0	7	59	2	E	-7.0552118e-02	1.2940178e+02	1.6208641e+02	-9.9999998e-03
0	0	7	59	3	T	-1.0114032e-01	1.1956100e+02	1.5130930e+02	-1.0000002e-02
0	0	7	59	3	E	-7.0727594e-02	1.2771588e+02	1.6307117e+02	-9.9999998e-03
0	0	7	60	0	T	-8.9042008e-02	1.3265225e+02	1.5520955e+02	-9.9999998e-03
0	0	7	60	0	E	-5.8421381e-02	1.2775714e+02	1.6117125e+02	-1.0000001e-02
0	0	7	60	1	T	-8.3577454e-02	1.2372825e+02	1.5626703e+02	-1.0000002e-02
0	0	7	60	1	E	-5.4469354e-02	1.2774839e+02	1.6087866e+02	-9.9999998e-03
0	0	7	60	2	T	-9.0628922e-02	1.2240703e+02	1.5655721e+02	-9.9999998e-03
0	0	7	60	2	E	-5.6468256e-02	1.2596513e+02	1.6113399e+02	-9.9999998e-03
0	0	7	60	3	T	-8.3651841e-02	1.2442616e+02	1.5553751e+02	-9.9999998e-03
0	0	7	60	3	E	-5.3370722e-02	1.2535795e+02	1.6080243e+02	-9.9999998e-03
0	0	7	61	0	T	-6.4894974e-02	1.4365759e+02	1.6263686e+02	-1.0000001e-02
0	0	7	61	0	E	-4.6687372e-02	1.3041515e+02	1.6415063e+02	-1.0000001e-02
0	0	7	61	1	T	-6.5961182e-02	1.3385120e+02	1.6162068e+02	-1.0000004e-02
0	0	7	61	1	E	-4.8762567e-02	1.2868848e+02	1.6246307e+02	-9.9999998e-03
0	0	7	61	2	T	-8.3386719e-02	1.2744519e+02	1.6116466e+02	-1.0000001e-02
0	0	7	61	2	E	-4.7816522e-02	1.2768984e+02	1.6276895e+02	-1.0000027e-02
0	0	7	61	3	T	-6.5064728e-02	1.3037326e+02	1.6179692e+02	-9.9999998e-03
0	0	7	61	3	E	-4.8075922e-02	1.2805365e+02	1.6250406e+02	-1.0000001e-02
0	0	7	62	0	T	-6.5135300e-02	1.3689786e+02	1.5682904e+02	-9.9999998e-03
0	0	7	62	0	E	-4.7000177e-02	1.2690416e+02	1.5789775e+02	-9.9999998e-03
0	0	7	62	1	T	-6.4879715e-02	1.2511826e+02	1.5690073e+02	-9.9999998e-03
0	0	7	62	1	E	-5.5567987e-02	1.2678059e+02	1.5770941e+02	-9.9999998e-03
0	0	7	62	2	T	-8.3009064e-02	1.2095269e+02	1.5653151e+02	-9.9999998e-03
0	0	7	62	2	E	-4.6145685e-02	1.2730702e+02	1.5675734e+02	-9.9999998e-03
0	0	7	62	3	T	-6.4820588e-02	1.2301429e+02	1.5708752e+02	-1.0000001e-02
0	0	7	62	3	E	-4.6458490e-02	1.2523414e+02	1.5712576e+02	-1.0000001e-02
0	0	7	63	0	T	-6.5652192e-02	1.3052167e+02	1.5265518e+02	-9.9999998e-03
0	0	7	63	0	E	-4.7023065e-02	1.1643603e+02	1.4823978e+02	-1.0000001e-02
0	0	7	63	1	T	-6.4786255e-02	1.2201151e+02	1.5248094e+02	-1.0000022e-02
0	0	7	63	1	E	-4.6023615e-02	1.1655252e+02	1.4818410e+02	-1.0000001e-02
0	0	7	63	2	T	-8.2742035e-02	1.1704473e+02	1.5306476e+02	-1.0000001e-02
0	0	7	63	2	E	-4.6092279e-02	1.1486166e+02	1.4830870e+02	-9.9999998e-03
0	0	7	63	3	T	-6.7162812e-02	1.1860588e+02	1.5303825e+02	-1.0000001e-02
0	0	7	63	3	E	-4.5764215e-02	1.1581994e+02	1.4773912e+02	-9.9999998e-03
